{"episode_reward_max": 268.6565656565653, "episode_reward_min": 186.9999999999997, "episode_reward_mean": 225.41089466089443, "episode_len_mean": 919.25, "episodes_this_iter": 0, "num_healthy_workers": 7, "timesteps_total": 33600, "episodes_total": 28, "training_iteration": 6, "timestamp": 1601916556, "time_this_iter_s": 102.2929995059967, "time_total_s": 612.5619382858276, "time_since_restore": 612.5619382858276, "timesteps_since_restore": 0, "iterations_since_restore": 6, "timers/sample_time_ms": 2272.692, "timers/sample_throughput": 2464.039, "timers/learn_time_ms": 99768.387, "timers/learn_throughput": 56.13, "timers/update_time_ms": 9.269, "info/num_steps_sampled": 33600, "info/num_steps_trained": 33600, "perf/cpu_util_percent": 17.76474820143885, "perf/ram_util_percent": 3.0726618705035973, "info/learner/default_policy/allreduce_latency": 0.0, "info/learner/default_policy/cur_kl_coeff": 2.2781249999999997, "info/learner/default_policy/cur_lr": 0.0005, "info/learner/default_policy/total_loss": 1.275342277505181, "info/learner/default_policy/policy_loss": -0.16028581534258343, "info/learner/default_policy/vf_loss": 1.3846348510547117, "info/learner/default_policy/vf_explained_var": 0.9874877333641052, "info/learner/default_policy/kl": 0.022383860481733627, "info/learner/default_policy/entropy": 0.9811262881213968, "info/learner/default_policy/entropy_coeff": 0.0, "_step": 5, "_runtime": 617, "_timestamp": 1601916557, "custom_metrics/time_step_mean": 2448.1785714285716, "custom_metrics/time_step_min": 0, "custom_metrics/time_step_max": 3671, "sampler_perf/mean_env_wait_ms": 1.2742189385158298, "sampler_perf/mean_raw_obs_processing_ms": 0.26812349021979026, "sampler_perf/mean_inference_ms": 2.8093913095603256, "sampler_perf/mean_action_processing_ms": 0.10844459958181292}