{"time_step_min": 1292, "_step": 7, "_runtime": 646, "_timestamp": 1604234235, "time_step_max": 1845, "time_step_mean": 1305.6988838856996, "episode_reward_max": 43.6288659793815, "episode_reward_min": 15.123711340206203, "episode_reward_mean": 42.91394806184951, "episodes_total": 46894, "training_iteration": 31}