{"time_step_min": 3210, "_step": 7, "_runtime": 616, "_timestamp": 1602380361, "time_step_max": 4054, "time_step_mean": 3612.905829596412, "episode_reward_max": 279.65656565656525, "episode_reward_min": 145.7171717171716, "episode_reward_mean": 218.51125175808704, "episodes_total": 474, "training_iteration": 3}