{"time_step_min": 3120, "_step": 7, "_runtime": 616, "_timestamp": 1602384829, "time_step_max": 4319, "time_step_mean": 3469.192075471698, "episode_reward_max": 293.292929292929, "episode_reward_min": 111.62626262626226, "episode_reward_mean": 240.25606324635442, "episodes_total": 2678, "training_iteration": 14}