{"episode_reward_max": 267.26262626262644, "episode_reward_min": 152.30303030303045, "episode_reward_mean": 223.73073593073576, "episode_len_mean": 869.9714285714285, "episodes_this_iter": 7, "num_healthy_workers": 7, "timesteps_total": 33600, "episodes_total": 35, "training_iteration": 8, "timestamp": 1601909033, "time_this_iter_s": 81.43755507469177, "time_total_s": 652.0398061275482, "time_since_restore": 652.0398061275482, "timesteps_since_restore": 0, "iterations_since_restore": 8, "timers/sample_time_ms": 2779.374, "timers/sample_throughput": 1511.132, "timers/learn_time_ms": 78689.726, "timers/learn_throughput": 53.374, "timers/update_time_ms": 9.074, "info/num_steps_sampled": 33600, "info/num_steps_trained": 33600, "perf/cpu_util_percent": 18.581981981981986, "perf/ram_util_percent": 3.018018018018018, "info/learner/default_policy/allreduce_latency": 0.0, "info/learner/default_policy/cur_kl_coeff": 0.675, "info/learner/default_policy/cur_lr": 5e-05, "info/learner/default_policy/total_loss": 59.211341857910156, "info/learner/default_policy/policy_loss": -0.1019935728699872, "info/learner/default_policy/vf_loss": 59.30182745962432, "info/learner/default_policy/vf_explained_var": 0.9385427832603455, "info/learner/default_policy/kl": 0.017202509172034985, "info/learner/default_policy/entropy": 1.0284085201494622, "info/learner/default_policy/entropy_coeff": 0.0001, "_step": 7, "_runtime": 654, "_timestamp": 1601909033, "custom_metrics/time_step_mean": 3572.9142857142856, "custom_metrics/time_step_min": 3288, "custom_metrics/time_step_max": 4040, "sampler_perf/mean_env_wait_ms": 0.7127661237015845, "sampler_perf/mean_raw_obs_processing_ms": 0.16981131211451891, "sampler_perf/mean_inference_ms": 2.6714689803454448, "sampler_perf/mean_action_processing_ms": 0.08202242096455446}