{"time_step_min": 3135.0, "_step": 5, "_runtime": 629, "_timestamp": 1602220444, "episode_reward_max": 289.2626262626265, "episode_reward_min": 146.75757575757632, "episode_reward_mean": 238.16139879810748, "episodes_total": 3160, "training_iteration": 9}