{"time_step_min": 3143, "_step": 7, "_runtime": 627, "_timestamp": 1602493769, "time_step_max": 4143, "time_step_mean": 3435.807771728928, "episode_reward_max": 293.59595959595947, "episode_reward_min": 138.29292929292922, "episode_reward_mean": 245.61831197125315, "episodes_total": 5355, "training_iteration": 28}