{"episode_reward_max": 273.36363636363615, "episode_reward_min": 119.7979797979798, "episode_reward_mean": 214.85221260221243, "episode_len_mean": 890.1071428571429, "episodes_this_iter": 1, "num_healthy_workers": 7, "timesteps_total": 79800, "episodes_total": 84, "training_iteration": 19, "timestamp": 1601905890, "time_this_iter_s": 33.212082624435425, "time_total_s": 629.4012274742126, "time_since_restore": 629.4012274742126, "timesteps_since_restore": 0, "iterations_since_restore": 19, "timers/sample_time_ms": 1751.37, "timers/sample_throughput": 2398.123, "timers/learn_time_ms": 30395.589, "timers/learn_throughput": 138.178, "timers/update_time_ms": 9.727, "info/num_steps_sampled": 79800, "info/num_steps_trained": 79800, "perf/cpu_util_percent": 21.099999999999998, "perf/ram_util_percent": 2.6391304347826083, "info/learner/default_policy/allreduce_latency": 0.0, "info/learner/default_policy/cur_kl_coeff": 1.0125, "info/learner/default_policy/cur_lr": 0.0001, "info/learner/default_policy/total_loss": 0.4190299664482926, "info/learner/default_policy/policy_loss": -0.1514000307881471, "info/learner/default_policy/vf_loss": 0.5499540910576329, "info/learner/default_policy/vf_explained_var": 0.9976972937583923, "info/learner/default_policy/kl": 0.020312421023845673, "info/learner/default_policy/entropy": 0.9041684035098914, "info/learner/default_policy/entropy_coeff": 0.0001, "_step": 18, "_runtime": 635, "_timestamp": 1601905894, "custom_metrics/time_step_mean": 3629.8809523809523, "custom_metrics/time_step_min": 3241, "custom_metrics/time_step_max": 4258, "sampler_perf/mean_env_wait_ms": 0.8596910114403167, "sampler_perf/mean_raw_obs_processing_ms": 0.19103346168126986, "sampler_perf/mean_inference_ms": 2.048963656180717, "sampler_perf/mean_action_processing_ms": 0.08493172503060985}