{"time_step_min": 3138, "_step": 7, "_runtime": 638, "_timestamp": 1602470515, "time_step_max": 4267, "time_step_mean": 3483.254131054131, "episode_reward_max": 290.56565656565675, "episode_reward_min": 117.38383838383798, "episode_reward_mean": 238.4579771713745, "episodes_total": 3538, "training_iteration": 19}