{"time_step_min": 3111.0, "_step": 5, "_runtime": 637, "_timestamp": 1602215926, "episode_reward_max": 295.6464646464648, "episode_reward_min": 115.78787878787877, "episode_reward_mean": 243.61434376789344, "episodes_total": 3634, "training_iteration": 19}