{"episode_reward_max": 275.4242424242422, "episode_reward_min": 158.2727272727273, "episode_reward_mean": 228.4917027417025, "episode_len_mean": 849.797619047619, "episodes_this_iter": 2, "num_healthy_workers": 7, "timesteps_total": 75600, "episodes_total": 84, "training_iteration": 18, "timestamp": 1601907717, "time_this_iter_s": 34.24689745903015, "time_total_s": 618.7973771095276, "time_since_restore": 618.7973771095276, "timesteps_since_restore": 0, "iterations_since_restore": 18, "timers/sample_time_ms": 1686.693, "timers/sample_throughput": 2490.08, "timers/learn_time_ms": 32369.824, "timers/learn_throughput": 129.75, "timers/update_time_ms": 7.366, "info/num_steps_sampled": 75600, "info/num_steps_trained": 75600, "perf/cpu_util_percent": 18.41276595744681, "perf/ram_util_percent": 2.900000000000001, "info/learner/default_policy/allreduce_latency": 0.0, "info/learner/default_policy/cur_kl_coeff": 0.6749999999999999, "info/learner/default_policy/cur_lr": 5e-05, "info/learner/default_policy/total_loss": 1.9334676988197095, "info/learner/default_policy/policy_loss": -0.11584038016470996, "info/learner/default_policy/vf_loss": 2.0371154871853916, "info/learner/default_policy/vf_explained_var": 0.9892127513885498, "info/learner/default_policy/kl": 0.01806313188915903, "info/learner/default_policy/entropy": 0.8990941101854498, "info/learner/default_policy/entropy_coeff": 0.0, "_step": 17, "_runtime": 623, "_timestamp": 1601907717, "custom_metrics/time_step_mean": 3541.845238095238, "custom_metrics/time_step_min": 3225, "custom_metrics/time_step_max": 4007, "sampler_perf/mean_env_wait_ms": 0.730854055844059, "sampler_perf/mean_raw_obs_processing_ms": 0.150345593080398, "sampler_perf/mean_inference_ms": 1.7049733397226186, "sampler_perf/mean_action_processing_ms": 0.0719883044053696}