{"nb_episodes": 1, "avg_best_result": 46.04081632653059, "best_episode": 46.04081632653059, "best_timestep": 1238, "_step": 0, "_runtime": 4, "_timestamp": 1604231454}