{"nb_episodes": 1, "avg_best_result": 197.38383838383842, "best_episode": 197.38383838383842, "best_timestep": 3753, "_step": 0, "_runtime": 1, "_timestamp": 1602708214}