{"episode_reward_max": 278.2222222222223, "episode_reward_min": 163.5959595959597, "episode_reward_mean": 227.0758778258777, "episode_len_mean": 862.4285714285714, "episodes_this_iter": 2, "num_healthy_workers": 7, "timesteps_total": 78400, "episodes_total": 84, "training_iteration": 14, "timestamp": 1601914813, "time_this_iter_s": 43.84227132797241, "time_total_s": 609.4622762203217, "time_since_restore": 609.4622762203217, "timesteps_since_restore": 0, "iterations_since_restore": 14, "timers/sample_time_ms": 1531.008, "timers/sample_throughput": 3657.72, "timers/learn_time_ms": 41559.966, "timers/learn_throughput": 134.745, "timers/update_time_ms": 7.046, "info/num_steps_sampled": 78400, "info/num_steps_trained": 78400, "perf/cpu_util_percent": 18.87538461538462, "perf/ram_util_percent": 3.050769230769231, "info/learner/default_policy/allreduce_latency": 0.0, "info/learner/default_policy/cur_kl_coeff": 1.0125000000000002, "info/learner/default_policy/cur_lr": 5.0000000000000016e-05, "info/learner/default_policy/total_loss": 6.8798259550874885, "info/learner/default_policy/policy_loss": -0.06723683424801989, "info/learner/default_policy/vf_loss": 6.9358560334552415, "info/learner/default_policy/vf_explained_var": 0.9187549352645874, "info/learner/default_policy/kl": 0.011166444810276682, "info/learner/default_policy/entropy": 0.99427906897935, "info/learner/default_policy/entropy_coeff": 0.00010000000000000003, "_step": 13, "_runtime": 619, "_timestamp": 1601914813, "custom_metrics/time_step_mean": 2963.8928571428573, "custom_metrics/time_step_min": 0, "custom_metrics/time_step_max": 3972, "sampler_perf/mean_env_wait_ms": 1.3102234963911188, "sampler_perf/mean_raw_obs_processing_ms": 0.24192818663646895, "sampler_perf/mean_inference_ms": 1.8142901644418092, "sampler_perf/mean_action_processing_ms": 0.09841820578230913}