{"episode_reward_max": 266.46464646464665, "episode_reward_min": 170.63636363636346, "episode_reward_mean": 228.14911014911013, "episode_len_mean": 844.9285714285714, "episodes_this_iter": 0, "num_healthy_workers": 7, "timesteps_total": 75600, "episodes_total": 84, "training_iteration": 18, "timestamp": 1601905863, "time_this_iter_s": 31.124669313430786, "time_total_s": 602.6221611499786, "time_since_restore": 602.6221611499786, "timesteps_since_restore": 0, "iterations_since_restore": 18, "timers/sample_time_ms": 1829.106, "timers/sample_throughput": 2296.203, "timers/learn_time_ms": 31015.858, "timers/learn_throughput": 135.415, "timers/update_time_ms": 6.644, "info/num_steps_sampled": 75600, "info/num_steps_trained": 75600, "perf/cpu_util_percent": 19.26666666666667, "perf/ram_util_percent": 2.8, "info/learner/default_policy/allreduce_latency": 0.0, "info/learner/default_policy/cur_kl_coeff": 1.5187500000000003, "info/learner/default_policy/cur_lr": 0.0001, "info/learner/default_policy/total_loss": 0.42624571919441223, "info/learner/default_policy/policy_loss": -0.14062845323121909, "info/learner/default_policy/vf_loss": 0.5425302223725752, "info/learner/default_policy/vf_explained_var": 0.995703399181366, "info/learner/default_policy/kl": 0.01602893748856855, "info/learner/default_policy/entropy": 0.915380546540925, "info/learner/default_policy/entropy_coeff": 0.0, "_step": 17, "_runtime": 604, "_timestamp": 1601905863, "custom_metrics/time_step_mean": 3542.309523809524, "custom_metrics/time_step_min": 3292, "custom_metrics/time_step_max": 3919, "sampler_perf/mean_env_wait_ms": 0.8936515607735525, "sampler_perf/mean_raw_obs_processing_ms": 0.1934118311343119, "sampler_perf/mean_inference_ms": 2.0724319738777615, "sampler_perf/mean_action_processing_ms": 0.08579549918793997}