{"episode_reward_max": 276.7575757575757, "episode_reward_min": 157.14141414141383, "episode_reward_mean": 224.1189273689272, "episode_len_mean": 866.4642857142857, "episodes_this_iter": 7, "num_healthy_workers": 7, "timesteps_total": 78400, "episodes_total": 84, "training_iteration": 14, "timestamp": 1601914030, "time_this_iter_s": 43.59597182273865, "time_total_s": 614.3189027309418, "time_since_restore": 614.3189027309418, "timesteps_since_restore": 0, "iterations_since_restore": 14, "timers/sample_time_ms": 1565.857, "timers/sample_throughput": 3576.316, "timers/learn_time_ms": 41905.274, "timers/learn_throughput": 133.635, "timers/update_time_ms": 10.496, "info/num_steps_sampled": 78400, "info/num_steps_trained": 78400, "perf/cpu_util_percent": 18.85666666666667, "perf/ram_util_percent": 2.898333333333334, "info/learner/default_policy/allreduce_latency": 0.0, "info/learner/default_policy/cur_kl_coeff": 0.225, "info/learner/default_policy/cur_lr": 5.0000000000000016e-05, "info/learner/default_policy/total_loss": 9.963250844316049, "info/learner/default_policy/policy_loss": -0.06315109322101554, "info/learner/default_policy/vf_loss": 10.022646223956889, "info/learner/default_policy/vf_explained_var": 0.9663147330284119, "info/learner/default_policy/kl": 0.016692577416754582, "info/learner/default_policy/entropy": 0.9757361127571627, "info/learner/default_policy/entropy_coeff": 0.0, "_step": 13, "_runtime": 617, "_timestamp": 1601914030, "custom_metrics/time_step_mean": 2563.904761904762, "custom_metrics/time_step_min": 0, "custom_metrics/time_step_max": 3901, "sampler_perf/mean_env_wait_ms": 1.3158932079024426, "sampler_perf/mean_raw_obs_processing_ms": 0.2479138108018757, "sampler_perf/mean_inference_ms": 1.8957019903043744, "sampler_perf/mean_action_processing_ms": 0.10010765846537721}