{"episode_reward_max": 299.6565656565653, "episode_reward_min": 188.44444444444366, "episode_reward_mean": 255.85686868686844, "episode_len_mean": 873.318, "episodes_this_iter": 400, "num_healthy_workers": 80, "timesteps_total": 4569617, "episodes_total": 5150, "training_iteration": 13, "timestamp": 1606763352, "time_this_iter_s": 45.78869962692261, "time_total_s": 589.3794121742249, "time_since_restore": 589.3794121742249, "timesteps_since_restore": 0, "iterations_since_restore": 13, "custom_metrics/time_step_mean": 3377.576, "custom_metrics/time_step_min": 3143, "custom_metrics/time_step_max": 3861, "sampler_perf/mean_env_wait_ms": 3.7107140002932284, "sampler_perf/mean_raw_obs_processing_ms": 0.886427955579687, "sampler_perf/mean_inference_ms": 4.916114810610646, "sampler_perf/mean_action_processing_ms": 0.27945147229076955, "timers/sample_time_ms": 13907.595, "timers/sample_throughput": 25194.348, "timers/load_time_ms": 1307.01, "timers/load_throughput": 268087.254, "timers/learn_time_ms": 29636.486, "timers/learn_throughput": 11823.021, "timers/update_time_ms": 44.683, "info/num_steps_sampled": 4569617, "info/num_steps_trained": 4569617, "perf/cpu_util_percent": 47.53148148148148, "perf/ram_util_percent": 7.953703703703703, "perf/gpu_util_percent0": 0.3487037037037037, "perf/vram_util_percent0": 0.7065431288947198, "info/learner/default_policy/cur_kl_coeff": 9.008278721012175e-05, "info/learner/default_policy/cur_lr": 8.441127647529356e-06, "info/learner/default_policy/total_loss": 174.13951110839844, "info/learner/default_policy/policy_loss": -0.0043020425364375114, "info/learner/default_policy/vf_loss": 217.56527709960938, "info/learner/default_policy/vf_explained_var": 0.974665105342865, "info/learner/default_policy/kl": 0.010113905183970928, "info/learner/default_policy/entropy": 1.0717015266418457, "info/learner/default_policy/entropy_coeff": 0.0026203198358416557, "_step": 12, "_runtime": 608, "_timestamp": 1606763352}