{"time_step_min": 3122, "_step": 7, "_runtime": 622, "_timestamp": 1602462208, "time_step_max": 4085, "time_step_mean": 3450.714504596527, "episode_reward_max": 292.989898989899, "episode_reward_min": 138.8989898989893, "episode_reward_mean": 243.27625647960326, "episodes_total": 3944, "training_iteration": 20}