{"time_step_min": 2878, "_step": 7, "_runtime": 3676, "_timestamp": 1602652585, "time_step_max": 3996, "time_step_mean": 3139.1251627890606, "episode_reward_max": 308.66666666666646, "episode_reward_min": 136.24242424242374, "episode_reward_mean": 269.20810949868485, "episodes_total": 28447, "training_iteration": 141}