{"time_step_min": 3086, "_step": 7, "_runtime": 631, "_timestamp": 1602251186, "time_step_max": 4022, "time_step_mean": 3371.419596812002, "episode_reward_max": 298.444444444445, "episode_reward_min": 139.9595959595963, "episode_reward_mean": 255.1837076815979, "episodes_total": 4266, "training_iteration": 20}