{"nb_episodes": 4639, "avg_best_result": 281.9804292929295, "best_episode": 296.0808080808082, "time_step_min": 3030, "_step": 0, "_runtime": 607, "_timestamp": 1602576276}