{"episode_reward_max": 268.2929292929292, "episode_reward_min": 159.05050505050525, "episode_reward_mean": 228.4126262626264, "episode_len_mean": 794.737, "episodes_this_iter": 104, "num_healthy_workers": 11, "timesteps_total": 3227723, "episodes_total": 4012, "training_iteration": 39, "timestamp": 1605826515, "time_this_iter_s": 37.562933683395386, "time_total_s": 1390.9564321041107, "time_since_restore": 1390.9564321041107, "timesteps_since_restore": 0, "iterations_since_restore": 39, "custom_metrics/time_step_mean": 3553.888, "custom_metrics/time_step_min": 3285, "custom_metrics/time_step_max": 4000, "sampler_perf/mean_env_wait_ms": 4.589668430949382, "sampler_perf/mean_raw_obs_processing_ms": 1.0223769088701462, "sampler_perf/mean_inference_ms": 9.225463660050718, "sampler_perf/mean_action_processing_ms": 0.29218514840492654, "timers/sample_time_ms": 20476.886, "timers/sample_throughput": 4122.067, "timers/learn_time_ms": 16270.614, "timers/learn_throughput": 5187.702, "timers/update_time_ms": 11.527, "info/num_steps_sampled": 3227723, "info/num_steps_trained": 3227723, "perf/cpu_util_percent": 51.0936170212766, "perf/ram_util_percent": 21.02340425531914, "perf/gpu_util_percent0": 0.29574468085106387, "perf/vram_util_percent0": 0.6120894422147597, "info/learner/default_policy/allreduce_latency": 0.0, "info/learner/default_policy/cur_kl_coeff": 3.47988381130054e-08, "info/learner/default_policy/cur_lr": 0.00015720530049048278, "info/learner/default_policy/total_loss": 0.995873359116641, "info/learner/default_policy/policy_loss": -0.03813653405417095, "info/learner/default_policy/vf_loss": 1.128503225066445, "info/learner/default_policy/vf_explained_var": 0.9993568062782288, "info/learner/default_policy/kl": 0.03026052327318625, "info/learner/default_policy/entropy": 0.41398321227593854, "info/learner/default_policy/entropy_coeff": 0.00012589229729023584, "_step": 38, "_runtime": 1407, "_timestamp": 1605826515}