{"episode_reward_max": 260.8686868686861, "episode_reward_min": 130.0303030303029, "episode_reward_mean": 216.33968253968237, "episode_len_mean": 877.6857142857143, "episodes_this_iter": 7, "num_healthy_workers": 7, "timesteps_total": 33600, "episodes_total": 35, "training_iteration": 8, "timestamp": 1601909611, "time_this_iter_s": 77.39526867866516, "time_total_s": 622.6907088756561, "time_since_restore": 622.6907088756561, "timesteps_since_restore": 0, "iterations_since_restore": 8, "timers/sample_time_ms": 2838.494, "timers/sample_throughput": 1479.658, "timers/learn_time_ms": 74963.363, "timers/learn_throughput": 56.027, "timers/update_time_ms": 7.824, "info/num_steps_sampled": 33600, "info/num_steps_trained": 33600, "perf/cpu_util_percent": 18.284761904761904, "perf/ram_util_percent": 3.100000000000001, "info/learner/default_policy/allreduce_latency": 0.0, "info/learner/default_policy/cur_kl_coeff": 2.2781249999999997, "info/learner/default_policy/cur_lr": 0.0001, "info/learner/default_policy/total_loss": 125.23996087276575, "info/learner/default_policy/policy_loss": -0.10165997205132787, "info/learner/default_policy/vf_loss": 125.31236498283617, "info/learner/default_policy/vf_explained_var": 0.9174082279205322, "info/learner/default_policy/kl": 0.012841442035454693, "info/learner/default_policy/entropy": 0.9642192631056814, "info/learner/default_policy/entropy_coeff": 0.0, "_step": 7, "_runtime": 630, "_timestamp": 1601909611, "custom_metrics/time_step_mean": 3621.0, "custom_metrics/time_step_min": 3327, "custom_metrics/time_step_max": 4187, "sampler_perf/mean_env_wait_ms": 0.715142399909238, "sampler_perf/mean_raw_obs_processing_ms": 0.17549400264530546, "sampler_perf/mean_inference_ms": 2.7689643808354774, "sampler_perf/mean_action_processing_ms": 0.08380921433259635}