{"episode_reward_max": 137.95959595959553, "episode_reward_min": 5.434343434343214, "episode_reward_mean": 93.64232323232297, "episode_len_mean": 819.45, "episodes_this_iter": 156, "num_healthy_workers": 80, "timesteps_total": 7832160, "episodes_total": 9441, "training_iteration": 63, "timestamp": 1606831212, "time_this_iter_s": 9.60549283027649, "time_total_s": 585.3869335651398, "time_since_restore": 585.3869335651398, "timesteps_since_restore": 0, "iterations_since_restore": 63, "custom_metrics/time_step_mean": 2661.886, "custom_metrics/time_step_min": 2459, "custom_metrics/time_step_max": 3101, "sampler_perf/mean_env_wait_ms": 1.5686407221137966, "sampler_perf/mean_raw_obs_processing_ms": 0.4424616335376058, "sampler_perf/mean_inference_ms": 3.7729350191377877, "sampler_perf/mean_action_processing_ms": 0.19188942424912647, "timers/sample_time_ms": 5539.164, "timers/sample_throughput": 22443.819, "timers/load_time_ms": 272.842, "timers/load_throughput": 455648.281, "timers/learn_time_ms": 3630.117, "timers/learn_throughput": 34246.828, "timers/update_time_ms": 36.195, "info/num_steps_sampled": 7832160, "info/num_steps_trained": 7832160, "perf/cpu_util_percent": 65.25454545454546, "perf/ram_util_percent": 6.8, "perf/gpu_util_percent0": 0.3245454545454545, "perf/vram_util_percent0": 0.1135618235487045, "info/learner/default_policy/cur_kl_coeff": 6.998450752914682e-20, "info/learner/default_policy/cur_lr": 0.0005883316625840962, "info/learner/default_policy/total_loss": 61.89081954956055, "info/learner/default_policy/policy_loss": -0.05144656449556351, "info/learner/default_policy/vf_loss": 91.00211334228516, "info/learner/default_policy/vf_explained_var": 0.9559651613235474, "info/learner/default_policy/kl": 0.020944472402334213, "info/learner/default_policy/entropy": 0.47139325737953186, "info/learner/default_policy/entropy_coeff": 0.004614692181348801, "_step": 62, "_runtime": 609, "_timestamp": 1606831212}