{"time_step_min": 3255, "_step": 7, "_runtime": 616, "_timestamp": 1602364917, "time_step_max": 4092, "time_step_mean": 3618.449907235621, "episode_reward_max": 273.44444444444457, "episode_reward_min": 137.68686868686873, "episode_reward_mean": 217.87811204266887, "episodes_total": 1106, "training_iteration": 6}