{"time_step_min": 2981, "_step": 7, "_runtime": 629, "_timestamp": 1602507721, "time_step_max": 3848, "time_step_mean": 3261.3920704845814, "episode_reward_max": 304.8686868686868, "episode_reward_min": 164.4141414141411, "episode_reward_mean": 261.19819760238806, "episodes_total": 4582, "training_iteration": 23}