{"episode_reward_max": 278.1919191919188, "episode_reward_min": 156.1515151515153, "episode_reward_mean": 230.79268879268852, "episode_len_mean": 889.4880952380952, "episodes_this_iter": 14, "num_healthy_workers": 7, "timesteps_total": 78400, "episodes_total": 84, "training_iteration": 14, "timestamp": 1601913502, "time_this_iter_s": 44.39045071601868, "time_total_s": 625.0600368976593, "time_since_restore": 625.0600368976593, "timesteps_since_restore": 0, "iterations_since_restore": 14, "timers/sample_time_ms": 1595.355, "timers/sample_throughput": 3510.19, "timers/learn_time_ms": 42714.883, "timers/learn_throughput": 131.102, "timers/update_time_ms": 7.719, "info/num_steps_sampled": 78400, "info/num_steps_trained": 78400, "perf/cpu_util_percent": 18.880327868852454, "perf/ram_util_percent": 2.8622950819672135, "info/learner/default_policy/allreduce_latency": 0.0, "info/learner/default_policy/cur_kl_coeff": 1.51875, "info/learner/default_policy/cur_lr": 0.00010000000000000003, "info/learner/default_policy/total_loss": 26.226298440586437, "info/learner/default_policy/policy_loss": -0.09695105436681346, "info/learner/default_policy/vf_loss": 26.304889408024874, "info/learner/default_policy/vf_explained_var": 0.9823541641235352, "info/learner/default_policy/kl": 0.012147789609364489, "info/learner/default_policy/entropy": 0.8962068544192747, "info/learner/default_policy/entropy_coeff": 0.00010000000000000003, "_step": 13, "_runtime": 635, "_timestamp": 1601913503, "custom_metrics/time_step_mean": 2611.035714285714, "custom_metrics/time_step_min": 0, "custom_metrics/time_step_max": 4021, "sampler_perf/mean_env_wait_ms": 1.3015745282783568, "sampler_perf/mean_raw_obs_processing_ms": 0.24490767206507366, "sampler_perf/mean_inference_ms": 1.8505479299321916, "sampler_perf/mean_action_processing_ms": 0.09922051856865119}