{"time_step_min": 2950, "_step": 7, "_runtime": 11160, "_timestamp": 1602754097, "time_step_max": 4085, "time_step_mean": 3038.8478862682996, "episode_reward_max": 305.3232323232323, "episode_reward_min": 128.35353535353502, "episode_reward_mean": 286.8651785631462, "episodes_total": 82756, "training_iteration": 408}