{"time_step_min": 3156.0, "_step": 5, "_runtime": 617, "_timestamp": 1602170906, "episode_reward_max": 285.1515151515152, "episode_reward_min": 115.78787878787877, "episode_reward_mean": 233.10895714693171, "episodes_total": 2054, "training_iteration": 11}