{"time_step_min": 3136, "_step": 7, "_runtime": 636, "_timestamp": 1602393789, "time_step_max": 4368, "time_step_mean": 3458.761346251912, "episode_reward_max": 291.3232323232327, "episode_reward_min": 101.92929292929286, "episode_reward_mean": 242.05932745173246, "episodes_total": 3950, "training_iteration": 20}