{"time_step_min": 3152, "_step": 7, "_runtime": 619, "_timestamp": 1602464780, "time_step_max": 4267, "time_step_mean": 3500.5568698817106, "episode_reward_max": 288.44444444444446, "episode_reward_min": 119.50505050505036, "episode_reward_mean": 235.7232323232322, "episodes_total": 3325, "training_iteration": 18}