{"nb_episodes": 1, "avg_best_result": 227.5050505050507, "best_episode": 227.5050505050507, "best_timestep": 3451, "_step": 0, "_runtime": 3, "_timestamp": 1602835032}