{"time_step_min": 3193.0, "_step": 5, "_runtime": 632, "_timestamp": 1602202259, "episode_reward_max": 281.40404040404053, "episode_reward_min": 115.78787878787877, "episode_reward_mean": 233.56095128500198, "episodes_total": 2370, "training_iteration": 12}