{"nb_episodes": 1, "avg_best_result": 266.9898989898988, "best_episode": 266.9898989898988, "best_timestep": 3170, "_step": 0, "_runtime": 3, "_timestamp": 1602835053}