{"time_step_min": 3182.0, "_step": 5, "_runtime": 706, "_timestamp": 1602240626, "episode_reward_max": 284.79797979798, "episode_reward_min": 145.5555555555552, "episode_reward_mean": 234.368326118326, "episodes_total": 2212, "training_iteration": 6}