{"episode_reward_max": 306.17171717171686, "episode_reward_min": 171.02020202020157, "episode_reward_mean": 263.837626262626, "episode_len_mean": 847.937, "episodes_this_iter": 99, "num_healthy_workers": 11, "timesteps_total": 3502380, "episodes_total": 4054, "training_iteration": 41, "timestamp": 1605857569, "time_this_iter_s": 31.857338190078735, "time_total_s": 1488.0698974132538, "time_since_restore": 1488.0698974132538, "timesteps_since_restore": 0, "iterations_since_restore": 41, "custom_metrics/time_step_mean": 3299.866, "custom_metrics/time_step_min": 3035, "custom_metrics/time_step_max": 3588, "sampler_perf/mean_env_wait_ms": 4.419240749683988, "sampler_perf/mean_raw_obs_processing_ms": 1.0518628844476847, "sampler_perf/mean_inference_ms": 9.71653816964703, "sampler_perf/mean_action_processing_ms": 0.30627212677328736, "timers/sample_time_ms": 19113.433, "timers/sample_throughput": 4390.807, "timers/learn_time_ms": 16530.983, "timers/learn_throughput": 5076.734, "timers/update_time_ms": 13.135, "info/num_steps_sampled": 3502380, "info/num_steps_trained": 3502380, "perf/cpu_util_percent": 46.81951219512195, "perf/ram_util_percent": 21.156097560975613, "perf/gpu_util_percent0": 0.3495121951219512, "perf/vram_util_percent0": 0.6120894422147596, "info/learner/default_policy/allreduce_latency": 0.0, "info/learner/default_policy/cur_kl_coeff": 7.917412095445737e-05, "info/learner/default_policy/cur_lr": 0.0001866934651163032, "info/learner/default_policy/total_loss": 4.0427750023928555, "info/learner/default_policy/policy_loss": -0.04285611246119846, "info/learner/default_policy/vf_loss": 5.473877039822665, "info/learner/default_policy/vf_explained_var": 0.9993642568588257, "info/learner/default_policy/kl": 0.024809034371917896, "info/learner/default_policy/entropy": 0.6567992513830011, "info/learner/default_policy/entropy_coeff": 0.0002064077930013999, "_step": 40, "_runtime": 1511, "_timestamp": 1605857569}