{"time_step_min": 3210, "_step": 7, "_runtime": 616, "_timestamp": 1602278049, "time_step_max": 4249, "time_step_mean": 3550.4880367092755, "episode_reward_max": 279.65656565656565, "episode_reward_min": 121.62626262626276, "episode_reward_mean": 228.90565464774315, "episodes_total": 3160, "training_iteration": 9}