{"episode_reward_max": 267.9595959595955, "episode_reward_min": 173.43434343434342, "episode_reward_mean": 221.41762866762852, "episode_len_mean": 894.1428571428571, "episodes_this_iter": 14, "num_healthy_workers": 7, "timesteps_total": 78400, "episodes_total": 84, "training_iteration": 14, "timestamp": 1601913497, "time_this_iter_s": 43.56993007659912, "time_total_s": 614.506166934967, "time_since_restore": 614.506166934967, "timesteps_since_restore": 0, "iterations_since_restore": 14, "timers/sample_time_ms": 1542.915, "timers/sample_throughput": 3629.492, "timers/learn_time_ms": 42120.54, "timers/learn_throughput": 132.952, "timers/update_time_ms": 9.496, "info/num_steps_sampled": 78400, "info/num_steps_trained": 78400, "perf/cpu_util_percent": 19.2, "perf/ram_util_percent": 2.8666666666666667, "info/learner/default_policy/allreduce_latency": 0.0, "info/learner/default_policy/cur_kl_coeff": 1.1390625, "info/learner/default_policy/cur_lr": 0.00010000000000000003, "info/learner/default_policy/total_loss": 78.21263139898127, "info/learner/default_policy/policy_loss": -0.11908615031279624, "info/learner/default_policy/vf_loss": 78.31225768002597, "info/learner/default_policy/vf_explained_var": 0.9571428894996643, "info/learner/default_policy/kl": 0.017082694155926056, "info/learner/default_policy/entropy": 0.8868458352305673, "info/learner/default_policy/entropy_coeff": 0.0, "_step": 13, "_runtime": 626, "_timestamp": 1601913497, "custom_metrics/time_step_mean": 2583.1666666666665, "custom_metrics/time_step_min": 0, "custom_metrics/time_step_max": 3906, "sampler_perf/mean_env_wait_ms": 1.3038562976196337, "sampler_perf/mean_raw_obs_processing_ms": 0.24422800820656584, "sampler_perf/mean_inference_ms": 1.834230291180042, "sampler_perf/mean_action_processing_ms": 0.09917508524614405}