{"episode_reward_max": 285.11111111111074, "episode_reward_min": 168.74747474747454, "episode_reward_mean": 247.99959595959564, "episode_len_mean": 894.912, "episodes_this_iter": 95, "num_healthy_workers": 11, "timesteps_total": 3523715, "episodes_total": 4004, "training_iteration": 41, "timestamp": 1605863501, "time_this_iter_s": 37.662304162979126, "time_total_s": 1501.0230829715729, "time_since_restore": 1501.0230829715729, "timesteps_since_restore": 0, "iterations_since_restore": 41, "custom_metrics/time_step_mean": 3420.502, "custom_metrics/time_step_min": 3174, "custom_metrics/time_step_max": 3714, "sampler_perf/mean_env_wait_ms": 4.441662277224041, "sampler_perf/mean_raw_obs_processing_ms": 1.0686980479291834, "sampler_perf/mean_inference_ms": 9.905248004754535, "sampler_perf/mean_action_processing_ms": 0.30987221682001304, "timers/sample_time_ms": 20343.757, "timers/sample_throughput": 4135.2, "timers/learn_time_ms": 16575.386, "timers/learn_throughput": 5075.327, "timers/update_time_ms": 13.128, "info/num_steps_sampled": 3523715, "info/num_steps_trained": 3523715, "perf/cpu_util_percent": 44.422448979591834, "perf/ram_util_percent": 21.110204081632656, "perf/gpu_util_percent0": 0.2871428571428571, "perf/vram_util_percent0": 0.6120894422147596, "info/learner/default_policy/allreduce_latency": 0.0, "info/learner/default_policy/cur_kl_coeff": 0.38318082769669454, "info/learner/default_policy/cur_lr": 0.0003730445359056744, "info/learner/default_policy/total_loss": 1.783347335728732, "info/learner/default_policy/policy_loss": -0.0983351706103845, "info/learner/default_policy/vf_loss": 2.421986688267101, "info/learner/default_policy/vf_explained_var": 0.9996755719184875, "info/learner/default_policy/kl": 0.025322657586498695, "info/learner/default_policy/entropy": 0.8606311516328291, "info/learner/default_policy/entropy_coeff": 0.0005405344764318108, "_step": 40, "_runtime": 1524, "_timestamp": 1605863501}