{"time_step_min": 3104.0, "_step": 5, "_runtime": 623, "_timestamp": 1602232144, "episode_reward_max": 295.8989898989895, "episode_reward_min": 115.78787878787877, "episode_reward_mean": 242.51401497393047, "episodes_total": 2844, "training_iteration": 15}