{"time_step_min": 3150, "_step": 7, "_runtime": 623, "_timestamp": 1602494401, "time_step_max": 4242, "time_step_mean": 3454.6921501706483, "episode_reward_max": 288.7474747474747, "episode_reward_min": 123.29292929292922, "episode_reward_mean": 242.9193312277191, "episodes_total": 4423, "training_iteration": 23}