{"time_step_min": 3193, "_step": 7, "_runtime": 1033, "_timestamp": 1602600648, "time_step_max": 4616, "time_step_mean": 3611.850407666243, "episode_reward_max": 282.2323232323229, "episode_reward_min": 66.6262626262627, "episode_reward_mean": 218.89732692292773, "episodes_total": 37811, "training_iteration": 1068}