{"episode_reward_max": 285.86868686868655, "episode_reward_min": 157.3838383838385, "episode_reward_mean": 246.73262626262613, "episode_len_mean": 845.863, "episodes_this_iter": 99, "num_healthy_workers": 11, "timesteps_total": 3495224, "episodes_total": 4037, "training_iteration": 41, "timestamp": 1605848635, "time_this_iter_s": 36.83151078224182, "time_total_s": 1510.7989475727081, "time_since_restore": 1510.7989475727081, "timesteps_since_restore": 0, "iterations_since_restore": 41, "custom_metrics/time_step_mean": 3441.588, "custom_metrics/time_step_min": 3228, "custom_metrics/time_step_max": 3937, "sampler_perf/mean_env_wait_ms": 4.340851405850334, "sampler_perf/mean_raw_obs_processing_ms": 1.027165017956213, "sampler_perf/mean_inference_ms": 9.406965921690576, "sampler_perf/mean_action_processing_ms": 0.297060360827118, "timers/sample_time_ms": 20111.283, "timers/sample_throughput": 4163.668, "timers/learn_time_ms": 16439.035, "timers/learn_throughput": 5093.772, "timers/update_time_ms": 13.022, "info/num_steps_sampled": 3495224, "info/num_steps_trained": 3495224, "perf/cpu_util_percent": 45.75531914893616, "perf/ram_util_percent": 21.178723404255315, "perf/gpu_util_percent0": 0.3119148936170213, "perf/vram_util_percent0": 0.6120894422147597, "info/learner/default_policy/allreduce_latency": 0.0, "info/learner/default_policy/cur_kl_coeff": 2.0939368388146884e-13, "info/learner/default_policy/cur_lr": 1.1371760474406515e-05, "info/learner/default_policy/total_loss": 575.636308149858, "info/learner/default_policy/policy_loss": -0.006696027851748196, "info/learner/default_policy/vf_loss": 434.20906483043325, "info/learner/default_policy/vf_explained_var": 0.9521331191062927, "info/learner/default_policy/kl": 0.007109840146519921, "info/learner/default_policy/entropy": 1.04966769435189, "info/learner/default_policy/entropy_coeff": 0.0007086586944895143, "_step": 40, "_runtime": 1531, "_timestamp": 1605848635}