{"episode_reward_max": 261.989898989899, "episode_reward_min": 174.4444444444445, "episode_reward_mean": 220.43088023088012, "episode_len_mean": 877.6571428571428, "episodes_this_iter": 7, "num_healthy_workers": 7, "timesteps_total": 33600, "episodes_total": 35, "training_iteration": 8, "timestamp": 1601909701, "time_this_iter_s": 77.83521127700806, "time_total_s": 628.3880956172943, "time_since_restore": 628.3880956172943, "timesteps_since_restore": 0, "iterations_since_restore": 8, "timers/sample_time_ms": 2763.886, "timers/sample_throughput": 1519.599, "timers/learn_time_ms": 75731.578, "timers/learn_throughput": 55.459, "timers/update_time_ms": 8.445, "info/num_steps_sampled": 33600, "info/num_steps_trained": 33600, "perf/cpu_util_percent": 19.566981132075473, "perf/ram_util_percent": 2.9783018867924533, "info/learner/default_policy/allreduce_latency": 0.0, "info/learner/default_policy/cur_kl_coeff": 1.5187499999999998, "info/learner/default_policy/cur_lr": 5e-05, "info/learner/default_policy/total_loss": 47.62551140062737, "info/learner/default_policy/policy_loss": -0.10863920256043925, "info/learner/default_policy/vf_loss": 47.7128959424568, "info/learner/default_policy/vf_explained_var": 0.966671884059906, "info/learner/default_policy/kl": 0.013994718506706484, "info/learner/default_policy/entropy": 1.0045604272322222, "info/learner/default_policy/entropy_coeff": 0.0, "_step": 7, "_runtime": 632, "_timestamp": 1601909702, "custom_metrics/time_step_mean": 3593.3142857142857, "custom_metrics/time_step_min": 3315, "custom_metrics/time_step_max": 3887, "sampler_perf/mean_env_wait_ms": 0.7182732029828336, "sampler_perf/mean_raw_obs_processing_ms": 0.17064470377514174, "sampler_perf/mean_inference_ms": 2.7329781360902947, "sampler_perf/mean_action_processing_ms": 0.08327261726442603}