{"episode_reward_max": 293.14141414141403, "episode_reward_min": 173.2929292929287, "episode_reward_mean": 253.1041414141412, "episode_len_mean": 886.962, "episodes_this_iter": 72, "num_healthy_workers": 80, "timesteps_total": 2859360, "episodes_total": 3132, "training_iteration": 46, "timestamp": 1606736464, "time_this_iter_s": 12.454775333404541, "time_total_s": 589.9756898880005, "time_since_restore": 589.9756898880005, "timesteps_since_restore": 0, "iterations_since_restore": 46, "timers/sample_time_ms": 4968.751, "timers/sample_throughput": 12510.186, "timers/learn_time_ms": 7552.278, "timers/learn_throughput": 8230.629, "timers/update_time_ms": 45.035, "info/num_steps_sampled": 2859360, "info/num_steps_trained": 2859360, "perf/cpu_util_percent": 51.34285714285715, "perf/ram_util_percent": 5.5, "perf/gpu_util_percent0": 0.2057142857142857, "perf/vram_util_percent0": 0.07994424401443093, "info/learner/default_policy/allreduce_latency": 0.0, "info/learner/default_policy/cur_kl_coeff": 1.2795427036552936e-14, "info/learner/default_policy/cur_lr": 0.00019910038648017123, "info/learner/default_policy/total_loss": 46.876070976257324, "info/learner/default_policy/policy_loss": -0.05599633324891329, "info/learner/default_policy/vf_loss": 58.924577713012695, "info/learner/default_policy/vf_explained_var": 0.9931225776672363, "info/learner/default_policy/kl": 0.021665179869160056, "info/learner/default_policy/entropy": 0.5808508098125458, "info/learner/default_policy/entropy_coeff": 0.007142257831418974, "_step": 45, "_runtime": 606, "_timestamp": 1606736464, "custom_metrics/time_step_mean": 3385.246, "custom_metrics/time_step_min": 3121, "custom_metrics/time_step_max": 3912, "sampler_perf/mean_env_wait_ms": 0.9473342303951867, "sampler_perf/mean_raw_obs_processing_ms": 0.278262134403647, "sampler_perf/mean_inference_ms": 4.067421297399323, "sampler_perf/mean_action_processing_ms": 0.127765322951093}