{"nb_episodes": 4473, "avg_best_result": 261.82891414141386, "best_episode": 280.7171717171716, "time_step_min": 3203, "_step": 0, "_runtime": 607, "_timestamp": 1602590160}