{"episode_reward_max": 262.6262626262625, "episode_reward_min": 205.5454545454542, "episode_reward_mean": 232.197691197691, "episode_len_mean": 887.4285714285714, "episodes_this_iter": 7, "num_healthy_workers": 7, "timesteps_total": 12600, "episodes_total": 14, "training_iteration": 3, "timestamp": 1601910522, "time_this_iter_s": 294.6884996891022, "time_total_s": 839.6362245082855, "time_since_restore": 839.6362245082855, "timesteps_since_restore": 0, "iterations_since_restore": 3, "timers/sample_time_ms": 5464.395, "timers/sample_throughput": 768.612, "timers/learn_time_ms": 274339.453, "timers/learn_throughput": 15.31, "timers/update_time_ms": 23.006, "info/num_steps_sampled": 12600, "info/num_steps_trained": 12600, "perf/cpu_util_percent": 17.54, "perf/ram_util_percent": 3.5686075949367098, "info/learner/default_policy/allreduce_latency": 0.0, "info/learner/default_policy/cur_kl_coeff": 0.6749999999999999, "info/learner/default_policy/cur_lr": 0.0005, "info/learner/default_policy/total_loss": 147.07257172555634, "info/learner/default_policy/policy_loss": -0.1989267704387506, "info/learner/default_policy/vf_loss": 147.2462842536695, "info/learner/default_policy/vf_explained_var": 0.8457651138305664, "info/learner/default_policy/kl": 0.03750847539666927, "info/learner/default_policy/entropy": 1.0449707742893335, "info/learner/default_policy/entropy_coeff": 0.0001, "_step": 2, "_runtime": 843, "_timestamp": 1601910523, "custom_metrics/time_step_mean": 3515.214285714286, "custom_metrics/time_step_min": 3312, "custom_metrics/time_step_max": 3695, "sampler_perf/mean_env_wait_ms": 0.6838173466629962, "sampler_perf/mean_raw_obs_processing_ms": 0.1950577275940901, "sampler_perf/mean_inference_ms": 5.988295372933117, "sampler_perf/mean_action_processing_ms": 0.09121536916309088}