{"time_step_min": 3125, "_step": 7, "_runtime": 638, "_timestamp": 1602463506, "time_step_max": 4218, "time_step_mean": 3411.9061969439726, "episode_reward_max": 296.7777777777779, "episode_reward_min": 119.95959595959627, "episode_reward_mean": 249.25700038358266, "episodes_total": 4740, "training_iteration": 24}