{"episode_reward_max": 288.4444444444445, "episode_reward_min": 159.80808080808072, "episode_reward_mean": 248.4314141414141, "episode_len_mean": 821.22, "episodes_this_iter": 99, "num_healthy_workers": 11, "timesteps_total": 3352690, "episodes_total": 4058, "training_iteration": 41, "timestamp": 1605854572, "time_this_iter_s": 31.408201456069946, "time_total_s": 1415.5357382297516, "time_since_restore": 1415.5357382297516, "timesteps_since_restore": 0, "iterations_since_restore": 41, "custom_metrics/time_step_mean": 3405.112, "custom_metrics/time_step_min": 3191, "custom_metrics/time_step_max": 3723, "sampler_perf/mean_env_wait_ms": 4.6748262662519355, "sampler_perf/mean_raw_obs_processing_ms": 1.0678633096584997, "sampler_perf/mean_inference_ms": 9.857902785258375, "sampler_perf/mean_action_processing_ms": 0.31092055110950845, "timers/sample_time_ms": 18642.931, "timers/sample_throughput": 4361.02, "timers/learn_time_ms": 15962.828, "timers/learn_throughput": 5093.22, "timers/update_time_ms": 11.971, "info/num_steps_sampled": 3352690, "info/num_steps_trained": 3352690, "perf/cpu_util_percent": 45.392682926829266, "perf/ram_util_percent": 21.146341463414632, "perf/gpu_util_percent0": 0.37121951219512195, "perf/vram_util_percent0": 0.6120894422147596, "info/learner/default_policy/allreduce_latency": 0.0, "info/learner/default_policy/cur_kl_coeff": 2.2447075302340712e-13, "info/learner/default_policy/cur_lr": 0.0002110120106171058, "info/learner/default_policy/total_loss": 2.6355077678507026, "info/learner/default_policy/policy_loss": -0.016776611435819756, "info/learner/default_policy/vf_loss": 2.48681856285442, "info/learner/default_policy/vf_explained_var": 0.9996459484100342, "info/learner/default_policy/kl": 0.05028833889148452, "info/learner/default_policy/entropy": 0.6467879414558411, "info/learner/default_policy/entropy_coeff": 0.0009963800594304654, "_step": 40, "_runtime": 1437, "_timestamp": 1605854572}