{"episode_reward_max": 263.6262626262623, "episode_reward_min": 181.99999999999957, "episode_reward_mean": 232.20670995670977, "episode_len_mean": 889.5, "episodes_this_iter": 0, "num_healthy_workers": 7, "timesteps_total": 33600, "episodes_total": 28, "training_iteration": 6, "timestamp": 1601915994, "time_this_iter_s": 104.89897561073303, "time_total_s": 627.6727004051208, "time_since_restore": 627.6727004051208, "timesteps_since_restore": 0, "iterations_since_restore": 6, "timers/sample_time_ms": 2443.261, "timers/sample_throughput": 2292.019, "timers/learn_time_ms": 102128.342, "timers/learn_throughput": 54.833, "timers/update_time_ms": 6.784, "info/num_steps_sampled": 33600, "info/num_steps_trained": 33600, "perf/cpu_util_percent": 17.775524475524474, "perf/ram_util_percent": 3.0657342657342657, "info/learner/default_policy/allreduce_latency": 0.0, "info/learner/default_policy/cur_kl_coeff": 0.759375, "info/learner/default_policy/cur_lr": 0.00010000000000000003, "info/learner/default_policy/total_loss": 9.896150480617177, "info/learner/default_policy/policy_loss": -0.1854986645789309, "info/learner/default_policy/vf_loss": 10.06115227395838, "info/learner/default_policy/vf_explained_var": 0.9274263381958008, "info/learner/default_policy/kl": 0.027124587065455587, "info/learner/default_policy/entropy": 1.0109321014447645, "info/learner/default_policy/entropy_coeff": 0.00010000000000000003, "_step": 5, "_runtime": 633, "_timestamp": 1601915994, "custom_metrics/time_step_mean": 2142.214285714286, "custom_metrics/time_step_min": 0, "custom_metrics/time_step_max": 3844, "sampler_perf/mean_env_wait_ms": 1.2653325369511743, "sampler_perf/mean_raw_obs_processing_ms": 0.2595477598862556, "sampler_perf/mean_inference_ms": 2.837091039273704, "sampler_perf/mean_action_processing_ms": 0.10595389388917065}