{"episode_reward_max": 263.7878787878789, "episode_reward_min": 156.84848484848467, "episode_reward_mean": 221.11580086580076, "episode_len_mean": 888.7142857142857, "episodes_this_iter": 0, "num_healthy_workers": 7, "timesteps_total": 29400, "episodes_total": 28, "training_iteration": 7, "timestamp": 1601907743, "time_this_iter_s": 91.4818525314331, "time_total_s": 606.939738035202, "time_since_restore": 606.939738035202, "timesteps_since_restore": 0, "iterations_since_restore": 7, "timers/sample_time_ms": 2773.457, "timers/sample_throughput": 1514.356, "timers/learn_time_ms": 83892.406, "timers/learn_throughput": 50.064, "timers/update_time_ms": 9.072, "info/num_steps_sampled": 29400, "info/num_steps_trained": 29400, "perf/cpu_util_percent": 18.3792, "perf/ram_util_percent": 2.9063999999999988, "info/learner/default_policy/allreduce_latency": 0.0, "info/learner/default_policy/cur_kl_coeff": 2.2781249999999997, "info/learner/default_policy/cur_lr": 0.0005, "info/learner/default_policy/total_loss": 1.5640803196213462, "info/learner/default_policy/policy_loss": -0.19724263454025442, "info/learner/default_policy/vf_loss": 1.7182013862060779, "info/learner/default_policy/vf_explained_var": 0.9750714302062988, "info/learner/default_policy/kl": 0.018928534718173923, "info/learner/default_policy/entropy": 1.1163171421397815, "info/learner/default_policy/entropy_coeff": 0.0, "_step": 6, "_runtime": 613, "_timestamp": 1601907747, "custom_metrics/time_step_mean": 3589.1785714285716, "custom_metrics/time_step_min": 3311, "custom_metrics/time_step_max": 4016, "sampler_perf/mean_env_wait_ms": 0.7085926213153965, "sampler_perf/mean_raw_obs_processing_ms": 0.17122755794915928, "sampler_perf/mean_inference_ms": 2.7247502497522382, "sampler_perf/mean_action_processing_ms": 0.0844668166905128}