{"time_step_min": 3076.0, "_step": 5, "_runtime": 618, "_timestamp": 1602212693, "episode_reward_max": 299.04040404040336, "episode_reward_min": 115.78787878787877, "episode_reward_mean": 248.6150562610471, "episodes_total": 3966, "training_iteration": 21}