{"episode_reward_max": 260.53535353535307, "episode_reward_min": 159.13131313131282, "episode_reward_mean": 228.87012987012963, "episode_len_mean": 874.9285714285714, "episodes_this_iter": 7, "num_healthy_workers": 7, "timesteps_total": 12600, "episodes_total": 14, "training_iteration": 3, "timestamp": 1601912848, "time_this_iter_s": 256.5200951099396, "time_total_s": 776.2463245391846, "time_since_restore": 776.2463245391846, "timesteps_since_restore": 0, "iterations_since_restore": 3, "timers/sample_time_ms": 5040.594, "timers/sample_throughput": 833.235, "timers/learn_time_ms": 253649.283, "timers/learn_throughput": 16.558, "timers/update_time_ms": 13.996, "info/num_steps_sampled": 12600, "info/num_steps_trained": 12600, "perf/cpu_util_percent": 17.990962099125365, "perf/ram_util_percent": 3.301457725947522, "info/learner/default_policy/allreduce_latency": 0.0, "info/learner/default_policy/cur_kl_coeff": 0.45000000000000007, "info/learner/default_policy/cur_lr": 5e-05, "info/learner/default_policy/total_loss": 121.12214117339163, "info/learner/default_policy/policy_loss": -0.15365316577707278, "info/learner/default_policy/vf_loss": 121.25920336174242, "info/learner/default_policy/vf_explained_var": 0.8617534637451172, "info/learner/default_policy/kl": 0.03687088970433582, "info/learner/default_policy/entropy": 1.0207076036568843, "info/learner/default_policy/entropy_coeff": 0.0, "_step": 2, "_runtime": 778, "_timestamp": 1601912848, "custom_metrics/time_step_mean": 3537.5714285714284, "custom_metrics/time_step_min": 3325, "custom_metrics/time_step_max": 4004, "sampler_perf/mean_env_wait_ms": 0.6903646918145627, "sampler_perf/mean_raw_obs_processing_ms": 0.18812133959051888, "sampler_perf/mean_inference_ms": 5.51391009710767, "sampler_perf/mean_action_processing_ms": 0.08767060491511088}