{"time_step_min": 3171, "_step": 7, "_runtime": 1024, "_timestamp": 1602602699, "time_step_max": 4424, "time_step_mean": 3610.687913618948, "episode_reward_max": 285.5656565656563, "episode_reward_min": 76.92929292929242, "episode_reward_mean": 219.0459023768178, "episodes_total": 37363, "training_iteration": 1055}