{"episode_reward_max": 152.1010101010098, "episode_reward_min": 35.53535353535332, "episode_reward_mean": 108.3244444444443, "episode_len_mean": 708.162, "episodes_this_iter": 324, "num_healthy_workers": 80, "timesteps_total": 7114417, "episodes_total": 9613, "training_iteration": 30, "timestamp": 1606822419, "time_this_iter_s": 19.811169385910034, "time_total_s": 602.7608344554901, "time_since_restore": 602.7608344554901, "timesteps_since_restore": 0, "iterations_since_restore": 30, "custom_metrics/time_step_mean": 2596.1675, "custom_metrics/time_step_min": 2375, "custom_metrics/time_step_max": 2927, "sampler_perf/mean_env_wait_ms": 2.6137392693991632, "sampler_perf/mean_raw_obs_processing_ms": 0.6969157205855908, "sampler_perf/mean_inference_ms": 5.150960693234836, "sampler_perf/mean_action_processing_ms": 0.26123585900653734, "timers/sample_time_ms": 9986.135, "timers/sample_throughput": 23093.4, "timers/load_time_ms": 540.622, "timers/load_throughput": 426571.268, "timers/learn_time_ms": 9012.222, "timers/learn_throughput": 25589.005, "timers/update_time_ms": 54.177, "info/num_steps_sampled": 7114417, "info/num_steps_trained": 7114417, "perf/cpu_util_percent": 41.86086956521739, "perf/ram_util_percent": 7.8000000000000025, "perf/gpu_util_percent0": 0.39739130434782605, "perf/vram_util_percent0": 0.2027714004591669, "info/learner/default_policy/cur_kl_coeff": 1.0863865362864544e-09, "info/learner/default_policy/cur_lr": 5.0422808271832764e-05, "info/learner/default_policy/total_loss": 118.96867370605469, "info/learner/default_policy/policy_loss": -0.0065224082209169865, "info/learner/default_policy/vf_loss": 205.50271606445312, "info/learner/default_policy/vf_explained_var": 0.9187161922454834, "info/learner/default_policy/kl": 0.009666217491030693, "info/learner/default_policy/entropy": 0.6023274064064026, "info/learner/default_policy/entropy_coeff": 0.0018784991698339581, "_step": 29, "_runtime": 624, "_timestamp": 1606822419}