{"time_step_min": 3119, "_step": 7, "_runtime": 624, "_timestamp": 1602453873, "time_step_max": 4238, "time_step_mean": 3429.6405332128334, "episode_reward_max": 293.44444444444446, "episode_reward_min": 123.89898989899017, "episode_reward_mean": 246.12351399037522, "episodes_total": 4454, "training_iteration": 23}