{"time_step_min": 3182.0, "_step": 5, "_runtime": 619, "_timestamp": 1602186541, "episode_reward_max": 281.79797979798, "episode_reward_min": 115.78787878787877, "episode_reward_mean": 228.74478399214115, "episodes_total": 946, "training_iteration": 5}