{"time_step_min": 3180, "_step": 7, "_runtime": 640, "_timestamp": 1602366220, "time_step_max": 4098, "time_step_mean": 3606.964444444444, "episode_reward_max": 284.2020202020201, "episode_reward_min": 145.1111111111109, "episode_reward_mean": 219.0807101184255, "episodes_total": 928, "training_iteration": 5}