{"episode_reward_max": 267.08080808080746, "episode_reward_min": 163.1313131313127, "episode_reward_mean": 222.3881673881673, "episode_len_mean": 908.9166666666666, "episodes_this_iter": 14, "num_healthy_workers": 7, "timesteps_total": 78400, "episodes_total": 84, "training_iteration": 14, "timestamp": 1601913566, "time_this_iter_s": 44.074501514434814, "time_total_s": 622.017884016037, "time_since_restore": 622.017884016037, "timesteps_since_restore": 0, "iterations_since_restore": 14, "timers/sample_time_ms": 1537.652, "timers/sample_throughput": 3641.917, "timers/learn_time_ms": 42591.682, "timers/learn_throughput": 131.481, "timers/update_time_ms": 7.559, "info/num_steps_sampled": 78400, "info/num_steps_trained": 78400, "perf/cpu_util_percent": 18.973333333333333, "perf/ram_util_percent": 3.0, "info/learner/default_policy/allreduce_latency": 0.0, "info/learner/default_policy/cur_kl_coeff": 1.1390625, "info/learner/default_policy/cur_lr": 0.00010000000000000003, "info/learner/default_policy/total_loss": 84.18419326435436, "info/learner/default_policy/policy_loss": -0.10482878413644027, "info/learner/default_policy/vf_loss": 84.269493709911, "info/learner/default_policy/vf_explained_var": 0.9281850457191467, "info/learner/default_policy/kl": 0.01721653979356316, "info/learner/default_policy/entropy": 0.8297275277701291, "info/learner/default_policy/entropy_coeff": 0.00010000000000000003, "_step": 13, "_runtime": 627, "_timestamp": 1601913566, "custom_metrics/time_step_mean": 2240.190476190476, "custom_metrics/time_step_min": 0, "custom_metrics/time_step_max": 3927, "sampler_perf/mean_env_wait_ms": 1.2846591673279202, "sampler_perf/mean_raw_obs_processing_ms": 0.24368046031630725, "sampler_perf/mean_inference_ms": 1.815537454486296, "sampler_perf/mean_action_processing_ms": 0.09770826355800244}