{"time_step_min": 3221, "_step": 7, "_runtime": 636, "_timestamp": 1602351524, "time_step_max": 4157, "time_step_mean": 3543.583143507973, "episode_reward_max": 277.98989898989873, "episode_reward_min": 100.7171717171719, "episode_reward_mean": 229.42963533641503, "episodes_total": 3540, "training_iteration": 18}