{"time_step_min": 2746, "_step": 7, "_runtime": 11188, "_timestamp": 1602765296, "time_step_max": 4000, "time_step_mean": 2884.5042849280603, "episode_reward_max": 328.76767676767696, "episode_reward_min": 138.7676767676767, "episode_reward_mean": 307.78815934629193, "episodes_total": 89072, "training_iteration": 420}