{"time_step_min": 3152.0, "_step": 5, "_runtime": 651, "_timestamp": 1602232805, "episode_reward_max": 286.94949494949464, "episode_reward_min": 115.78787878787877, "episode_reward_mean": 236.48176612417103, "episodes_total": 2212, "training_iteration": 12}