{"time_step_min": 3168.0, "_step": 5, "_runtime": 637, "_timestamp": 1602200976, "episode_reward_max": 284.30303030303065, "episode_reward_min": 115.78787878787877, "episode_reward_mean": 233.75108177040227, "episodes_total": 3002, "training_iteration": 15}