{"time_step_min": 3145, "_step": 7, "_runtime": 628, "_timestamp": 1602489947, "time_step_max": 4188, "time_step_mean": 3423.254469171835, "episode_reward_max": 290.56565656565647, "episode_reward_min": 131.47474747474718, "episode_reward_mean": 247.24255256741642, "episodes_total": 5510, "training_iteration": 28}