{"time_step_min": 3229, "_step": 7, "_runtime": 646, "_timestamp": 1602388687, "time_step_max": 4581, "time_step_mean": 3537.022041763341, "episode_reward_max": 276.7777777777776, "episode_reward_min": 71.92929292929274, "episode_reward_mean": 230.48554009601193, "episodes_total": 3476, "training_iteration": 18}