{"time_step_min": 3204.0, "_step": 5, "_runtime": 630, "_timestamp": 1602167735, "episode_reward_max": 279.83838383838383, "episode_reward_min": 115.78787878787877, "episode_reward_mean": 228.88543664493028, "episodes_total": 1264, "training_iteration": 7}