{"episode_reward_max": 279.959595959595, "episode_reward_min": 162.3838383838382, "episode_reward_mean": 232.67292929292904, "episode_len_mean": 909.216, "episodes_this_iter": 320, "num_healthy_workers": 80, "timesteps_total": 2884566, "episodes_total": 3200, "training_iteration": 10, "timestamp": 1606765766, "time_this_iter_s": 35.57259511947632, "time_total_s": 317.1174259185791, "time_since_restore": 317.1174259185791, "timesteps_since_restore": 0, "iterations_since_restore": 10, "custom_metrics/time_step_mean": 3518.11, "custom_metrics/time_step_min": 3260, "custom_metrics/time_step_max": 3927, "sampler_perf/mean_env_wait_ms": 2.906421668693054, "sampler_perf/mean_raw_obs_processing_ms": 0.6970759452224681, "sampler_perf/mean_inference_ms": 5.0801262496807755, "sampler_perf/mean_action_processing_ms": 0.2624523107137945, "timers/sample_time_ms": 12427.924, "timers/sample_throughput": 23210.361, "timers/load_time_ms": 1035.398, "timers/load_throughput": 278594.896, "timers/learn_time_ms": 18046.532, "timers/learn_throughput": 15984.046, "timers/update_time_ms": 69.798, "info/num_steps_sampled": 2884566, "info/num_steps_trained": 2884566, "perf/cpu_util_percent": 45.548780487804876, "perf/ram_util_percent": 7.958536585365852, "perf/gpu_util_percent0": 0.4436585365853658, "perf/vram_util_percent0": 0.20277140045916692, "info/learner/default_policy/cur_kl_coeff": 0.0008660957682877779, "info/learner/default_policy/cur_lr": 0.0003468896902631968, "info/learner/default_policy/total_loss": 185.0138397216797, "info/learner/default_policy/policy_loss": -0.08059755712747574, "info/learner/default_policy/vf_loss": 192.83689880371094, "info/learner/default_policy/vf_explained_var": 0.9762307405471802, "info/learner/default_policy/kl": 0.013711228966712952, "info/learner/default_policy/entropy": 1.0554386377334595, "info/learner/default_policy/entropy_coeff": 0.004691379144787788, "_step": 9, "_runtime": 335, "_timestamp": 1606765766}