{"time_step_min": 3094, "_step": 7, "_runtime": 632, "_timestamp": 1602466685, "time_step_max": 4489, "time_step_mean": 3461.6219901363506, "episode_reward_max": 297.2323232323231, "episode_reward_min": 85.8686868686868, "episode_reward_mean": 241.96164522927106, "episodes_total": 3475, "training_iteration": 18}