{"time_step_min": 3012, "_step": 7, "_runtime": 3674, "_timestamp": 1602648900, "time_step_max": 4503, "time_step_mean": 3306.7343318880567, "episode_reward_max": 334.7474747474752, "episode_reward_min": 107.32323232323165, "episode_reward_mean": 288.5891202988416, "episodes_total": 27949, "training_iteration": 137}