{"time_step_min": 3198, "_step": 7, "_runtime": 636, "_timestamp": 1602357252, "time_step_max": 4293, "time_step_mean": 3548.135052689961, "episode_reward_max": 281.4747474747474, "episode_reward_min": 115.56565656565655, "episode_reward_mean": 228.26678730063432, "episodes_total": 3634, "training_iteration": 19}