{"time_step_min": 3160.0, "_step": 5, "_runtime": 616, "_timestamp": 1602189133, "episode_reward_max": 285.71717171717165, "episode_reward_min": 115.78787878787877, "episode_reward_mean": 228.93475898222712, "episodes_total": 316, "training_iteration": 2}