{"time_step_min": 3181.0, "_step": 5, "_runtime": 622, "_timestamp": 1602172851, "episode_reward_max": 283.28282828282806, "episode_reward_min": 115.78787878787877, "episode_reward_mean": 230.60287118725932, "episodes_total": 2844, "training_iteration": 15}