{"time_step_min": 3227, "_step": 7, "_runtime": 631, "_timestamp": 1602372642, "time_step_max": 4496, "time_step_mean": 3557.8346196251373, "episode_reward_max": 277.08080808080797, "episode_reward_min": 84.80808080808094, "episode_reward_mean": 226.94296907808942, "episodes_total": 3656, "training_iteration": 19}