{"nb_episodes": 1, "avg_best_result": 259.717171717172, "best_episode": 259.717171717172, "best_timestep": 3218, "_step": 0, "_runtime": 2, "_timestamp": 1602708045}