{"time_step_min": 3094.0, "_step": 5, "_runtime": 636, "_timestamp": 1602213978, "episode_reward_max": 295.74747474747426, "episode_reward_min": 115.78787878787877, "episode_reward_mean": 249.60878781416199, "episodes_total": 4689, "training_iteration": 24}