{"nb_episodes": 4320, "avg_best_result": 262.1849747474746, "best_episode": 281.62626262626236, "time_step_min": 3201, "_step": 0, "_runtime": 607, "_timestamp": 1602578123}