{"time_step_min": 3122, "_step": 7, "_runtime": 638, "_timestamp": 1602501397, "time_step_max": 4085, "time_step_mean": 3447.600490196078, "episode_reward_max": 292.989898989899, "episode_reward_min": 138.8989898989893, "episode_reward_mean": 243.7780875945432, "episodes_total": 4108, "training_iteration": 21}