{"episode_reward_max": 251.75757575757544, "episode_reward_min": 132.9090909090906, "episode_reward_mean": 223.05194805194785, "episode_len_mean": 896.7142857142857, "episodes_this_iter": 0, "num_healthy_workers": 7, "timesteps_total": 33600, "episodes_total": 28, "training_iteration": 6, "timestamp": 1601916060, "time_this_iter_s": 107.92950320243835, "time_total_s": 663.1294932365417, "time_since_restore": 663.1294932365417, "timesteps_since_restore": 0, "iterations_since_restore": 6, "timers/sample_time_ms": 2357.849, "timers/sample_throughput": 2375.046, "timers/learn_time_ms": 108126.627, "timers/learn_throughput": 51.791, "timers/update_time_ms": 9.364, "info/num_steps_sampled": 33600, "info/num_steps_trained": 33600, "perf/cpu_util_percent": 17.846938775510203, "perf/ram_util_percent": 3.0585034013605443, "info/learner/default_policy/allreduce_latency": 0.0, "info/learner/default_policy/cur_kl_coeff": 0.675, "info/learner/default_policy/cur_lr": 5.0000000000000016e-05, "info/learner/default_policy/total_loss": 13.769438028335571, "info/learner/default_policy/policy_loss": -0.12921918879940428, "info/learner/default_policy/vf_loss": 13.885593901981007, "info/learner/default_policy/vf_explained_var": 0.779649019241333, "info/learner/default_policy/kl": 0.019352807705713945, "info/learner/default_policy/entropy": 1.0635116493160075, "info/learner/default_policy/entropy_coeff": 0.0, "_step": 5, "_runtime": 665, "_timestamp": 1601916060, "custom_metrics/time_step_mean": 2160.9285714285716, "custom_metrics/time_step_min": 0, "custom_metrics/time_step_max": 3869, "sampler_perf/mean_env_wait_ms": 1.272445645280875, "sampler_perf/mean_raw_obs_processing_ms": 0.26883950685990005, "sampler_perf/mean_inference_ms": 2.8276523724958627, "sampler_perf/mean_action_processing_ms": 0.10798583142753006}