{"episode_reward_max": 179.77777777777786, "episode_reward_min": 69.07070707070702, "episode_reward_mean": 175.84258484848468, "episode_len_mean": 606.1928, "episodes_this_iter": 615, "num_healthy_workers": 80, "timesteps_total": 29962240, "episodes_total": 49258, "training_iteration": 133, "timestamp": 1608305694, "time_this_iter_s": 7.997577428817749, "time_total_s": 1058.222000360489, "time_since_restore": 1058.222000360489, "timesteps_since_restore": 0, "iterations_since_restore": 133, "custom_metrics/make_span_mean": 2257.82815, "custom_metrics/make_span_min": 2238, "custom_metrics/make_span_max": 2786, "sampler_perf/mean_env_wait_ms": 3.4816254993545366, "sampler_perf/mean_raw_obs_processing_ms": 0.6055822375419706, "sampler_perf/mean_inference_ms": 2.4862655442899837, "sampler_perf/mean_action_processing_ms": 0.23598278590550822, "timers/sample_time_ms": 5495.692, "timers/sample_throughput": 40992.111, "timers/load_time_ms": 495.062, "timers/load_throughput": 455053.682, "timers/learn_time_ms": 1652.918, "timers/learn_throughput": 136292.265, "timers/update_time_ms": 38.387, "info/num_steps_sampled": 29962240, "info/num_steps_trained": 29962240, "perf/cpu_util_percent": 57.71, "perf/ram_util_percent": 5.03, "perf/gpu_util_percent0": 0.142, "perf/vram_util_percent0": 0.10962610692030175, "info/learner/default_policy/cur_kl_coeff": 0.0, "info/learner/default_policy/cur_lr": 2.832000063790474e-05, "info/learner/default_policy/total_loss": 9.249018669128418, "info/learner/default_policy/policy_loss": -0.0014207810163497925, "info/learner/default_policy/vf_loss": 12.333918571472168, "info/learner/default_policy/vf_explained_var": 0.9972965717315674, "info/learner/default_policy/kl": 0.004892285447567701, "info/learner/default_policy/entropy": 0.05083268880844116, "info/learner/default_policy/entropy_coeff": 0.0, "_step": 132, "_runtime": 1137, "_timestamp": 1608305695}