{"nb_episodes": 1, "avg_best_result": 274.9595959595959, "best_episode": 274.9595959595959, "best_timestep": 3245, "_step": 0, "_runtime": 3, "_timestamp": 1602835074}