{"time_step_min": 3176.0, "_step": 5, "_runtime": 614, "_timestamp": 1602166450, "episode_reward_max": 282.4848484848477, "episode_reward_min": 115.78787878787877, "episode_reward_mean": 227.6303302007414, "episodes_total": 1264, "training_iteration": 7}