{"time_step_min": 3067.0, "_step": 5, "_runtime": 633, "_timestamp": 1602229575, "episode_reward_max": 299.5959595959593, "episode_reward_min": 115.78787878787877, "episode_reward_mean": 251.83683507182883, "episodes_total": 4898, "training_iteration": 25}