{"time_step_min": 3169.0, "_step": 5, "_runtime": 708, "_timestamp": 1602225036, "episode_reward_max": 295.72727272727246, "episode_reward_min": 128.66666666666666, "episode_reward_mean": 232.73509019087854, "episodes_total": 2194, "training_iteration": 6}