{"time_step_min": 3118, "_step": 7, "_runtime": 626, "_timestamp": 1602469241, "time_step_max": 4295, "time_step_mean": 3427.1550352352806, "episode_reward_max": 293.59595959595976, "episode_reward_min": 115.26262626262647, "episode_reward_mean": 246.94596062271677, "episodes_total": 4427, "training_iteration": 23}