{"episode_reward_max": 268.4444444444445, "episode_reward_min": 141.3232323232326, "episode_reward_mean": 223.51777777777792, "episode_len_mean": 763.24, "episodes_this_iter": 110, "num_healthy_workers": 11, "timesteps_total": 3212587, "episodes_total": 4091, "training_iteration": 38, "timestamp": 1605868005, "time_this_iter_s": 39.53890347480774, "time_total_s": 1402.7279686927795, "time_since_restore": 1402.7279686927795, "timesteps_since_restore": 0, "iterations_since_restore": 38, "custom_metrics/time_step_mean": 3571.088, "custom_metrics/time_step_min": 3352, "custom_metrics/time_step_max": 4000, "sampler_perf/mean_env_wait_ms": 4.873168794461982, "sampler_perf/mean_raw_obs_processing_ms": 1.0521265935601143, "sampler_perf/mean_inference_ms": 9.633825215497238, "sampler_perf/mean_action_processing_ms": 0.30481458230894837, "timers/sample_time_ms": 20880.748, "timers/sample_throughput": 4021.197, "timers/learn_time_ms": 16507.709, "timers/learn_throughput": 5086.448, "timers/update_time_ms": 12.899, "info/num_steps_sampled": 3212587, "info/num_steps_trained": 3212587, "perf/cpu_util_percent": 54.28541666666666, "perf/ram_util_percent": 21.160416666666666, "perf/gpu_util_percent0": 0.3033333333333333, "perf/vram_util_percent0": 0.6120894422147596, "info/learner/default_policy/allreduce_latency": 0.0, "info/learner/default_policy/cur_kl_coeff": 1.4668154536512849e-12, "info/learner/default_policy/cur_lr": 6.084560197450804e-06, "info/learner/default_policy/total_loss": 9.551179625771262, "info/learner/default_policy/policy_loss": -0.002500253856520761, "info/learner/default_policy/vf_loss": 14.011889977888627, "info/learner/default_policy/vf_explained_var": 0.9964811205863953, "info/learner/default_policy/kl": 0.0029478919142010536, "info/learner/default_policy/entropy": 0.6329856623302806, "info/learner/default_policy/entropy_coeff": 0.00017683986305362488, "_step": 37, "_runtime": 1424, "_timestamp": 1605868005}