{"time_step_min": 3132, "_step": 7, "_runtime": 1006, "_timestamp": 1602601664, "time_step_max": 4535, "time_step_mean": 3609.489078617792, "episode_reward_max": 291.4747474747467, "episode_reward_min": 78.89898989898981, "episode_reward_mean": 219.18414044370047, "episodes_total": 37159, "training_iteration": 1050}