{"time_step_min": 1207, "_step": 7, "_runtime": 646, "_timestamp": 1604234892, "time_step_max": 1901, "time_step_mean": 1270.4485656393304, "episode_reward_max": 49.040404040404106, "episode_reward_min": 13.080808080808094, "episode_reward_mean": 45.82882130203902, "episodes_total": 46934, "training_iteration": 30}