{"episode_reward_max": 131.09090909090898, "episode_reward_min": -9.919191919191974, "episode_reward_mean": 72.77343434343418, "episode_len_mean": 783.41, "episodes_this_iter": 320, "num_healthy_workers": 80, "timesteps_total": 5140535, "episodes_total": 6720, "training_iteration": 21, "timestamp": 1606824188, "time_this_iter_s": 23.65484881401062, "time_total_s": 468.28097796440125, "time_since_restore": 468.28097796440125, "timesteps_since_restore": 0, "iterations_since_restore": 21, "custom_metrics/time_step_mean": 2765.6485, "custom_metrics/time_step_min": 2479, "custom_metrics/time_step_max": 3107, "sampler_perf/mean_env_wait_ms": 4.181885317820416, "sampler_perf/mean_raw_obs_processing_ms": 1.0228751484828558, "sampler_perf/mean_inference_ms": 5.284623586688839, "sampler_perf/mean_action_processing_ms": 0.34192085512342735, "timers/sample_time_ms": 7555.089, "timers/sample_throughput": 32552.642, "timers/load_time_ms": 558.345, "timers/load_throughput": 440477.033, "timers/learn_time_ms": 13801.413, "timers/learn_throughput": 17819.777, "timers/update_time_ms": 62.766, "info/num_steps_sampled": 5140535, "info/num_steps_trained": 5140535, "perf/cpu_util_percent": 36.97241379310345, "perf/ram_util_percent": 8.062068965517241, "perf/gpu_util_percent0": 0.5117241379310344, "perf/vram_util_percent0": 0.19260413250245983, "info/learner/default_policy/cur_kl_coeff": 5.380671268540027e-07, "info/learner/default_policy/cur_lr": 0.000500875583384186, "info/learner/default_policy/total_loss": 163.91226196289062, "info/learner/default_policy/policy_loss": -0.09542495012283325, "info/learner/default_policy/vf_loss": 289.5755920410156, "info/learner/default_policy/vf_explained_var": 0.8527615070343018, "info/learner/default_policy/kl": 0.03880469501018524, "info/learner/default_policy/entropy": 0.6529635190963745, "info/learner/default_policy/entropy_coeff": 0.0025033107958734035, "_step": 20, "_runtime": 489, "_timestamp": 1606824188}