{"episode_reward_max": 305.2626262626256, "episode_reward_min": 199.95959595959553, "episode_reward_mean": 267.1930808080805, "episode_len_mean": 855.538, "episodes_this_iter": 240, "num_healthy_workers": 80, "timesteps_total": 6329037, "episodes_total": 7200, "training_iteration": 30, "timestamp": 1606764456, "time_this_iter_s": 19.239529132843018, "time_total_s": 599.8592896461487, "time_since_restore": 599.8592896461487, "timesteps_since_restore": 0, "iterations_since_restore": 30, "custom_metrics/time_step_mean": 3292.683, "custom_metrics/time_step_min": 3041, "custom_metrics/time_step_max": 3736, "sampler_perf/mean_env_wait_ms": 2.8827180804169448, "sampler_perf/mean_raw_obs_processing_ms": 0.7168783008383275, "sampler_perf/mean_inference_ms": 5.0333160970432145, "sampler_perf/mean_action_processing_ms": 0.247145257766662, "timers/sample_time_ms": 9073.931, "timers/sample_throughput": 22774.473, "timers/load_time_ms": 727.63, "timers/load_throughput": 284009.602, "timers/learn_time_ms": 9361.418, "timers/learn_throughput": 22075.075, "timers/update_time_ms": 42.776, "info/num_steps_sampled": 6329037, "info/num_steps_trained": 6329037, "perf/cpu_util_percent": 57.7, "perf/ram_util_percent": 7.4818181818181815, "perf/gpu_util_percent0": 0.4172727272727272, "perf/vram_util_percent0": 0.2027714004591669, "info/learner/default_policy/cur_kl_coeff": 6.620688997038826e-10, "info/learner/default_policy/cur_lr": 8.482080011162907e-05, "info/learner/default_policy/total_loss": 106.73309326171875, "info/learner/default_policy/policy_loss": -0.021039946004748344, "info/learner/default_policy/vf_loss": 150.57406616210938, "info/learner/default_policy/vf_explained_var": 0.9830560684204102, "info/learner/default_policy/kl": 0.010529415681958199, "info/learner/default_policy/entropy": 0.8637041449546814, "info/learner/default_policy/entropy_coeff": 0.0065340325236320496, "_step": 29, "_runtime": 619, "_timestamp": 1606764456}