{"episode_reward_max": 272.0101010101004, "episode_reward_min": 135.03030303030283, "episode_reward_mean": 223.1326358826357, "episode_len_mean": 855.8928571428571, "episodes_this_iter": 7, "num_healthy_workers": 7, "timesteps_total": 75600, "episodes_total": 84, "training_iteration": 18, "timestamp": 1601907743, "time_this_iter_s": 33.478161096572876, "time_total_s": 614.379301071167, "time_since_restore": 614.379301071167, "timesteps_since_restore": 0, "iterations_since_restore": 18, "timers/sample_time_ms": 1907.763, "timers/sample_throughput": 2201.531, "timers/learn_time_ms": 32070.786, "timers/learn_throughput": 130.96, "timers/update_time_ms": 7.076, "info/num_steps_sampled": 75600, "info/num_steps_trained": 75600, "perf/cpu_util_percent": 18.186956521739134, "perf/ram_util_percent": 2.9173913043478263, "info/learner/default_policy/allreduce_latency": 0.0, "info/learner/default_policy/cur_kl_coeff": 0.7593750000000001, "info/learner/default_policy/cur_lr": 5e-05, "info/learner/default_policy/total_loss": 3.6950211019226997, "info/learner/default_policy/policy_loss": -0.0868657547416109, "info/learner/default_policy/vf_loss": 3.769941817630421, "info/learner/default_policy/vf_explained_var": 0.9933611750602722, "info/learner/default_policy/kl": 0.01573003890613715, "info/learner/default_policy/entropy": 0.9049849185076627, "info/learner/default_policy/entropy_coeff": 0.0, "_step": 17, "_runtime": 621, "_timestamp": 1601907747, "custom_metrics/time_step_mean": 3576.964285714286, "custom_metrics/time_step_min": 3255, "custom_metrics/time_step_max": 4154, "sampler_perf/mean_env_wait_ms": 0.7508850958699538, "sampler_perf/mean_raw_obs_processing_ms": 0.15819468815510257, "sampler_perf/mean_inference_ms": 1.7961235861147749, "sampler_perf/mean_action_processing_ms": 0.07500348085582723}