{"time_step_min": 3225.0, "_step": 5, "_runtime": 685, "_timestamp": 1602176768, "episode_reward_max": 284.79797979798, "episode_reward_min": 147.0606060606061, "episode_reward_mean": 227.93504666922368, "episodes_total": 316, "training_iteration": 1}