{"time_step_min": 3101, "_step": 7, "_runtime": 639, "_timestamp": 1602378417, "time_step_max": 4082, "time_step_mean": 3493.658726048679, "episode_reward_max": 296.1717171717173, "episode_reward_min": 137.53535353535332, "episode_reward_mean": 236.60028303601558, "episodes_total": 3890, "training_iteration": 20}