{"time_step_min": 3157, "_step": 7, "_runtime": 623, "_timestamp": 1602443608, "time_step_max": 4229, "time_step_mean": 3467.278009316009, "episode_reward_max": 287.6868686868686, "episode_reward_min": 119.20202020201985, "episode_reward_mean": 240.7451357991898, "episodes_total": 4107, "training_iteration": 21}