{"episode_reward_max": 272.65656565656576, "episode_reward_min": 151.33333333333323, "episode_reward_mean": 227.73184223184222, "episode_len_mean": 846.5119047619048, "episodes_this_iter": 2, "num_healthy_workers": 7, "timesteps_total": 75600, "episodes_total": 84, "training_iteration": 18, "timestamp": 1601906486, "time_this_iter_s": 33.42348265647888, "time_total_s": 600.8065092563629, "time_since_restore": 600.8065092563629, "timesteps_since_restore": 0, "iterations_since_restore": 18, "timers/sample_time_ms": 1832.289, "timers/sample_throughput": 2292.215, "timers/learn_time_ms": 31396.757, "timers/learn_throughput": 133.772, "timers/update_time_ms": 6.627, "info/num_steps_sampled": 75600, "info/num_steps_trained": 75600, "perf/cpu_util_percent": 18.982608695652175, "perf/ram_util_percent": 2.8652173913043475, "info/learner/default_policy/allreduce_latency": 0.0, "info/learner/default_policy/cur_kl_coeff": 0.2, "info/learner/default_policy/cur_lr": 5e-05, "info/learner/default_policy/total_loss": 7.726090590159099, "info/learner/default_policy/policy_loss": -0.082628887513596, "info/learner/default_policy/vf_loss": 7.804639567028392, "info/learner/default_policy/vf_explained_var": 0.9749631285667419, "info/learner/default_policy/kl": 0.020399965120084358, "info/learner/default_policy/entropy": 0.8326481490424185, "info/learner/default_policy/entropy_coeff": 0.0, "_step": 17, "_runtime": 603, "_timestamp": 1601906486, "custom_metrics/time_step_mean": 3545.785714285714, "custom_metrics/time_step_min": 3253, "custom_metrics/time_step_max": 4056, "sampler_perf/mean_env_wait_ms": 0.7328067199803263, "sampler_perf/mean_raw_obs_processing_ms": 0.15212207255677002, "sampler_perf/mean_inference_ms": 1.7230298538938082, "sampler_perf/mean_action_processing_ms": 0.07204489817774684}