{"time_step_min": 3150, "_step": 7, "_runtime": 641, "_timestamp": 1602441676, "time_step_max": 4270, "time_step_mean": 3477.8800303720577, "episode_reward_max": 288.7474747474744, "episode_reward_min": 119.05050505050518, "episode_reward_mean": 239.85461298077522, "episodes_total": 3979, "training_iteration": 21}