{"time_step_min": 3165, "_step": 7, "_runtime": 625, "_timestamp": 1602279363, "time_step_max": 4249, "time_step_mean": 3534.2117310443487, "episode_reward_max": 286.4747474747474, "episode_reward_min": 101.92929292929271, "episode_reward_mean": 231.25991883317062, "episodes_total": 3604, "training_iteration": 10}