{"episode_reward_max": 265.94949494949526, "episode_reward_min": 205.09090909090864, "episode_reward_mean": 225.52597402597394, "episode_len_mean": 874.8571428571429, "episodes_this_iter": 7, "num_healthy_workers": 7, "timesteps_total": 12600, "episodes_total": 14, "training_iteration": 3, "timestamp": 1601911364, "time_this_iter_s": 273.7210488319397, "time_total_s": 800.6148636341095, "time_since_restore": 800.6148636341095, "timesteps_since_restore": 0, "iterations_since_restore": 3, "timers/sample_time_ms": 5031.563, "timers/sample_throughput": 834.731, "timers/learn_time_ms": 261772.101, "timers/learn_throughput": 16.044, "timers/update_time_ms": 13.414, "info/num_steps_sampled": 12600, "info/num_steps_trained": 12600, "perf/cpu_util_percent": 17.943013698630136, "perf/ram_util_percent": 3.57013698630137, "info/learner/default_policy/allreduce_latency": 0.0, "info/learner/default_policy/cur_kl_coeff": 0.45000000000000007, "info/learner/default_policy/cur_lr": 5e-05, "info/learner/default_policy/total_loss": 141.0823720296224, "info/learner/default_policy/policy_loss": -0.14866961262217074, "info/learner/default_policy/vf_loss": 141.21840020382044, "info/learner/default_policy/vf_explained_var": 0.8328624367713928, "info/learner/default_policy/kl": 0.028324473536375797, "info/learner/default_policy/entropy": 1.043194055557251, "info/learner/default_policy/entropy_coeff": 0.0001, "_step": 2, "_runtime": 802, "_timestamp": 1601911364, "custom_metrics/time_step_mean": 3560.9285714285716, "custom_metrics/time_step_min": 3291, "custom_metrics/time_step_max": 3696, "sampler_perf/mean_env_wait_ms": 0.6893621513095576, "sampler_perf/mean_raw_obs_processing_ms": 0.18572113055412912, "sampler_perf/mean_inference_ms": 5.760618006787332, "sampler_perf/mean_action_processing_ms": 0.0901421788773835}