{"episode_reward_max": 256.70707070707044, "episode_reward_min": 167.51515151515122, "episode_reward_mean": 220.34776334776316, "episode_len_mean": 884.9428571428572, "episodes_this_iter": 7, "num_healthy_workers": 7, "timesteps_total": 33600, "episodes_total": 35, "training_iteration": 8, "timestamp": 1601909668, "time_this_iter_s": 76.2415132522583, "time_total_s": 619.367653131485, "time_since_restore": 619.367653131485, "timesteps_since_restore": 0, "iterations_since_restore": 8, "timers/sample_time_ms": 2825.139, "timers/sample_throughput": 1486.653, "timers/learn_time_ms": 74558.502, "timers/learn_throughput": 56.332, "timers/update_time_ms": 7.813, "info/num_steps_sampled": 33600, "info/num_steps_trained": 33600, "perf/cpu_util_percent": 18.585576923076925, "perf/ram_util_percent": 3.0086538461538463, "info/learner/default_policy/allreduce_latency": 0.0, "info/learner/default_policy/cur_kl_coeff": 1.7085937500000001, "info/learner/default_policy/cur_lr": 0.0001, "info/learner/default_policy/total_loss": 44.687102462306164, "info/learner/default_policy/policy_loss": -0.10935717561479771, "info/learner/default_policy/vf_loss": 44.77007467096502, "info/learner/default_policy/vf_explained_var": 0.9585205912590027, "info/learner/default_policy/kl": 0.015442340578319448, "info/learner/default_policy/entropy": 0.8642477465398384, "info/learner/default_policy/entropy_coeff": 0.0, "_step": 7, "_runtime": 622, "_timestamp": 1601909668, "custom_metrics/time_step_mean": 3594.7714285714287, "custom_metrics/time_step_min": 3347, "custom_metrics/time_step_max": 3942, "sampler_perf/mean_env_wait_ms": 0.7189469312800411, "sampler_perf/mean_raw_obs_processing_ms": 0.17802244384471733, "sampler_perf/mean_inference_ms": 2.830008198025258, "sampler_perf/mean_action_processing_ms": 0.0849773435768533}