{"time_step_min": 3122.0, "_step": 5, "_runtime": 615, "_timestamp": 1602216553, "episode_reward_max": 292.22222222222223, "episode_reward_min": 115.78787878787877, "episode_reward_mean": 242.00540019949773, "episodes_total": 2643, "training_iteration": 14}