{"episode_reward_max": 292.2323232323229, "episode_reward_min": 189.95959595959584, "episode_reward_mean": 253.59247474747448, "episode_len_mean": 892.054, "episodes_this_iter": 98, "num_healthy_workers": 11, "timesteps_total": 3651707, "episodes_total": 4043, "training_iteration": 44, "timestamp": 1605847099, "time_this_iter_s": 37.307291984558105, "time_total_s": 1578.8259406089783, "time_since_restore": 1578.8259406089783, "timesteps_since_restore": 0, "iterations_since_restore": 44, "custom_metrics/time_step_mean": 3365.021, "custom_metrics/time_step_min": 3127, "custom_metrics/time_step_max": 3636, "sampler_perf/mean_env_wait_ms": 4.186600927791267, "sampler_perf/mean_raw_obs_processing_ms": 1.0471508465501478, "sampler_perf/mean_inference_ms": 9.64257411415968, "sampler_perf/mean_action_processing_ms": 0.3020088184788735, "timers/sample_time_ms": 19880.597, "timers/sample_throughput": 4291.385, "timers/learn_time_ms": 16749.179, "timers/learn_throughput": 5093.701, "timers/update_time_ms": 12.676, "info/num_steps_sampled": 3651707, "info/num_steps_trained": 3651707, "perf/cpu_util_percent": 49.42666666666666, "perf/ram_util_percent": 21.251111111111115, "perf/gpu_util_percent0": 0.3284444444444445, "perf/vram_util_percent0": 0.6120894422147596, "info/learner/default_policy/allreduce_latency": 0.0, "info/learner/default_policy/cur_kl_coeff": 0.042423670906422344, "info/learner/default_policy/cur_lr": 0.00021343440677175016, "info/learner/default_policy/total_loss": 154.28761846368963, "info/learner/default_policy/policy_loss": -0.0841959880834276, "info/learner/default_policy/vf_loss": 107.02269606156783, "info/learner/default_policy/vf_explained_var": 0.9901495575904846, "info/learner/default_policy/kl": 0.04529542848467827, "info/learner/default_policy/entropy": 0.5874546603723005, "info/learner/default_policy/entropy_coeff": 0.0003205884769836563, "_step": 43, "_runtime": 1600, "_timestamp": 1605847099}