{"episode_reward_max": 284.36363636363666, "episode_reward_min": 162.7777777777776, "episode_reward_mean": 233.8383838383836, "episode_len_mean": 882.4285714285714, "episodes_this_iter": 7, "num_healthy_workers": 7, "timesteps_total": 75600, "episodes_total": 84, "training_iteration": 18, "timestamp": 1601907116, "time_this_iter_s": 34.332947731018066, "time_total_s": 618.72270154953, "time_since_restore": 618.72270154953, "timesteps_since_restore": 0, "iterations_since_restore": 18, "timers/sample_time_ms": 1791.511, "timers/sample_throughput": 2344.39, "timers/learn_time_ms": 32408.005, "timers/learn_throughput": 129.598, "timers/update_time_ms": 7.399, "info/num_steps_sampled": 75600, "info/num_steps_trained": 75600, "perf/cpu_util_percent": 20.323404255319147, "perf/ram_util_percent": 2.776595744680851, "info/learner/default_policy/allreduce_latency": 0.0, "info/learner/default_policy/cur_kl_coeff": 2.562890625, "info/learner/default_policy/cur_lr": 0.0005, "info/learner/default_policy/total_loss": 1.195069867553133, "info/learner/default_policy/policy_loss": -0.14278234050355174, "info/learner/default_policy/vf_loss": 1.2888354848731647, "info/learner/default_policy/vf_explained_var": 0.9985437393188477, "info/learner/default_policy/kl": 0.019125577993690968, "info/learner/default_policy/entropy": 0.8864154851797855, "info/learner/default_policy/entropy_coeff": 0.0, "_step": 17, "_runtime": 624, "_timestamp": 1601907118, "custom_metrics/time_step_mean": 3504.2619047619046, "custom_metrics/time_step_min": 3170, "custom_metrics/time_step_max": 3979, "sampler_perf/mean_env_wait_ms": 0.7084632077016696, "sampler_perf/mean_raw_obs_processing_ms": 0.1496912780337344, "sampler_perf/mean_inference_ms": 1.6932550812551732, "sampler_perf/mean_action_processing_ms": 0.07137199131328494}