{"episode_reward_max": 266.020202020202, "episode_reward_min": 162.6868686868684, "episode_reward_mean": 232.2483838383839, "episode_len_mean": 816.921, "episodes_this_iter": 99, "num_healthy_workers": 11, "timesteps_total": 3342812, "episodes_total": 4086, "training_iteration": 41, "timestamp": 1605860486, "time_this_iter_s": 35.48980951309204, "time_total_s": 1444.221735715866, "time_since_restore": 1444.221735715866, "timesteps_since_restore": 0, "iterations_since_restore": 41, "custom_metrics/time_step_mean": 3524.654, "custom_metrics/time_step_min": 3334, "custom_metrics/time_step_max": 3833, "sampler_perf/mean_env_wait_ms": 4.5983648079116355, "sampler_perf/mean_raw_obs_processing_ms": 1.0395690213442863, "sampler_perf/mean_inference_ms": 9.53710468397785, "sampler_perf/mean_action_processing_ms": 0.29819099278814964, "timers/sample_time_ms": 18804.975, "timers/sample_throughput": 4300.989, "timers/learn_time_ms": 15715.941, "timers/learn_throughput": 5146.367, "timers/update_time_ms": 12.389, "info/num_steps_sampled": 3342812, "info/num_steps_trained": 3342812, "perf/cpu_util_percent": 45.710869565217386, "perf/ram_util_percent": 21.12391304347826, "perf/gpu_util_percent0": 0.2943478260869565, "perf/vram_util_percent0": 0.6120894422147597, "info/learner/default_policy/allreduce_latency": 0.0, "info/learner/default_policy/cur_kl_coeff": 2.1086867034804045e-13, "info/learner/default_policy/cur_lr": 9.006664250179027e-05, "info/learner/default_policy/total_loss": 1.7845266461372375, "info/learner/default_policy/policy_loss": -0.02523559667170048, "info/learner/default_policy/vf_loss": 2.490125894546509, "info/learner/default_policy/vf_explained_var": 0.9995741844177246, "info/learner/default_policy/kl": 0.00952047910541296, "info/learner/default_policy/entropy": 0.7012171685695648, "info/learner/default_policy/entropy_coeff": 0.00022777840535120943, "_step": 40, "_runtime": 1467, "_timestamp": 1605860486}