{"nb_episodes": 1, "avg_best_result": 264.3737373737375, "best_episode": 264.3737373737375, "best_timestep": 3171, "_step": 0, "_runtime": 4, "_timestamp": 1602835064}