{"time_step_min": 3059, "_step": 7, "_runtime": 626, "_timestamp": 1602518691, "time_step_max": 3906, "time_step_mean": 3331.2821695213, "episode_reward_max": 301.4343434343433, "episode_reward_min": 165.67676767676747, "episode_reward_mean": 259.23495981200034, "episodes_total": 4582, "training_iteration": 23}