{"episode_reward_max": 251.08080808080823, "episode_reward_min": 166.99999999999991, "episode_reward_mean": 220.88888888888877, "episode_len_mean": 872.0714285714286, "episodes_this_iter": 7, "num_healthy_workers": 7, "timesteps_total": 12600, "episodes_total": 14, "training_iteration": 3, "timestamp": 1601911341, "time_this_iter_s": 265.4931082725525, "time_total_s": 808.6867594718933, "time_since_restore": 808.6867594718933, "timesteps_since_restore": 0, "iterations_since_restore": 3, "timers/sample_time_ms": 5820.488, "timers/sample_throughput": 721.589, "timers/learn_time_ms": 263666.891, "timers/learn_throughput": 15.929, "timers/update_time_ms": 18.304, "info/num_steps_sampled": 12600, "info/num_steps_trained": 12600, "perf/cpu_util_percent": 17.669774011299435, "perf/ram_util_percent": 3.5824858757062152, "info/learner/default_policy/allreduce_latency": 0.0, "info/learner/default_policy/cur_kl_coeff": 0.45000000000000007, "info/learner/default_policy/cur_lr": 5e-05, "info/learner/default_policy/total_loss": 228.61693711714312, "info/learner/default_policy/policy_loss": -0.14245084165172142, "info/learner/default_policy/vf_loss": 228.74675103389856, "info/learner/default_policy/vf_explained_var": 0.7642187476158142, "info/learner/default_policy/kl": 0.028080925345420837, "info/learner/default_policy/entropy": 1.0379234227267178, "info/learner/default_policy/entropy_coeff": 0.0, "_step": 2, "_runtime": 811, "_timestamp": 1601911341, "custom_metrics/time_step_mean": 3590.8571428571427, "custom_metrics/time_step_min": 3387, "custom_metrics/time_step_max": 3943, "sampler_perf/mean_env_wait_ms": 0.6952412916189814, "sampler_perf/mean_raw_obs_processing_ms": 0.1868959823899337, "sampler_perf/mean_inference_ms": 5.793338085059426, "sampler_perf/mean_action_processing_ms": 0.08650121676108856}