{"episode_reward_max": 259.9696969696971, "episode_reward_min": 181.55555555555532, "episode_reward_mean": 222.78715728715716, "episode_len_mean": 881.4285714285714, "episodes_this_iter": 7, "num_healthy_workers": 7, "timesteps_total": 12600, "episodes_total": 14, "training_iteration": 3, "timestamp": 1601912863, "time_this_iter_s": 265.5440011024475, "time_total_s": 786.8572268486023, "time_since_restore": 786.8572268486023, "timesteps_since_restore": 0, "iterations_since_restore": 3, "timers/sample_time_ms": 5172.98, "timers/sample_throughput": 811.911, "timers/learn_time_ms": 257045.077, "timers/learn_throughput": 16.34, "timers/update_time_ms": 11.486, "info/num_steps_sampled": 12600, "info/num_steps_trained": 12600, "perf/cpu_util_percent": 18.0685393258427, "perf/ram_util_percent": 3.285955056179776, "info/learner/default_policy/allreduce_latency": 0.0, "info/learner/default_policy/cur_kl_coeff": 0.45000000000000007, "info/learner/default_policy/cur_lr": 5e-05, "info/learner/default_policy/total_loss": 118.71786788015655, "info/learner/default_policy/policy_loss": -0.14604868745487748, "info/learner/default_policy/vf_loss": 118.84818522135417, "info/learner/default_policy/vf_explained_var": 0.8630592823028564, "info/learner/default_policy/kl": 0.035183304638573616, "info/learner/default_policy/entropy": 0.9992621631333323, "info/learner/default_policy/entropy_coeff": 0.0001, "_step": 2, "_runtime": 790, "_timestamp": 1601912864, "custom_metrics/time_step_mean": 3579.0714285714284, "custom_metrics/time_step_min": 3331, "custom_metrics/time_step_max": 3856, "sampler_perf/mean_env_wait_ms": 0.6798616676327798, "sampler_perf/mean_raw_obs_processing_ms": 0.1856604563605751, "sampler_perf/mean_inference_ms": 5.750466725942329, "sampler_perf/mean_action_processing_ms": 0.08633254285116461}