{"nb_episodes": 1, "avg_best_result": 224.37373737373733, "best_episode": 224.37373737373733, "best_timestep": 3435, "_step": 0, "_runtime": 1, "_timestamp": 1602708256}