{"episode_reward_max": 263.61616161616166, "episode_reward_min": 155.68686868686834, "episode_reward_mean": 224.82070707070687, "episode_len_mean": 889.797619047619, "episodes_this_iter": 14, "num_healthy_workers": 7, "timesteps_total": 78400, "episodes_total": 84, "training_iteration": 14, "timestamp": 1601914756, "time_this_iter_s": 44.75669074058533, "time_total_s": 626.7399668693542, "time_since_restore": 626.7399668693542, "timesteps_since_restore": 0, "iterations_since_restore": 14, "timers/sample_time_ms": 1536.747, "timers/sample_throughput": 3644.061, "timers/learn_time_ms": 43076.501, "timers/learn_throughput": 130.001, "timers/update_time_ms": 6.268, "info/num_steps_sampled": 78400, "info/num_steps_trained": 78400, "perf/cpu_util_percent": 18.365625, "perf/ram_util_percent": 2.965625, "info/learner/default_policy/allreduce_latency": 0.0, "info/learner/default_policy/cur_kl_coeff": 1.7085937500000006, "info/learner/default_policy/cur_lr": 0.00010000000000000003, "info/learner/default_policy/total_loss": 26.320152022621848, "info/learner/default_policy/policy_loss": -0.06727249374274503, "info/learner/default_policy/vf_loss": 26.369090166958895, "info/learner/default_policy/vf_explained_var": 0.9869060516357422, "info/learner/default_policy/kl": 0.010730768511579796, "info/learner/default_policy/entropy": 0.8524569137529894, "info/learner/default_policy/entropy_coeff": 0.0, "_step": 13, "_runtime": 635, "_timestamp": 1601914758, "custom_metrics/time_step_mean": 2550.6190476190477, "custom_metrics/time_step_min": 0, "custom_metrics/time_step_max": 4016, "sampler_perf/mean_env_wait_ms": 1.290154367209985, "sampler_perf/mean_raw_obs_processing_ms": 0.24149393964185203, "sampler_perf/mean_inference_ms": 1.840486953242358, "sampler_perf/mean_action_processing_ms": 0.09804766565695103}