{"time_step_min": 3099, "_step": 7, "_runtime": 624, "_timestamp": 1602516133, "time_step_max": 3980, "time_step_mean": 3441.851321585903, "episode_reward_max": 297.08080808080797, "episode_reward_min": 148.1414141414143, "episode_reward_mean": 245.50656499521628, "episodes_total": 4582, "training_iteration": 23}