{"time_step_min": 3220, "_step": 7, "_runtime": 632, "_timestamp": 1602367516, "time_step_max": 4154, "time_step_mean": 3521.254237288136, "episode_reward_max": 280.5656565656567, "episode_reward_min": 136.62626262626264, "episode_reward_mean": 232.4981326916811, "episodes_total": 3627, "training_iteration": 18}