{"episode_reward_max": 296.02020202020157, "episode_reward_min": 196.02020202020216, "episode_reward_mean": 255.08595959595945, "episode_len_mean": 802.09, "episodes_this_iter": 101, "num_healthy_workers": 11, "timesteps_total": 3349113, "episodes_total": 4070, "training_iteration": 41, "timestamp": 1605869453, "time_this_iter_s": 33.37456274032593, "time_total_s": 1418.1109397411346, "time_since_restore": 1418.1109397411346, "timesteps_since_restore": 0, "iterations_since_restore": 41, "custom_metrics/time_step_mean": 3380.941, "custom_metrics/time_step_min": 3200, "custom_metrics/time_step_max": 3671, "sampler_perf/mean_env_wait_ms": 4.683866760750436, "sampler_perf/mean_raw_obs_processing_ms": 1.0670645433304227, "sampler_perf/mean_inference_ms": 9.91007560498103, "sampler_perf/mean_action_processing_ms": 0.3117036571016315, "timers/sample_time_ms": 18550.342, "timers/sample_throughput": 4332.519, "timers/learn_time_ms": 15750.966, "timers/learn_throughput": 5102.525, "timers/update_time_ms": 12.259, "info/num_steps_sampled": 3349113, "info/num_steps_trained": 3349113, "perf/cpu_util_percent": 42.97441860465116, "perf/ram_util_percent": 21.202325581395346, "perf/gpu_util_percent0": 0.30511627906976746, "perf/vram_util_percent0": 0.6120894422147596, "info/learner/default_policy/allreduce_latency": 0.0, "info/learner/default_policy/cur_kl_coeff": 2.1629959005287792e-13, "info/learner/default_policy/cur_lr": 6.417828935862573e-05, "info/learner/default_policy/total_loss": 1.4549397110939026, "info/learner/default_policy/policy_loss": -0.024376278184354304, "info/learner/default_policy/vf_loss": 2.543431043624878, "info/learner/default_policy/vf_explained_var": 0.9996976852416992, "info/learner/default_policy/kl": 0.013629771303385496, "info/learner/default_policy/entropy": 0.7675118565559387, "info/learner/default_policy/entropy_coeff": 0.00032257427741753605, "_step": 40, "_runtime": 1442, "_timestamp": 1605869453}