{"time_step_min": 2977, "_step": 7, "_runtime": 11198, "_timestamp": 1602798880, "time_step_max": 4503, "time_step_mean": 3161.907909501019, "episode_reward_max": 338.5353535353541, "episode_reward_min": 107.32323232323165, "episode_reward_mean": 310.5390885277588, "episodes_total": 87380, "training_iteration": 419}