{"time_step_min": 3125.0, "_step": 5, "_runtime": 629, "_timestamp": 1602167090, "episode_reward_max": 290.24242424242385, "episode_reward_min": 115.78787878787877, "episode_reward_mean": 235.34277179156337, "episodes_total": 1738, "training_iteration": 9}