{"time_step_min": 3204, "_step": 7, "_runtime": 623, "_timestamp": 1602350238, "time_step_max": 4067, "time_step_mean": 3605.910313901345, "episode_reward_max": 280.5656565656562, "episode_reward_min": 145.41414141414134, "episode_reward_mean": 219.32188978391488, "episodes_total": 474, "training_iteration": 3}