{"time_step_min": 3045, "_step": 7, "_runtime": 635, "_timestamp": 1602512199, "time_step_max": 3907, "time_step_mean": 3324.979921431689, "episode_reward_max": 302.1919191919193, "episode_reward_min": 165.67676767676747, "episode_reward_mean": 259.806130721532, "episodes_total": 4610, "training_iteration": 24}