{"episode_reward_max": 274.0505050505049, "episode_reward_min": 160.69696969696955, "episode_reward_mean": 227.03126503126484, "episode_len_mean": 887.9880952380952, "episodes_this_iter": 7, "num_healthy_workers": 7, "timesteps_total": 75600, "episodes_total": 84, "training_iteration": 18, "timestamp": 1601906519, "time_this_iter_s": 34.5141282081604, "time_total_s": 619.1299605369568, "time_since_restore": 619.1299605369568, "timesteps_since_restore": 0, "iterations_since_restore": 18, "timers/sample_time_ms": 1831.618, "timers/sample_throughput": 2293.055, "timers/learn_time_ms": 32328.652, "timers/learn_throughput": 129.916, "timers/update_time_ms": 8.43, "info/num_steps_sampled": 75600, "info/num_steps_trained": 75600, "perf/cpu_util_percent": 23.375, "perf/ram_util_percent": 2.6291666666666664, "info/learner/default_policy/allreduce_latency": 0.0, "info/learner/default_policy/cur_kl_coeff": 3.4171875, "info/learner/default_policy/cur_lr": 0.0005, "info/learner/default_policy/total_loss": 11.43879655635718, "info/learner/default_policy/policy_loss": -0.10170267793265256, "info/learner/default_policy/vf_loss": 11.501523617542151, "info/learner/default_policy/vf_explained_var": 0.9859625101089478, "info/learner/default_policy/kl": 0.011405804476728945, "info/learner/default_policy/entropy": 0.9083760182062784, "info/learner/default_policy/entropy_coeff": 0.0, "_step": 17, "_runtime": 625, "_timestamp": 1601906523, "custom_metrics/time_step_mean": 3549.059523809524, "custom_metrics/time_step_min": 3231, "custom_metrics/time_step_max": 3987, "sampler_perf/mean_env_wait_ms": 0.7231213243180994, "sampler_perf/mean_raw_obs_processing_ms": 0.15712033994380975, "sampler_perf/mean_inference_ms": 1.7774920808150045, "sampler_perf/mean_action_processing_ms": 0.07398463925882029}