{"time_step_min": 3111.0, "_step": 5, "_runtime": 643, "_timestamp": 1602239909, "episode_reward_max": 295.4343434343429, "episode_reward_min": 147.0606060606061, "episode_reward_mean": 240.11568067912026, "episodes_total": 3791, "training_iteration": 10}