{"episode_reward_max": 271.30303030303014, "episode_reward_min": 191.45454545454578, "episode_reward_mean": 229.62770562770558, "episode_len_mean": 883.3571428571429, "episodes_this_iter": 7, "num_healthy_workers": 7, "timesteps_total": 12600, "episodes_total": 14, "training_iteration": 3, "timestamp": 1601912657, "time_this_iter_s": 255.58757948875427, "time_total_s": 769.5266668796539, "time_since_restore": 769.5266668796539, "timesteps_since_restore": 0, "iterations_since_restore": 3, "timers/sample_time_ms": 4920.194, "timers/sample_throughput": 853.625, "timers/learn_time_ms": 251497.066, "timers/learn_throughput": 16.7, "timers/update_time_ms": 17.133, "info/num_steps_sampled": 12600, "info/num_steps_trained": 12600, "perf/cpu_util_percent": 17.306997084548108, "perf/ram_util_percent": 3.4536443148688036, "info/learner/default_policy/allreduce_latency": 0.0, "info/learner/default_policy/cur_kl_coeff": 0.22500000000000003, "info/learner/default_policy/cur_lr": 0.0001, "info/learner/default_policy/total_loss": 110.64505975896662, "info/learner/default_policy/policy_loss": -0.16907217489047485, "info/learner/default_policy/vf_loss": 110.7986147331469, "info/learner/default_policy/vf_explained_var": 0.8702402114868164, "info/learner/default_policy/kl": 0.06936578689651056, "info/learner/default_policy/entropy": 0.9138933962041681, "info/learner/default_policy/entropy_coeff": 0.0001, "_step": 2, "_runtime": 771, "_timestamp": 1601912657, "custom_metrics/time_step_mean": 3533.6428571428573, "custom_metrics/time_step_min": 3253, "custom_metrics/time_step_max": 3788, "sampler_perf/mean_env_wait_ms": 0.6844587768323701, "sampler_perf/mean_raw_obs_processing_ms": 0.190476626098032, "sampler_perf/mean_inference_ms": 5.670783901363543, "sampler_perf/mean_action_processing_ms": 0.08993851746262564}