{"time_step_min": 3106, "_step": 7, "_runtime": 626, "_timestamp": 1602253481, "time_step_max": 4214, "time_step_mean": 3446.902463054187, "episode_reward_max": 295.4141414141416, "episode_reward_min": 126.17171717171709, "episode_reward_mean": 243.84402488683295, "episodes_total": 4088, "training_iteration": 21}