{"episode_reward_max": 275.41414141414054, "episode_reward_min": 9.505050505050278, "episode_reward_mean": 198.5843939393938, "episode_len_mean": 817.3296666666666, "episodes_this_iter": 313, "num_healthy_workers": 80, "timesteps_total": 10970573, "episodes_total": 12895, "training_iteration": 51, "timestamp": 1606691758, "time_this_iter_s": 13.528626918792725, "time_total_s": 589.8950881958008, "time_since_restore": 589.8950881958008, "timesteps_since_restore": 0, "iterations_since_restore": 51, "custom_metrics/time_step_mean": 3745.0763333333334, "custom_metrics/time_step_min": 3238, "custom_metrics/time_step_max": 4993, "sampler_perf/mean_env_wait_ms": 0.8848811091745736, "sampler_perf/mean_raw_obs_processing_ms": 0.23287739291346785, "sampler_perf/mean_inference_ms": 2.470708149241698, "sampler_perf/mean_action_processing_ms": 0.10056905310695159, "timers/sample_time_ms": 4438.738, "timers/sample_throughput": 26685.064, "info/num_steps_sampled": 10970573, "info/num_steps_trained": 15872032, "perf/cpu_util_percent": 85.33636363636364, "perf/ram_util_percent": 7.8909090909090915, "perf/gpu_util_percent0": 0.02727272727272727, "perf/vram_util_percent0": 0.33297802558215805, "info/learner_queue/size_count": 134, "info/learner_queue/size_mean": 0.38, "info/learner_queue/size_std": 0.4853864439804639, "info/timing_breakdown/learner_grad_time_ms": 1017.938, "info/timing_breakdown/learner_load_time_ms": 0.0, "info/timing_breakdown/learner_load_wait_time_ms": 0.0, "info/timing_breakdown/learner_dequeue_time_ms": 3429.326, "info/learner/default_policy/allreduce_latency": 0.0, "info/learner/default_policy/grad_gnorm": 2745655296.0, "info/learner/default_policy/cur_lr": 0.0005465762290946866, "info/learner/default_policy/policy_loss": 84466.421875, "info/learner/default_policy/entropy": 2096.877685546875, "info/learner/default_policy/entropy_coeff": 9.099316873002894e-06, "info/learner/default_policy/var_gnorm": 58.49344253540039, "info/learner/default_policy/vf_loss": 1533873664.0, "info/learner/default_policy/vf_explained_var": 0.9636358618736267, "_step": 50, "_runtime": 609, "_timestamp": 1606691758, "info/num_weight_broadcasts": 19}