{"episode_reward_max": 266.94949494949475, "episode_reward_min": 168.92929292929298, "episode_reward_mean": 218.35209235209223, "episode_len_mean": 886.5357142857143, "episodes_this_iter": 0, "num_healthy_workers": 7, "timesteps_total": 29400, "episodes_total": 28, "training_iteration": 7, "timestamp": 1601907774, "time_this_iter_s": 92.41726851463318, "time_total_s": 630.9802618026733, "time_since_restore": 630.9802618026733, "timesteps_since_restore": 0, "iterations_since_restore": 7, "timers/sample_time_ms": 2744.008, "timers/sample_throughput": 1530.608, "timers/learn_time_ms": 87357.627, "timers/learn_throughput": 48.078, "timers/update_time_ms": 8.091, "info/num_steps_sampled": 29400, "info/num_steps_trained": 29400, "perf/cpu_util_percent": 19.523015873015876, "perf/ram_util_percent": 2.873015873015873, "info/learner/default_policy/allreduce_latency": 0.0, "info/learner/default_policy/cur_kl_coeff": 2.2781249999999997, "info/learner/default_policy/cur_lr": 0.0005, "info/learner/default_policy/total_loss": 3.9560339017347856, "info/learner/default_policy/policy_loss": -0.2069293867909547, "info/learner/default_policy/vf_loss": 4.116945346196492, "info/learner/default_policy/vf_explained_var": 0.9480155110359192, "info/learner/default_policy/kl": 0.020249747642965027, "info/learner/default_policy/entropy": 1.1356153307539043, "info/learner/default_policy/entropy_coeff": 0.0001, "_step": 6, "_runtime": 634, "_timestamp": 1601907775, "custom_metrics/time_step_mean": 3607.714285714286, "custom_metrics/time_step_min": 3286, "custom_metrics/time_step_max": 3936, "sampler_perf/mean_env_wait_ms": 0.7124174241488312, "sampler_perf/mean_raw_obs_processing_ms": 0.16506877687777874, "sampler_perf/mean_inference_ms": 2.594624473748395, "sampler_perf/mean_action_processing_ms": 0.07960405471381538}