{"episode_reward_max": 281.08080808080774, "episode_reward_min": 143.96969696969688, "episode_reward_mean": 220.83658008657997, "episode_len_mean": 881.0238095238095, "episodes_this_iter": 7, "num_healthy_workers": 7, "timesteps_total": 75600, "episodes_total": 84, "training_iteration": 18, "timestamp": 1601905873, "time_this_iter_s": 33.6441330909729, "time_total_s": 612.2754013538361, "time_since_restore": 612.2754013538361, "timesteps_since_restore": 0, "iterations_since_restore": 18, "timers/sample_time_ms": 1754.394, "timers/sample_throughput": 2393.989, "timers/learn_time_ms": 31852.422, "timers/learn_throughput": 131.858, "timers/update_time_ms": 6.824, "info/num_steps_sampled": 75600, "info/num_steps_trained": 75600, "perf/cpu_util_percent": 19.158695652173915, "perf/ram_util_percent": 2.7499999999999996, "info/learner/default_policy/allreduce_latency": 0.0, "info/learner/default_policy/cur_kl_coeff": 1.0125, "info/learner/default_policy/cur_lr": 0.0001, "info/learner/default_policy/total_loss": 14.896417213208748, "info/learner/default_policy/policy_loss": -0.11712691972427296, "info/learner/default_policy/vf_loss": 14.994918042963201, "info/learner/default_policy/vf_explained_var": 0.9898881912231445, "info/learner/default_policy/kl": 0.01839633294465867, "info/learner/default_policy/entropy": 0.8723112904664242, "info/learner/default_policy/entropy_coeff": 0.0, "_step": 17, "_runtime": 618, "_timestamp": 1601905876, "custom_metrics/time_step_mean": 3591.0119047619046, "custom_metrics/time_step_min": 3190, "custom_metrics/time_step_max": 4103, "sampler_perf/mean_env_wait_ms": 0.8625558601648458, "sampler_perf/mean_raw_obs_processing_ms": 0.18765324270053263, "sampler_perf/mean_inference_ms": 2.0445610431780628, "sampler_perf/mean_action_processing_ms": 0.08364860255582725}