{"episode_reward_max": 257.3737373737368, "episode_reward_min": 153.3636363636362, "episode_reward_mean": 214.5714285714284, "episode_len_mean": 882.7857142857143, "episodes_this_iter": 7, "num_healthy_workers": 7, "timesteps_total": 12600, "episodes_total": 14, "training_iteration": 3, "timestamp": 1601912599, "time_this_iter_s": 241.4845781326294, "time_total_s": 772.7595155239105, "time_since_restore": 772.7595155239105, "timesteps_since_restore": 0, "iterations_since_restore": 3, "timers/sample_time_ms": 5973.102, "timers/sample_throughput": 703.152, "timers/learn_time_ms": 251534.6, "timers/learn_throughput": 16.698, "timers/update_time_ms": 11.211, "info/num_steps_sampled": 12600, "info/num_steps_trained": 12600, "perf/cpu_util_percent": 17.27173913043478, "perf/ram_util_percent": 3.48167701863354, "info/learner/default_policy/allreduce_latency": 0.0, "info/learner/default_policy/cur_kl_coeff": 0.22500000000000003, "info/learner/default_policy/cur_lr": 0.0001, "info/learner/default_policy/total_loss": 193.0298510464755, "info/learner/default_policy/policy_loss": -0.15907298863837213, "info/learner/default_policy/vf_loss": 193.17381633411753, "info/learner/default_policy/vf_explained_var": 0.817233145236969, "info/learner/default_policy/kl": 0.06715660711581056, "info/learner/default_policy/entropy": 0.8991959221435316, "info/learner/default_policy/entropy_coeff": 0.0, "_step": 2, "_runtime": 775, "_timestamp": 1601912599, "custom_metrics/time_step_mean": 3632.5, "custom_metrics/time_step_min": 3355, "custom_metrics/time_step_max": 4033, "sampler_perf/mean_env_wait_ms": 0.6796243980004836, "sampler_perf/mean_raw_obs_processing_ms": 0.197900605198775, "sampler_perf/mean_inference_ms": 6.268203114161872, "sampler_perf/mean_action_processing_ms": 0.09177620435545057}