{"time_step_min": 3173.0, "_step": 5, "_runtime": 646, "_timestamp": 1602171564, "episode_reward_max": 283.1515151515149, "episode_reward_min": 102.00000000000021, "episode_reward_mean": 228.34420046438703, "episodes_total": 857, "training_iteration": 5}