{"episode_reward_max": 134.32323232323222, "episode_reward_min": -27.494949494949623, "episode_reward_mean": 74.47696969696952, "episode_len_mean": 753.077, "episodes_this_iter": 311, "num_healthy_workers": 80, "timesteps_total": 6444480, "episodes_total": 8151, "training_iteration": 28, "timestamp": 1606823681, "time_this_iter_s": 21.226812839508057, "time_total_s": 596.950033903122, "time_since_restore": 596.950033903122, "timesteps_since_restore": 0, "iterations_since_restore": 28, "timers/sample_time_ms": 5368.696, "timers/sample_throughput": 42870.742, "timers/load_time_ms": 554.841, "timers/load_throughput": 414821.602, "timers/learn_time_ms": 15257.684, "timers/learn_throughput": 15084.858, "timers/update_time_ms": 44.333, "info/num_steps_sampled": 6444480, "info/num_steps_trained": 6444480, "perf/cpu_util_percent": 27.023076923076925, "perf/ram_util_percent": 7.473076923076922, "perf/gpu_util_percent0": 0.5376923076923077, "perf/vram_util_percent0": 0.10831420137750083, "info/learner/default_policy/cur_kl_coeff": 6.626756658079103e-05, "info/learner/default_policy/cur_lr": 0.0006411860813386738, "info/learner/default_policy/total_loss": 79.13621520996094, "info/learner/default_policy/policy_loss": -0.1314534842967987, "info/learner/default_policy/vf_loss": 154.49794006347656, "info/learner/default_policy/vf_explained_var": 0.9207419157028198, "info/learner/default_policy/kl": 0.13668192923069, "info/learner/default_policy/entropy": 0.35636162757873535, "info/learner/default_policy/entropy_coeff": 0.0019307606853544712, "_step": 27, "_runtime": 617, "_timestamp": 1606823681, "custom_metrics/time_step_mean": 2763.0545, "custom_metrics/time_step_min": 2523, "custom_metrics/time_step_max": 3239, "sampler_perf/mean_env_wait_ms": 5.395698599428517, "sampler_perf/mean_raw_obs_processing_ms": 1.272507868409908, "sampler_perf/mean_inference_ms": 4.375656731184041, "sampler_perf/mean_action_processing_ms": 0.3819365435746017}