{"episode_reward_max": 97.55555555555519, "episode_reward_min": -56.38383838383848, "episode_reward_mean": 50.20292929292904, "episode_len_mean": 821.9715, "episodes_this_iter": 67, "num_healthy_workers": 80, "timesteps_total": 7054560, "episodes_total": 8730, "training_iteration": 138, "timestamp": 1606836214, "time_this_iter_s": 4.1360461711883545, "time_total_s": 575.2777061462402, "time_since_restore": 575.2777061462402, "timesteps_since_restore": 0, "iterations_since_restore": 138, "timers/sample_time_ms": 2827.227, "timers/sample_throughput": 18081.325, "timers/load_time_ms": 111.302, "timers/load_throughput": 459290.765, "timers/learn_time_ms": 1113.388, "timers/learn_throughput": 45913.92, "timers/update_time_ms": 36.463, "info/num_steps_sampled": 7054560, "info/num_steps_trained": 7054560, "perf/cpu_util_percent": 69.06, "perf/ram_util_percent": 6.4, "perf/gpu_util_percent0": 0.254, "perf/vram_util_percent0": 0.10831420137750083, "info/learner/default_policy/cur_kl_coeff": 0.0, "info/learner/default_policy/cur_lr": 0.0003281600074842572, "info/learner/default_policy/total_loss": 1453.88525390625, "info/learner/default_policy/policy_loss": -0.01503645721822977, "info/learner/default_policy/vf_loss": 1607.5372314453125, "info/learner/default_policy/vf_explained_var": 0.6455004811286926, "info/learner/default_policy/kl": 0.0041830334812402725, "info/learner/default_policy/entropy": 0.20671913027763367, "info/learner/default_policy/entropy_coeff": 0.0015973878325894475, "_step": 137, "_runtime": 609, "_timestamp": 1606836214, "custom_metrics/time_step_mean": 2879.3955, "custom_metrics/time_step_min": 2645, "custom_metrics/time_step_max": 3407, "sampler_perf/mean_env_wait_ms": 0.7156015051165557, "sampler_perf/mean_raw_obs_processing_ms": 0.2290603435066483, "sampler_perf/mean_inference_ms": 2.7746420020220683, "sampler_perf/mean_action_processing_ms": 0.11211354077882901}