{"time_step_min": 3123, "_step": 7, "_runtime": 620, "_timestamp": 1602395060, "time_step_max": 4333, "time_step_mean": 3488.1260346124905, "episode_reward_max": 294.80808080808066, "episode_reward_min": 109.5050505050501, "episode_reward_mean": 237.56293764149302, "episodes_total": 2686, "training_iteration": 14}