{"time_step_min": 3263, "_step": 7, "_runtime": 642, "_timestamp": 1602365569, "time_step_max": 4054, "time_step_mean": 3618.699551569506, "episode_reward_max": 271.62626262626253, "episode_reward_min": 145.7171717171716, "episode_reward_mean": 218.34183608234218, "episodes_total": 474, "training_iteration": 3}