{"time_step_min": 3168, "_step": 7, "_runtime": 624, "_timestamp": 1602355354, "time_step_max": 4394, "time_step_mean": 3501.147276395427, "episode_reward_max": 286.6262626262623, "episode_reward_min": 67.38383838383835, "episode_reward_mean": 235.68047900726097, "episodes_total": 3002, "training_iteration": 16}