{"time_step_min": 3253, "_step": 7, "_runtime": 650, "_timestamp": 1602417972, "time_step_max": 4321, "time_step_mean": 3594.7418869546527, "episode_reward_max": 280.71717171717165, "episode_reward_min": 111.32323232323223, "episode_reward_mean": 221.4821953714357, "episodes_total": 4740, "training_iteration": 15}