{"episode_reward_max": 266.8686868686869, "episode_reward_min": 151.61616161616172, "episode_reward_mean": 224.12493987493957, "episode_len_mean": 897.25, "episodes_this_iter": 14, "num_healthy_workers": 7, "timesteps_total": 78400, "episodes_total": 84, "training_iteration": 14, "timestamp": 1601914658, "time_this_iter_s": 44.72944116592407, "time_total_s": 627.0377550125122, "time_since_restore": 627.0377550125122, "timesteps_since_restore": 0, "iterations_since_restore": 14, "timers/sample_time_ms": 1530.001, "timers/sample_throughput": 3660.127, "timers/learn_time_ms": 43082.986, "timers/learn_throughput": 129.982, "timers/update_time_ms": 7.352, "info/num_steps_sampled": 78400, "info/num_steps_trained": 78400, "perf/cpu_util_percent": 19.370491803278686, "perf/ram_util_percent": 2.9344262295081966, "info/learner/default_policy/allreduce_latency": 0.0, "info/learner/default_policy/cur_kl_coeff": 1.5187499999999998, "info/learner/default_policy/cur_lr": 0.00010000000000000003, "info/learner/default_policy/total_loss": 55.55535008690574, "info/learner/default_policy/policy_loss": -0.08013411933048205, "info/learner/default_policy/vf_loss": 55.61614686792547, "info/learner/default_policy/vf_explained_var": 0.962062418460846, "info/learner/default_policy/kl": 0.012787708546966314, "info/learner/default_policy/entropy": 0.8472064625133168, "info/learner/default_policy/entropy_coeff": 0.00010000000000000003, "_step": 13, "_runtime": 632, "_timestamp": 1601914658, "custom_metrics/time_step_mean": 2604.8928571428573, "custom_metrics/time_step_min": 0, "custom_metrics/time_step_max": 4046, "sampler_perf/mean_env_wait_ms": 1.2990817242308845, "sampler_perf/mean_raw_obs_processing_ms": 0.2453808844734621, "sampler_perf/mean_inference_ms": 1.8652277175947145, "sampler_perf/mean_action_processing_ms": 0.09758452504967792}