{"time_step_min": 3212, "_step": 7, "_runtime": 637, "_timestamp": 1602368162, "time_step_max": 4343, "time_step_mean": 3579.6909385113267, "episode_reward_max": 279.35353535353556, "episode_reward_min": 107.98989898989888, "episode_reward_mean": 223.2568485487788, "episodes_total": 1264, "training_iteration": 7}