{"time_step_min": 3182, "_step": 7, "_runtime": 1029, "_timestamp": 1602597574, "time_step_max": 4662, "time_step_mean": 3613.3293098439026, "episode_reward_max": 283.89898989898944, "episode_reward_min": 59.65656565656555, "episode_reward_mean": 218.77170869802816, "episodes_total": 37907, "training_iteration": 1070}