{"episode_reward_max": 262.090909090909, "episode_reward_min": 182.93939393939357, "episode_reward_mean": 228.66522366522352, "episode_len_mean": 879.5714285714286, "episodes_this_iter": 0, "num_healthy_workers": 7, "timesteps_total": 29400, "episodes_total": 28, "training_iteration": 7, "timestamp": 1601907782, "time_this_iter_s": 95.50976800918579, "time_total_s": 632.4576151371002, "time_since_restore": 632.4576151371002, "timesteps_since_restore": 0, "iterations_since_restore": 7, "timers/sample_time_ms": 2791.551, "timers/sample_throughput": 1504.54, "timers/learn_time_ms": 87527.447, "timers/learn_throughput": 47.985, "timers/update_time_ms": 8.426, "info/num_steps_sampled": 29400, "info/num_steps_trained": 29400, "perf/cpu_util_percent": 19.183076923076925, "perf/ram_util_percent": 2.8661538461538463, "info/learner/default_policy/allreduce_latency": 0.0, "info/learner/default_policy/cur_kl_coeff": 2.278125, "info/learner/default_policy/cur_lr": 0.0005, "info/learner/default_policy/total_loss": 2.6570382768457588, "info/learner/default_policy/policy_loss": -0.19748086820949207, "info/learner/default_policy/vf_loss": 2.810899687535835, "info/learner/default_policy/vf_explained_var": 0.9539993405342102, "info/learner/default_policy/kl": 0.019147101563937736, "info/learner/default_policy/entropy": 1.0957273588036045, "info/learner/default_policy/entropy_coeff": 0.0, "_step": 6, "_runtime": 634, "_timestamp": 1601907782, "custom_metrics/time_step_mean": 3539.6785714285716, "custom_metrics/time_step_min": 3316, "custom_metrics/time_step_max": 3844, "sampler_perf/mean_env_wait_ms": 0.7432640184718208, "sampler_perf/mean_raw_obs_processing_ms": 0.17797361846650903, "sampler_perf/mean_inference_ms": 2.757440620605661, "sampler_perf/mean_action_processing_ms": 0.08702533736282483}