{"episode_reward_max": 263.47474747474683, "episode_reward_min": 97.15151515151489, "episode_reward_mean": 208.25656565656553, "episode_len_mean": 901.1428571428571, "episodes_this_iter": 7, "num_healthy_workers": 7, "timesteps_total": 33600, "episodes_total": 35, "training_iteration": 8, "timestamp": 1601909035, "time_this_iter_s": 78.1216561794281, "time_total_s": 620.9519703388214, "time_since_restore": 620.9519703388214, "timesteps_since_restore": 0, "iterations_since_restore": 8, "timers/sample_time_ms": 2768.047, "timers/sample_throughput": 1517.315, "timers/learn_time_ms": 74812.867, "timers/learn_throughput": 56.14, "timers/update_time_ms": 7.241, "info/num_steps_sampled": 33600, "info/num_steps_trained": 33600, "perf/cpu_util_percent": 18.55377358490566, "perf/ram_util_percent": 3.018867924528302, "info/learner/default_policy/allreduce_latency": 0.0, "info/learner/default_policy/cur_kl_coeff": 2.2781249999999997, "info/learner/default_policy/cur_lr": 0.0005, "info/learner/default_policy/total_loss": 27.092628652399238, "info/learner/default_policy/policy_loss": -0.10267274324415308, "info/learner/default_policy/vf_loss": 27.157097093986742, "info/learner/default_policy/vf_explained_var": 0.987221896648407, "info/learner/default_policy/kl": 0.01677000962875106, "info/learner/default_policy/entropy": 0.902638852596283, "info/learner/default_policy/entropy_coeff": 0.0, "_step": 7, "_runtime": 625, "_timestamp": 1601909037, "custom_metrics/time_step_mean": 3674.657142857143, "custom_metrics/time_step_min": 3302, "custom_metrics/time_step_max": 4404, "sampler_perf/mean_env_wait_ms": 0.7059070790815466, "sampler_perf/mean_raw_obs_processing_ms": 0.1712235543418418, "sampler_perf/mean_inference_ms": 2.7443639896991123, "sampler_perf/mean_action_processing_ms": 0.08248946068229708}