{"time_step_min": 3141.0, "_step": 5, "_runtime": 622, "_timestamp": 1602235351, "episode_reward_max": 291.4646464646466, "episode_reward_min": 135.6363636363636, "episode_reward_mean": 238.87895016376015, "episodes_total": 4108, "training_iteration": 11}