{"time_step_min": 3134, "_step": 7, "_runtime": 617, "_timestamp": 1602376461, "time_step_max": 4211, "time_step_mean": 3476.4282678002123, "episode_reward_max": 291.4747474747474, "episode_reward_min": 127.98989898989866, "episode_reward_mean": 239.8603039892596, "episodes_total": 3792, "training_iteration": 20}