{"time_step_min": 3083, "_step": 7, "_runtime": 625, "_timestamp": 1602450026, "time_step_max": 4054, "time_step_mean": 3415.407570422535, "episode_reward_max": 298.8989898989898, "episode_reward_min": 145.7171717171716, "episode_reward_mean": 248.62850287653427, "episodes_total": 4572, "training_iteration": 23}