{"episode_reward_max": 300.41414141414083, "episode_reward_min": 182.98989898989845, "episode_reward_mean": 254.1158080808078, "episode_len_mean": 873.759, "episodes_this_iter": 99, "num_healthy_workers": 11, "timesteps_total": 2409106, "episodes_total": 2722, "training_iteration": 28, "timestamp": 1605872049, "time_this_iter_s": 38.53436231613159, "time_total_s": 1049.3715136051178, "time_since_restore": 1049.3715136051178, "timesteps_since_restore": 0, "iterations_since_restore": 28, "custom_metrics/time_step_mean": 3383.157, "custom_metrics/time_step_min": 3162, "custom_metrics/time_step_max": 3715, "sampler_perf/mean_env_wait_ms": 4.317636015955682, "sampler_perf/mean_raw_obs_processing_ms": 1.039503444420693, "sampler_perf/mean_inference_ms": 9.596018680003763, "sampler_perf/mean_action_processing_ms": 0.30052015054099795, "timers/sample_time_ms": 20284.215, "timers/sample_throughput": 4263.991, "timers/learn_time_ms": 16979.932, "timers/learn_throughput": 5093.76, "timers/update_time_ms": 12.089, "info/num_steps_sampled": 2409106, "info/num_steps_trained": 2409106, "perf/cpu_util_percent": 49.589130434782604, "perf/ram_util_percent": 21.376086956521743, "perf/gpu_util_percent0": 0.2873913043478261, "perf/vram_util_percent0": 0.6120894422147597, "info/learner/default_policy/allreduce_latency": 0.0, "info/learner/default_policy/cur_kl_coeff": 1.9628721403851943e-09, "info/learner/default_policy/cur_lr": 0.00011040530395775351, "info/learner/default_policy/total_loss": 7.721905361522328, "info/learner/default_policy/policy_loss": -0.02913012643429366, "info/learner/default_policy/vf_loss": 11.07138356295499, "info/learner/default_policy/vf_explained_var": 0.9987121224403381, "info/learner/default_policy/kl": 0.016404343430291523, "info/learner/default_policy/entropy": 0.8785048072988336, "info/learner/default_policy/entropy_coeff": 2.3115011925432197e-05, "_step": 27, "_runtime": 1067, "_timestamp": 1605872049}