{"time_step_min": 3166.0, "_step": 5, "_runtime": 616, "_timestamp": 1602170277, "episode_reward_max": 286.62626262626264, "episode_reward_min": 107.16161616161614, "episode_reward_mean": 233.76034874057018, "episodes_total": 2528, "training_iteration": 13}