{"episode_reward_max": 281.17171717171647, "episode_reward_min": 176.47474747474683, "episode_reward_mean": 240.94792929292896, "episode_len_mean": 941.489, "episodes_this_iter": 146, "num_healthy_workers": 80, "timesteps_total": 3264000, "episodes_total": 3506, "training_iteration": 30, "timestamp": 1606735844, "time_this_iter_s": 20.166296243667603, "time_total_s": 606.3408896923065, "time_since_restore": 606.3408896923065, "timesteps_since_restore": 0, "iterations_since_restore": 30, "timers/sample_time_ms": 6504.513, "timers/sample_throughput": 16726.848, "timers/learn_time_ms": 13483.819, "timers/learn_throughput": 8068.93, "timers/update_time_ms": 41.719, "info/num_steps_sampled": 3264000, "info/num_steps_trained": 3264000, "perf/cpu_util_percent": 49.30869565217391, "perf/ram_util_percent": 5.769565217391304, "perf/gpu_util_percent0": 0.3426086956521739, "perf/vram_util_percent0": 0.14603148573302727, "info/learner/default_policy/allreduce_latency": 0.0, "info/learner/default_policy/cur_kl_coeff": 1.036490464995883e-09, "info/learner/default_policy/cur_lr": 0.0006454400998309412, "info/learner/default_policy/total_loss": 64.81166915893554, "info/learner/default_policy/policy_loss": -0.10748494565486907, "info/learner/default_policy/vf_loss": 96.89466400146485, "info/learner/default_policy/vf_explained_var": 0.9898425340652466, "info/learner/default_policy/kl": 0.07515617311000825, "info/learner/default_policy/entropy": 0.5099515080451965, "info/learner/default_policy/entropy_coeff": 0.0061997722752755915, "_step": 29, "_runtime": 620, "_timestamp": 1606735844, "custom_metrics/time_step_mean": 3460.599, "custom_metrics/time_step_min": 3201, "custom_metrics/time_step_max": 3891, "sampler_perf/mean_env_wait_ms": 1.85354054506803, "sampler_perf/mean_raw_obs_processing_ms": 0.48867631111401927, "sampler_perf/mean_inference_ms": 5.456412747436569, "sampler_perf/mean_action_processing_ms": 0.18506869427938102}