{"time_step_min": 3126.0, "_step": 5, "_runtime": 632, "_timestamp": 1602219806, "episode_reward_max": 291.7676767676766, "episode_reward_min": 143.81818181818198, "episode_reward_mean": 235.9823907144581, "episodes_total": 2844, "training_iteration": 8}