{"episode_reward_max": 275.4646464646463, "episode_reward_min": 133.75757575757584, "episode_reward_mean": 208.23232323232307, "episode_len_mean": 889.0909090909091, "episodes_this_iter": 4, "num_healthy_workers": 7, "timesteps_total": 12600, "episodes_total": 11, "training_iteration": 3, "timestamp": 1601912070, "time_this_iter_s": 240.01384353637695, "time_total_s": 736.4127948284149, "time_since_restore": 736.4127948284149, "timesteps_since_restore": 0, "iterations_since_restore": 3, "timers/sample_time_ms": 5097.005, "timers/sample_throughput": 824.013, "timers/learn_time_ms": 240309.951, "timers/learn_throughput": 17.477, "timers/update_time_ms": 23.683, "info/num_steps_sampled": 12600, "info/num_steps_trained": 12600, "perf/cpu_util_percent": 17.5846875, "perf/ram_util_percent": 3.5996875000000004, "info/learner/default_policy/allreduce_latency": 0.0, "info/learner/default_policy/cur_kl_coeff": 0.22500000000000003, "info/learner/default_policy/cur_lr": 0.0005, "info/learner/default_policy/total_loss": 204.44426079952356, "info/learner/default_policy/policy_loss": -0.1315200939830957, "info/learner/default_policy/vf_loss": 204.5485224868312, "info/learner/default_policy/vf_explained_var": 0.8114086389541626, "info/learner/default_policy/kl": 0.12115459708553372, "info/learner/default_policy/entropy": 0.7342002175071023, "info/learner/default_policy/entropy_coeff": 0.0, "_step": 2, "_runtime": 739, "_timestamp": 1601912070, "custom_metrics/time_step_mean": 3674.181818181818, "custom_metrics/time_step_min": 3224, "custom_metrics/time_step_max": 4160, "sampler_perf/mean_env_wait_ms": 0.7014332584872477, "sampler_perf/mean_raw_obs_processing_ms": 0.19419047205070666, "sampler_perf/mean_inference_ms": 5.701128230943304, "sampler_perf/mean_action_processing_ms": 0.0926035739023153}