{"time_step_min": 3212, "_step": 7, "_runtime": 633, "_timestamp": 1602523975, "time_step_max": 4503, "time_step_mean": 3564.1736487953117, "episode_reward_max": 302.9292929292933, "episode_reward_min": 103.08080808080787, "episode_reward_mean": 249.1878236006004, "episodes_total": 4649, "training_iteration": 24}