{"time_step_min": 3112.0, "_step": 5, "_runtime": 640, "_timestamp": 1602245851, "episode_reward_max": 293.54545454545445, "episode_reward_min": 115.78787878787877, "episode_reward_mean": 242.97638226752136, "episodes_total": 2212, "training_iteration": 12}