{"time_step_min": 1222, "_step": 7, "_runtime": 645, "_timestamp": 1604232278, "time_step_max": 1737, "time_step_mean": 1254.3588893845729, "episode_reward_max": 46.857142857142904, "episode_reward_min": 15.734693877551013, "episode_reward_mean": 45.196090857543105, "episodes_total": 47113, "training_iteration": 30}