{"time_step_min": 2950, "_step": 7, "_runtime": 3662, "_timestamp": 1602634156, "time_step_max": 4085, "time_step_mean": 3132.6958812431026, "episode_reward_max": 305.3232323232323, "episode_reward_min": 128.35353535353502, "episode_reward_mean": 272.64552551038366, "episodes_total": 28126, "training_iteration": 136}