{"time_step_min": 3195, "_step": 7, "_runtime": 658, "_timestamp": 1602425450, "time_step_max": 4249, "time_step_mean": 3564.459280694502, "episode_reward_max": 281.92929292929267, "episode_reward_min": 109.65656565656552, "episode_reward_mean": 227.73889208541087, "episodes_total": 2528, "training_iteration": 7}