{"time_step_min": 3195, "_step": 7, "_runtime": 664, "_timestamp": 1602421586, "time_step_max": 4259, "time_step_mean": 3557.2182815356487, "episode_reward_max": 281.92929292929296, "episode_reward_min": 114.80808080808085, "episode_reward_mean": 228.04786259216613, "episodes_total": 2844, "training_iteration": 8}