{"time_step_min": 3138, "_step": 7, "_runtime": 625, "_timestamp": 1602458373, "time_step_max": 4236, "time_step_mean": 3443.5650903294368, "episode_reward_max": 296.62626262626253, "episode_reward_min": 124.20202020201997, "episode_reward_mean": 244.31393843498262, "episodes_total": 3792, "training_iteration": 20}