{"episode_reward_max": 287.38383838383805, "episode_reward_min": 171.02020202020148, "episode_reward_mean": 247.83989898989873, "episode_len_mean": 863.224, "episodes_this_iter": 99, "num_healthy_workers": 11, "timesteps_total": 3499439, "episodes_total": 4053, "training_iteration": 41, "timestamp": 1605832371, "time_this_iter_s": 36.133434534072876, "time_total_s": 1502.7837581634521, "time_since_restore": 1502.7837581634521, "timesteps_since_restore": 0, "iterations_since_restore": 41, "custom_metrics/time_step_mean": 3425.229, "custom_metrics/time_step_min": 3223, "custom_metrics/time_step_max": 3820, "sampler_perf/mean_env_wait_ms": 4.363240270084339, "sampler_perf/mean_raw_obs_processing_ms": 1.0456942453899165, "sampler_perf/mean_inference_ms": 9.58279221417941, "sampler_perf/mean_action_processing_ms": 0.3013177669176339, "timers/sample_time_ms": 20154.398, "timers/sample_throughput": 4240.578, "timers/learn_time_ms": 16564.991, "timers/learn_throughput": 5159.454, "timers/update_time_ms": 13.381, "info/num_steps_sampled": 3499439, "info/num_steps_trained": 3499439, "perf/cpu_util_percent": 44.59130434782608, "perf/ram_util_percent": 21.169565217391302, "perf/gpu_util_percent0": 0.3241304347826088, "perf/vram_util_percent0": 0.6120894422147597, "info/learner/default_policy/allreduce_latency": 0.0, "info/learner/default_policy/cur_kl_coeff": 8.390250629119813e-13, "info/learner/default_policy/cur_lr": 0.00031360012775385364, "info/learner/default_policy/total_loss": 2.076250509782271, "info/learner/default_policy/policy_loss": -0.09599497575651515, "info/learner/default_policy/vf_loss": 2.3569208058443936, "info/learner/default_policy/vf_explained_var": 0.9997372031211853, "info/learner/default_policy/kl": 0.07254289632493799, "info/learner/default_policy/entropy": 0.6588714664632623, "info/learner/default_policy/entropy_coeff": 0.0008678145398521301, "_step": 40, "_runtime": 1520, "_timestamp": 1605832371}