{"time_step_min": 3199.0, "_step": 5, "_runtime": 629, "_timestamp": 1602180719, "episode_reward_max": 284.79797979798, "episode_reward_min": 113.51515151515144, "episode_reward_mean": 229.605182977314, "episodes_total": 1830, "training_iteration": 5}