{"time_step_min": 1039, "_step": 7, "_runtime": 641, "_timestamp": 1604232931, "time_step_max": 1669, "time_step_mean": 1070.7854881546798, "episode_reward_max": 42.41836734693883, "episode_reward_min": 10.27551020408163, "episode_reward_mean": 40.79621711744931, "episodes_total": 47101, "training_iteration": 30}