{"time_step_min": 3102.0, "_step": 5, "_runtime": 643, "_timestamp": 1602214634, "episode_reward_max": 295.0101010101007, "episode_reward_min": 115.78787878787877, "episode_reward_mean": 234.61935254357866, "episodes_total": 1874, "training_iteration": 10}