{"episode_reward_max": 302.9898989898988, "episode_reward_min": 191.0202020202017, "episode_reward_mean": 258.9555050505048, "episode_len_mean": 871.976, "episodes_this_iter": 104, "num_healthy_workers": 80, "timesteps_total": 3167680, "episodes_total": 3548, "training_iteration": 38, "timestamp": 1606733356, "time_this_iter_s": 15.706916332244873, "time_total_s": 596.5194036960602, "time_since_restore": 596.5194036960602, "timesteps_since_restore": 0, "iterations_since_restore": 38, "custom_metrics/time_step_mean": 3346.627, "custom_metrics/time_step_min": 3056, "custom_metrics/time_step_max": 3795, "sampler_perf/mean_env_wait_ms": 0.9577884654904903, "sampler_perf/mean_raw_obs_processing_ms": 0.27845744534126116, "sampler_perf/mean_inference_ms": 4.120324467888345, "sampler_perf/mean_action_processing_ms": 0.129035590253396, "timers/sample_time_ms": 6699.586, "timers/sample_throughput": 12442.559, "timers/learn_time_ms": 8890.506, "timers/learn_throughput": 9376.295, "timers/update_time_ms": 30.315, "info/num_steps_sampled": 3167680, "info/num_steps_trained": 3167680, "perf/cpu_util_percent": 44.911764705882355, "perf/ram_util_percent": 4.958823529411766, "perf/gpu_util_percent0": 0.2782352941176471, "perf/vram_util_percent0": 0.08896359462118728, "info/learner/default_policy/allreduce_latency": 0.0, "info/learner/default_policy/cur_kl_coeff": 2.90621571711642e-12, "info/learner/default_policy/cur_lr": 0.0003074708561478661, "info/learner/default_policy/total_loss": 53.968270438058035, "info/learner/default_policy/policy_loss": -0.07273617652910096, "info/learner/default_policy/vf_loss": 93.57586669921875, "info/learner/default_policy/vf_explained_var": 0.9894609451293945, "info/learner/default_policy/kl": 0.02480154111981392, "info/learner/default_policy/entropy": 0.6499245337077549, "info/learner/default_policy/entropy_coeff": 0.00885170644162099, "_step": 37, "_runtime": 612, "_timestamp": 1606733356}