{"nb_episodes": 1, "avg_best_result": 43.62886597938142, "best_episode": 43.62886597938142, "best_timestep": 1292, "_step": 0, "_runtime": 3, "_timestamp": 1604231485}