{"time_step_min": 3216, "_step": 7, "_runtime": 682, "_timestamp": 1602283388, "time_step_max": 4061, "time_step_mean": 3578.8077922077923, "episode_reward_max": 278.7474747474746, "episode_reward_min": 127.6868686868684, "episode_reward_mean": 219.33291778544918, "episodes_total": 632, "training_iteration": 1}