{"time_step_min": 3191.0, "_step": 5, "_runtime": 663, "_timestamp": 1602180077, "episode_reward_max": 284.79797979798, "episode_reward_min": 103.3636363636364, "episode_reward_mean": 230.20469329369632, "episodes_total": 2528, "training_iteration": 7}