{"episode_reward_max": 262.686868686869, "episode_reward_min": 190.79797979797968, "episode_reward_mean": 229.58116883116858, "episode_len_mean": 894.9642857142857, "episodes_this_iter": 0, "num_healthy_workers": 7, "timesteps_total": 33600, "episodes_total": 28, "training_iteration": 6, "timestamp": 1601915848, "time_this_iter_s": 109.51053667068481, "time_total_s": 662.0145900249481, "time_since_restore": 662.0145900249481, "timesteps_since_restore": 0, "iterations_since_restore": 6, "timers/sample_time_ms": 2426.053, "timers/sample_throughput": 2308.276, "timers/learn_time_ms": 107869.287, "timers/learn_throughput": 51.915, "timers/update_time_ms": 8.764, "info/num_steps_sampled": 33600, "info/num_steps_trained": 33600, "perf/cpu_util_percent": 17.801342281879194, "perf/ram_util_percent": 3.1651006711409395, "info/learner/default_policy/allreduce_latency": 0.0, "info/learner/default_policy/cur_kl_coeff": 1.5187499999999998, "info/learner/default_policy/cur_lr": 0.00010000000000000003, "info/learner/default_policy/total_loss": 9.983706810257651, "info/learner/default_policy/policy_loss": -0.1857034806162119, "info/learner/default_policy/vf_loss": 10.138776995918967, "info/learner/default_policy/vf_explained_var": 0.9062083959579468, "info/learner/default_policy/kl": 0.020239370663396337, "info/learner/default_policy/entropy": 1.05192823166197, "info/learner/default_policy/entropy_coeff": 0.00010000000000000003, "_step": 5, "_runtime": 666, "_timestamp": 1601915848, "custom_metrics/time_step_mean": 2034.1785714285713, "custom_metrics/time_step_min": 0, "custom_metrics/time_step_max": 3750, "sampler_perf/mean_env_wait_ms": 1.2885187620480143, "sampler_perf/mean_raw_obs_processing_ms": 0.2632376009496025, "sampler_perf/mean_inference_ms": 2.8035030252557234, "sampler_perf/mean_action_processing_ms": 0.1077078148218777}