{"time_step_min": 3153.0, "_step": 5, "_runtime": 643, "_timestamp": 1602185910, "episode_reward_max": 288.1515151515151, "episode_reward_min": 115.78787878787877, "episode_reward_mean": 226.769179133103, "episodes_total": 316, "training_iteration": 2}