{"episode_reward_max": 257.3535353535354, "episode_reward_min": 115.33333333333329, "episode_reward_mean": 217.7503607503605, "episode_len_mean": 896.4761904761905, "episodes_this_iter": 14, "num_healthy_workers": 7, "timesteps_total": 39200, "episodes_total": 42, "training_iteration": 7, "timestamp": 1601917317, "time_this_iter_s": 100.9188883304596, "time_total_s": 693.9674797058105, "time_since_restore": 693.9674797058105, "timesteps_since_restore": 0, "iterations_since_restore": 7, "timers/sample_time_ms": 2300.238, "timers/sample_throughput": 2434.531, "timers/learn_time_ms": 96794.609, "timers/learn_throughput": 57.854, "timers/update_time_ms": 9.432, "info/num_steps_sampled": 39200, "info/num_steps_trained": 39200, "perf/cpu_util_percent": 17.561313868613137, "perf/ram_util_percent": 3.345985401459854, "info/learner/default_policy/allreduce_latency": 0.0, "info/learner/default_policy/cur_kl_coeff": 1.5187499999999998, "info/learner/default_policy/cur_lr": 5.0000000000000016e-05, "info/learner/default_policy/total_loss": 266.002872727134, "info/learner/default_policy/policy_loss": -0.08003548363393004, "info/learner/default_policy/vf_loss": 266.06602868166834, "info/learner/default_policy/vf_explained_var": 0.7761827111244202, "info/learner/default_policy/kl": 0.011172228767959909, "info/learner/default_policy/entropy": 0.9232333668253638, "info/learner/default_policy/entropy_coeff": 0.00010000000000000003, "_step": 6, "_runtime": 698, "_timestamp": 1601917317, "custom_metrics/time_step_mean": 2371.3571428571427, "custom_metrics/time_step_min": 0, "custom_metrics/time_step_max": 4276, "sampler_perf/mean_env_wait_ms": 1.2844647789391133, "sampler_perf/mean_raw_obs_processing_ms": 0.2654890959648636, "sampler_perf/mean_inference_ms": 2.8877687388520004, "sampler_perf/mean_action_processing_ms": 0.10871561884849837}