{"nb_episodes": 1, "avg_best_result": 222.08080808080823, "best_episode": 222.08080808080823, "best_timestep": 3590, "_step": 0, "_runtime": 1, "_timestamp": 1602708013}