{"episode_reward_max": 157.55555555555554, "episode_reward_min": 31.69696969696958, "episode_reward_mean": 105.93434343434329, "episode_len_mean": 693.055, "episodes_this_iter": 267, "num_healthy_workers": 80, "timesteps_total": 8930880, "episodes_total": 11788, "training_iteration": 63, "timestamp": 1606819954, "time_this_iter_s": 9.729082584381104, "time_total_s": 588.0221157073975, "time_since_restore": 588.0221157073975, "timesteps_since_restore": 0, "iterations_since_restore": 63, "timers/sample_time_ms": 4434.669, "timers/sample_throughput": 31966.311, "timers/load_time_ms": 315.443, "timers/load_throughput": 449399.813, "timers/learn_time_ms": 4583.003, "timers/learn_throughput": 30931.683, "timers/update_time_ms": 41.939, "info/num_steps_sampled": 8930880, "info/num_steps_trained": 8930880, "perf/cpu_util_percent": 44.23333333333333, "perf/ram_util_percent": 7.158333333333334, "perf/gpu_util_percent0": 0.38083333333333336, "perf/vram_util_percent0": 0.11372581174155456, "info/learner/default_policy/cur_kl_coeff": 9.112560254947417e-20, "info/learner/default_policy/cur_lr": 0.0005610344232991338, "info/learner/default_policy/total_loss": 114.86209869384766, "info/learner/default_policy/policy_loss": -0.06495960801839828, "info/learner/default_policy/vf_loss": 141.28953552246094, "info/learner/default_policy/vf_explained_var": 0.9520658254623413, "info/learner/default_policy/kl": 0.02788960561156273, "info/learner/default_policy/entropy": 0.43560320138931274, "info/learner/default_policy/entropy_coeff": 0.009617727249860764, "_step": 62, "_runtime": 611, "_timestamp": 1606819954, "custom_metrics/time_step_mean": 2606.825, "custom_metrics/time_step_min": 2380, "custom_metrics/time_step_max": 2992, "sampler_perf/mean_env_wait_ms": 3.159837441405752, "sampler_perf/mean_raw_obs_processing_ms": 0.7735337949212114, "sampler_perf/mean_inference_ms": 3.978576001087933, "sampler_perf/mean_action_processing_ms": 0.2725113015336217}