{"episode_reward_max": 145.0303030303027, "episode_reward_min": 19.777777777777523, "episode_reward_mean": 104.41656565656551, "episode_len_mean": 698.044, "episodes_this_iter": 432, "num_healthy_workers": 80, "timesteps_total": 9041760, "episodes_total": 12458, "training_iteration": 39, "timestamp": 1606834333, "time_this_iter_s": 17.888537645339966, "time_total_s": 585.5042576789856, "time_since_restore": 585.5042576789856, "timesteps_since_restore": 0, "iterations_since_restore": 39, "custom_metrics/time_step_mean": 2612.996, "custom_metrics/time_step_min": 2419, "custom_metrics/time_step_max": 2979, "sampler_perf/mean_env_wait_ms": 2.5169980755841164, "sampler_perf/mean_raw_obs_processing_ms": 0.636722195745141, "sampler_perf/mean_inference_ms": 4.137662553505384, "sampler_perf/mean_action_processing_ms": 0.22743093147014182, "timers/sample_time_ms": 10255.09, "timers/sample_throughput": 22607.309, "timers/load_time_ms": 529.404, "timers/load_throughput": 437926.643, "timers/learn_time_ms": 5647.917, "timers/learn_throughput": 41048.761, "timers/update_time_ms": 40.828, "info/num_steps_sampled": 9041760, "info/num_steps_trained": 9041760, "perf/cpu_util_percent": 81.2421052631579, "perf/ram_util_percent": 6.942105263157895, "perf/gpu_util_percent0": 0.29578947368421055, "perf/vram_util_percent0": 0.11356182354870449, "info/learner/default_policy/cur_kl_coeff": 1.7234269567012461e-12, "info/learner/default_policy/cur_lr": 4.9906797357834876e-05, "info/learner/default_policy/total_loss": 140.81448364257812, "info/learner/default_policy/policy_loss": -0.003943290561437607, "info/learner/default_policy/vf_loss": 203.333740234375, "info/learner/default_policy/vf_explained_var": 0.9307888746261597, "info/learner/default_policy/kl": 0.0025252001360058784, "info/learner/default_policy/entropy": 0.6964591145515442, "info/learner/default_policy/entropy_coeff": 0.0034843366593122482, "_step": 38, "_runtime": 608, "_timestamp": 1606834333}