{"episode_reward_max": 126.44444444444434, "episode_reward_min": -13.151515151515268, "episode_reward_mean": 69.4034343434342, "episode_len_mean": 767.4545, "episodes_this_iter": 320, "num_healthy_workers": 80, "timesteps_total": 5706752, "episodes_total": 7360, "training_iteration": 23, "timestamp": 1606840001, "time_this_iter_s": 24.558170318603516, "time_total_s": 592.6078903675079, "time_since_restore": 592.6078903675079, "timesteps_since_restore": 0, "iterations_since_restore": 23, "custom_metrics/time_step_mean": 2784.358, "custom_metrics/time_step_min": 2531, "custom_metrics/time_step_max": 3193, "sampler_perf/mean_env_wait_ms": 2.378450572225889, "sampler_perf/mean_raw_obs_processing_ms": 0.609416156103218, "sampler_perf/mean_inference_ms": 3.8893082332082574, "sampler_perf/mean_action_processing_ms": 0.23142276626713665, "timers/sample_time_ms": 8925.066, "timers/sample_throughput": 27543.751, "timers/load_time_ms": 632.745, "timers/load_throughput": 388513.295, "timers/learn_time_ms": 15952.332, "timers/learn_throughput": 15410.274, "timers/update_time_ms": 60.698, "info/num_steps_sampled": 5706752, "info/num_steps_trained": 5706752, "perf/cpu_util_percent": 46.9103448275862, "perf/ram_util_percent": 7.003448275862069, "perf/gpu_util_percent0": 0.37241379310344824, "perf/vram_util_percent0": 0.20277140045916686, "info/learner/default_policy/cur_kl_coeff": 0.0071237217634916306, "info/learner/default_policy/cur_lr": 0.0007280480931513011, "info/learner/default_policy/total_loss": 168.61158752441406, "info/learner/default_policy/policy_loss": -0.15170279145240784, "info/learner/default_policy/vf_loss": 187.3522186279297, "info/learner/default_policy/vf_explained_var": 0.9456995129585266, "info/learner/default_policy/kl": 0.2921885550022125, "info/learner/default_policy/entropy": 0.3425464630126953, "info/learner/default_policy/entropy_coeff": 0.0034285595174878836, "_step": 22, "_runtime": 612, "_timestamp": 1606840002}