{"time_step_min": 3171, "_step": 7, "_runtime": 633, "_timestamp": 1602462855, "time_step_max": 4130, "time_step_mean": 3464.8854408352668, "episode_reward_max": 285.56565656565664, "episode_reward_min": 105.11111111111099, "episode_reward_mean": 241.16679162162467, "episodes_total": 3476, "training_iteration": 18}