{"time_step_min": 2892, "_step": 7, "_runtime": 3669, "_timestamp": 1602641526, "time_step_max": 3980, "time_step_mean": 3180.577926997245, "episode_reward_max": 329.35353535353556, "episode_reward_min": 148.1414141414143, "episode_reward_mean": 284.7554813661685, "episodes_total": 29082, "training_iteration": 140}