{"time_step_min": 3125, "_step": 7, "_runtime": 633, "_timestamp": 1602371351, "time_step_max": 4217, "time_step_mean": 3495.4115767045455, "episode_reward_max": 292.53535353535295, "episode_reward_min": 127.08080808080817, "episode_reward_mean": 236.60420662319385, "episodes_total": 2844, "training_iteration": 15}