{"time_step_min": 3202, "_step": 7, "_runtime": 1011, "_timestamp": 1602593454, "time_step_max": 4535, "time_step_mean": 3609.0884524828766, "episode_reward_max": 282.83838383838344, "episode_reward_min": 78.89898989899001, "episode_reward_mean": 219.05073588291077, "episodes_total": 37414, "training_iteration": 1056}