{"episode_reward_max": 133.11111111111077, "episode_reward_min": -17.191919191919254, "episode_reward_mean": 77.06737373737353, "episode_len_mean": 799.934, "episodes_this_iter": 160, "num_healthy_workers": 80, "timesteps_total": 5211635, "episodes_total": 6560, "training_iteration": 41, "timestamp": 1606838096, "time_this_iter_s": 14.479429006576538, "time_total_s": 595.0616919994354, "time_since_restore": 595.0616919994354, "timesteps_since_restore": 0, "iterations_since_restore": 41, "custom_metrics/time_step_mean": 2745.966, "custom_metrics/time_step_min": 2490, "custom_metrics/time_step_max": 3213, "sampler_perf/mean_env_wait_ms": 1.8824651461841124, "sampler_perf/mean_raw_obs_processing_ms": 0.5605973110107354, "sampler_perf/mean_inference_ms": 6.343287455868978, "sampler_perf/mean_action_processing_ms": 0.2333325301895484, "timers/sample_time_ms": 8027.067, "timers/sample_throughput": 15995.345, "timers/load_time_ms": 305.046, "timers/load_throughput": 420906.606, "timers/learn_time_ms": 6087.606, "timers/learn_throughput": 21091.328, "timers/update_time_ms": 40.057, "info/num_steps_sampled": 5211635, "info/num_steps_trained": 5211635, "perf/cpu_util_percent": 63.962500000000006, "perf/ram_util_percent": 7.8, "perf/gpu_util_percent0": 0.396875, "perf/vram_util_percent0": 0.19260413250245983, "info/learner/default_policy/cur_kl_coeff": 0.4232679307460785, "info/learner/default_policy/cur_lr": 0.000736772664822638, "info/learner/default_policy/total_loss": 239.92184448242188, "info/learner/default_policy/policy_loss": -0.08974861353635788, "info/learner/default_policy/vf_loss": 344.90289306640625, "info/learner/default_policy/vf_explained_var": 0.8432360291481018, "info/learner/default_policy/kl": 0.021917611360549927, "info/learner/default_policy/entropy": 0.5943475961685181, "info/learner/default_policy/entropy_coeff": 0.0016487619141116738, "_step": 40, "_runtime": 619, "_timestamp": 1606838096}