{"episode_reward_max": 280.11111111111063, "episode_reward_min": 129.80808080808072, "episode_reward_mean": 238.8752020202019, "episode_len_mean": 878.907, "episodes_this_iter": 99, "num_healthy_workers": 11, "timesteps_total": 3508410, "episodes_total": 4055, "training_iteration": 41, "timestamp": 1605823668, "time_this_iter_s": 32.85193610191345, "time_total_s": 1465.3031916618347, "time_since_restore": 1465.3031916618347, "timesteps_since_restore": 0, "iterations_since_restore": 41, "custom_metrics/time_step_mean": 3482.09, "custom_metrics/time_step_min": 3211, "custom_metrics/time_step_max": 3969, "sampler_perf/mean_env_wait_ms": 4.442696409688688, "sampler_perf/mean_raw_obs_processing_ms": 1.057185465067876, "sampler_perf/mean_inference_ms": 9.693929915599428, "sampler_perf/mean_action_processing_ms": 0.30559612168750083, "timers/sample_time_ms": 19822.243, "timers/sample_throughput": 4385.583, "timers/learn_time_ms": 16736.7, "timers/learn_throughput": 5194.1, "timers/update_time_ms": 12.5, "info/num_steps_sampled": 3508410, "info/num_steps_trained": 3508410, "perf/cpu_util_percent": 47.92558139534884, "perf/ram_util_percent": 21.10232558139535, "perf/gpu_util_percent0": 0.37046511627906975, "perf/vram_util_percent0": 0.6120894422147596, "info/learner/default_policy/allreduce_latency": 0.0, "info/learner/default_policy/cur_kl_coeff": 0.023995980532692664, "info/learner/default_policy/cur_lr": 0.00044840000312278106, "info/learner/default_policy/total_loss": 1.7675180435180664, "info/learner/default_policy/policy_loss": -0.12447143617001447, "info/learner/default_policy/vf_loss": 2.9553144628351387, "info/learner/default_policy/vf_explained_var": 0.9996824860572815, "info/learner/default_policy/kl": 0.08947957374832848, "info/learner/default_policy/entropy": 0.7159902453422546, "info/learner/default_policy/entropy_coeff": 0.0003261585307262196, "_step": 40, "_runtime": 1482, "_timestamp": 1605823669}