{"time_step_min": 3144.0, "_step": 5, "_runtime": 663, "_timestamp": 1602177443, "episode_reward_max": 288.5555555555557, "episode_reward_min": 95.87878787878785, "episode_reward_mean": 230.9327251949877, "episodes_total": 2528, "training_iteration": 7}