{"time_step_min": 3187.0, "_step": 5, "_runtime": 664, "_timestamp": 1602209357, "episode_reward_max": 284.79797979798, "episode_reward_min": 147.0606060606061, "episode_reward_mean": 229.9783169245193, "episodes_total": 948, "training_iteration": 3}