{"time_step_min": 3227, "_step": 7, "_runtime": 630, "_timestamp": 1602391236, "time_step_max": 4054, "time_step_mean": 3574.7710355987056, "episode_reward_max": 277.3838383838384, "episode_reward_min": 141.77777777777737, "episode_reward_mean": 224.41682649277575, "episodes_total": 1264, "training_iteration": 7}