{"time_step_min": 3131.0, "_step": 5, "_runtime": 619, "_timestamp": 1602249647, "episode_reward_max": 291.62626262626264, "episode_reward_min": 104.95959595959629, "episode_reward_mean": 243.75257028887597, "episodes_total": 3925, "training_iteration": 20}