{"nb_episodes": 1, "avg_best_result": 180.92929292929307, "best_episode": 180.92929292929307, "best_timestep": 3790, "_step": 0, "_runtime": 1, "_timestamp": 1602708235}