{"time_step_min": 2965, "_step": 7, "_runtime": 621, "_timestamp": 1602520769, "time_step_max": 4043, "time_step_mean": 3243.001101321586, "episode_reward_max": 312.29292929292967, "episode_reward_min": 142.59595959595958, "episode_reward_mean": 264.1506598062688, "episodes_total": 4582, "training_iteration": 23}