{"episode_reward_max": 258.61616161616155, "episode_reward_min": 185.8181818181815, "episode_reward_mean": 226.59451659451642, "episode_len_mean": 897.3571428571429, "episodes_this_iter": 0, "num_healthy_workers": 7, "timesteps_total": 33600, "episodes_total": 28, "training_iteration": 6, "timestamp": 1601916484, "time_this_iter_s": 102.32981300354004, "time_total_s": 627.2000162601471, "time_since_restore": 627.2000162601471, "timesteps_since_restore": 0, "iterations_since_restore": 6, "timers/sample_time_ms": 2377.461, "timers/sample_throughput": 2355.454, "timers/learn_time_ms": 102116.521, "timers/learn_throughput": 54.839, "timers/update_time_ms": 6.899, "info/num_steps_sampled": 33600, "info/num_steps_trained": 33600, "perf/cpu_util_percent": 17.583916083916083, "perf/ram_util_percent": 3.0895104895104897, "info/learner/default_policy/allreduce_latency": 0.0, "info/learner/default_policy/cur_kl_coeff": 0.5062500000000002, "info/learner/default_policy/cur_lr": 5.0000000000000016e-05, "info/learner/default_policy/total_loss": 3.0062420855868948, "info/learner/default_policy/policy_loss": -0.12942422905259512, "info/learner/default_policy/vf_loss": 3.124436757781289, "info/learner/default_policy/vf_explained_var": 0.9527731537818909, "info/learner/default_policy/kl": 0.022386963267556646, "info/learner/default_policy/entropy": 1.0389439544894479, "info/learner/default_policy/entropy_coeff": 0.00010000000000000003, "_step": 5, "_runtime": 634, "_timestamp": 1601916486, "custom_metrics/time_step_mean": 2049.464285714286, "custom_metrics/time_step_min": 0, "custom_metrics/time_step_max": 3818, "sampler_perf/mean_env_wait_ms": 1.306341513093459, "sampler_perf/mean_raw_obs_processing_ms": 0.27553833416143486, "sampler_perf/mean_inference_ms": 2.9099447124361224, "sampler_perf/mean_action_processing_ms": 0.11346060197030403}