{"episode_reward_max": 123.4141414141415, "episode_reward_min": -64.46464646464644, "episode_reward_mean": 65.86171717171702, "episode_len_mean": 754.4945, "episodes_this_iter": 35, "num_healthy_workers": 80, "timesteps_total": 5799040, "episodes_total": 7064, "training_iteration": 17, "timestamp": 1606841287, "time_this_iter_s": 34.63518452644348, "time_total_s": 599.8252937793732, "time_since_restore": 599.8252937793732, "timesteps_since_restore": 0, "iterations_since_restore": 17, "timers/sample_time_ms": 9480.332, "timers/sample_throughput": 35981.863, "timers/load_time_ms": 831.083, "timers/load_throughput": 410452.509, "timers/learn_time_ms": 24733.147, "timers/learn_throughput": 13792.018, "timers/update_time_ms": 46.449, "info/num_steps_sampled": 5799040, "info/num_steps_trained": 5799040, "perf/cpu_util_percent": 44.63333333333333, "perf/ram_util_percent": 8.476190476190476, "perf/gpu_util_percent0": 0.6264285714285714, "perf/vram_util_percent0": 0.2135946211872745, "info/learner/default_policy/cur_kl_coeff": 2.8577935609064298e-06, "info/learner/default_policy/cur_lr": 0.0008836842025630176, "info/learner/default_policy/total_loss": 61.16421127319336, "info/learner/default_policy/policy_loss": -0.11426212638616562, "info/learner/default_policy/vf_loss": 78.00127410888672, "info/learner/default_policy/vf_explained_var": 0.9404788017272949, "info/learner/default_policy/kl": 0.0620037317276001, "info/learner/default_policy/entropy": 0.5863696932792664, "info/learner/default_policy/entropy_coeff": 0.008277889341115952, "_step": 16, "_runtime": 623, "_timestamp": 1606841287, "custom_metrics/time_step_mean": 2834.1985, "custom_metrics/time_step_min": 2571, "custom_metrics/time_step_max": 3216, "sampler_perf/mean_env_wait_ms": 7.130451678947868, "sampler_perf/mean_raw_obs_processing_ms": 1.762887345498685, "sampler_perf/mean_inference_ms": 6.819129076612508, "sampler_perf/mean_action_processing_ms": 0.4583582420289944}