{"episode_reward_max": 179.57575757575734, "episode_reward_min": 67.45454545454542, "episode_reward_mean": 177.42667676767658, "episode_len_mean": 601.5036, "episodes_this_iter": 332, "num_healthy_workers": 80, "timesteps_total": 52039680, "episodes_total": 86092, "training_iteration": 231, "timestamp": 1608307726, "time_this_iter_s": 8.28295636177063, "time_total_s": 1856.4348590373993, "time_since_restore": 1856.4348590373993, "timesteps_since_restore": 0, "iterations_since_restore": 231, "custom_metrics/make_span_mean": 2249.55285, "custom_metrics/make_span_min": 2239, "custom_metrics/make_span_max": 2627, "sampler_perf/mean_env_wait_ms": 3.6238239424747802, "sampler_perf/mean_raw_obs_processing_ms": 0.6043047772009302, "sampler_perf/mean_inference_ms": 2.5056599812058873, "sampler_perf/mean_action_processing_ms": 0.23634829372076815, "timers/sample_time_ms": 5608.15, "timers/sample_throughput": 40170.108, "timers/load_time_ms": 492.149, "timers/load_throughput": 457747.645, "timers/learn_time_ms": 1636.162, "timers/learn_throughput": 137688.04, "timers/update_time_ms": 39.173, "info/num_steps_sampled": 52039680, "info/num_steps_trained": 52039680, "perf/cpu_util_percent": 57.67, "perf/ram_util_percent": 5.299999999999999, "perf/gpu_util_percent0": 0.172, "perf/vram_util_percent0": 0.10962610692030175, "info/learner/default_policy/cur_kl_coeff": 0.0, "info/learner/default_policy/cur_lr": 2.832000063790474e-05, "info/learner/default_policy/total_loss": 3.084202527999878, "info/learner/default_policy/policy_loss": -0.0017378494376316667, "info/learner/default_policy/vf_loss": 4.114587306976318, "info/learner/default_policy/vf_explained_var": 0.9989726543426514, "info/learner/default_policy/kl": 0.0027101964224129915, "info/learner/default_policy/entropy": 0.0373438335955143, "info/learner/default_policy/entropy_coeff": 0.0, "_step": 230, "_runtime": 1989, "_timestamp": 1608307727}