{"episode_reward_max": 280.77777777777754, "episode_reward_min": 166.09090909090904, "episode_reward_mean": 216.6233766233764, "episode_len_mean": 901.8095238095239, "episodes_this_iter": 14, "num_healthy_workers": 7, "timesteps_total": 78400, "episodes_total": 84, "training_iteration": 14, "timestamp": 1601912780, "time_this_iter_s": 42.429874658584595, "time_total_s": 640.4982686042786, "time_since_restore": 640.4982686042786, "timesteps_since_restore": 0, "iterations_since_restore": 14, "timers/sample_time_ms": 1517.571, "timers/sample_throughput": 3690.108, "timers/learn_time_ms": 43904.865, "timers/learn_throughput": 127.549, "timers/update_time_ms": 8.872, "info/num_steps_sampled": 78400, "info/num_steps_trained": 78400, "perf/cpu_util_percent": 17.61896551724138, "perf/ram_util_percent": 3.217241379310344, "info/learner/default_policy/allreduce_latency": 0.0, "info/learner/default_policy/cur_kl_coeff": 3.417187500000001, "info/learner/default_policy/cur_lr": 0.0005, "info/learner/default_policy/total_loss": 115.53011486747049, "info/learner/default_policy/policy_loss": -0.13910448106683113, "info/learner/default_policy/vf_loss": 115.6269282427701, "info/learner/default_policy/vf_explained_var": 0.9267809391021729, "info/learner/default_policy/kl": 0.012375999517230825, "info/learner/default_policy/entropy": 1.0414650738239288, "info/learner/default_policy/entropy_coeff": 0.0, "_step": 13, "_runtime": 644, "_timestamp": 1601912780, "custom_metrics/time_step_mean": 2445.5833333333335, "custom_metrics/time_step_min": 0, "custom_metrics/time_step_max": 3955, "sampler_perf/mean_env_wait_ms": 1.2989164291574542, "sampler_perf/mean_raw_obs_processing_ms": 0.23538831130024537, "sampler_perf/mean_inference_ms": 1.8067313361422912, "sampler_perf/mean_action_processing_ms": 0.09702640513211959}