{"time_step_min": 3206, "_step": 7, "_runtime": 614, "_timestamp": 1602422214, "time_step_max": 4440, "time_step_mean": 3574.0673832162047, "episode_reward_max": 280.26262626262604, "episode_reward_min": 93.29292929292927, "episode_reward_mean": 226.78598884413742, "episodes_total": 2528, "training_iteration": 5}