{"episode_reward_max": 246.4848484848489, "episode_reward_min": 196.19191919191923, "episode_reward_mean": 226.5043290043289, "episode_len_mean": 882.8571428571429, "episodes_this_iter": 7, "num_healthy_workers": 7, "timesteps_total": 12600, "episodes_total": 14, "training_iteration": 3, "timestamp": 1601912863, "time_this_iter_s": 251.99443817138672, "time_total_s": 756.367308139801, "time_since_restore": 756.367308139801, "timesteps_since_restore": 0, "iterations_since_restore": 3, "timers/sample_time_ms": 5731.254, "timers/sample_throughput": 732.824, "timers/learn_time_ms": 246320.166, "timers/learn_throughput": 17.051, "timers/update_time_ms": 20.92, "info/num_steps_sampled": 12600, "info/num_steps_trained": 12600, "perf/cpu_util_percent": 17.929376854599408, "perf/ram_util_percent": 3.286646884272997, "info/learner/default_policy/allreduce_latency": 0.0, "info/learner/default_policy/cur_kl_coeff": 0.22500000000000003, "info/learner/default_policy/cur_lr": 5e-05, "info/learner/default_policy/total_loss": 54.57100943363074, "info/learner/default_policy/policy_loss": -0.16311453113501723, "info/learner/default_policy/vf_loss": 54.72327816125119, "info/learner/default_policy/vf_explained_var": 0.9336016178131104, "info/learner/default_policy/kl": 0.048204475392897926, "info/learner/default_policy/entropy": 0.9941077250422854, "info/learner/default_policy/entropy_coeff": 0.0, "_step": 2, "_runtime": 759, "_timestamp": 1601912864, "custom_metrics/time_step_mean": 3553.3571428571427, "custom_metrics/time_step_min": 3426, "custom_metrics/time_step_max": 3757, "sampler_perf/mean_env_wait_ms": 0.6901206074388743, "sampler_perf/mean_raw_obs_processing_ms": 0.19821941641963453, "sampler_perf/mean_inference_ms": 6.346352535139045, "sampler_perf/mean_action_processing_ms": 0.09161143304612754}