{"nb_episodes": 4399, "avg_best_result": 252.17234848484844, "best_episode": 273.6666666666666, "time_step_min": 3109, "_step": 0, "_runtime": 607, "_timestamp": 1602579967}