{"episode_reward_max": 264.7272727272726, "episode_reward_min": 152.21212121212108, "episode_reward_mean": 224.4025974025973, "episode_len_mean": 864.5238095238095, "episodes_this_iter": 7, "num_healthy_workers": 7, "timesteps_total": 75600, "episodes_total": 84, "training_iteration": 18, "timestamp": 1601905872, "time_this_iter_s": 33.63670802116394, "time_total_s": 611.1224617958069, "time_since_restore": 611.1224617958069, "timesteps_since_restore": 0, "iterations_since_restore": 18, "timers/sample_time_ms": 1839.498, "timers/sample_throughput": 2283.232, "timers/learn_time_ms": 31842.821, "timers/learn_throughput": 131.898, "timers/update_time_ms": 6.961, "info/num_steps_sampled": 75600, "info/num_steps_trained": 75600, "perf/cpu_util_percent": 19.05652173913043, "perf/ram_util_percent": 2.7521739130434777, "info/learner/default_policy/allreduce_latency": 0.0, "info/learner/default_policy/cur_kl_coeff": 2.278125, "info/learner/default_policy/cur_lr": 0.0005, "info/learner/default_policy/total_loss": 30.995758685198698, "info/learner/default_policy/policy_loss": -0.15596125037832695, "info/learner/default_policy/vf_loss": 31.114167459083326, "info/learner/default_policy/vf_explained_var": 0.9793555736541748, "info/learner/default_policy/kl": 0.016483698915125744, "info/learner/default_policy/entropy": 1.0787521438165144, "info/learner/default_policy/entropy_coeff": 0.0, "_step": 17, "_runtime": 614, "_timestamp": 1601905872, "custom_metrics/time_step_mean": 3568.3333333333335, "custom_metrics/time_step_min": 3306, "custom_metrics/time_step_max": 4043, "sampler_perf/mean_env_wait_ms": 0.8899532126433952, "sampler_perf/mean_raw_obs_processing_ms": 0.19569548702657702, "sampler_perf/mean_inference_ms": 2.0883814632130946, "sampler_perf/mean_action_processing_ms": 0.08619340482231944}