{"time_step_min": 3118.0, "_step": 5, "_runtime": 618, "_timestamp": 1602178073, "episode_reward_max": 291.0303030303032, "episode_reward_min": 119.36363636363649, "episode_reward_mean": 230.03157707271615, "episodes_total": 2212, "training_iteration": 6}