{"episode_reward_max": 125.0303030303028, "episode_reward_min": -24.464646464646506, "episode_reward_mean": 67.84666666666648, "episode_len_mean": 675.411, "episodes_this_iter": 317, "num_healthy_workers": 80, "timesteps_total": 3820800, "episodes_total": 5437, "training_iteration": 30, "timestamp": 1606820801, "time_this_iter_s": 14.08889126777649, "time_total_s": 421.98620343208313, "time_since_restore": 421.98620343208313, "timesteps_since_restore": 0, "iterations_since_restore": 30, "timers/sample_time_ms": 3655.706, "timers/sample_throughput": 34838.69, "timers/load_time_ms": 326.095, "timers/load_throughput": 390561.279, "timers/learn_time_ms": 9910.885, "timers/learn_throughput": 12850.517, "timers/update_time_ms": 51.659, "info/num_steps_sampled": 3820800, "info/num_steps_trained": 3820800, "perf/cpu_util_percent": 28.776470588235295, "perf/ram_util_percent": 6.870588235294118, "perf/gpu_util_percent0": 0.27294117647058824, "perf/vram_util_percent0": 0.06633322400787144, "info/learner/default_policy/cur_kl_coeff": 7.077631258844974e-10, "info/learner/default_policy/cur_lr": 1.905655335576739e-05, "info/learner/default_policy/total_loss": 1747.1180419921875, "info/learner/default_policy/policy_loss": -0.00667954795062542, "info/learner/default_policy/vf_loss": 3446.021484375, "info/learner/default_policy/vf_explained_var": 0.7995251417160034, "info/learner/default_policy/kl": 0.011821215972304344, "info/learner/default_policy/entropy": 0.6279849410057068, "info/learner/default_policy/entropy_coeff": 0.001525106723420322, "_step": 29, "_runtime": 441, "_timestamp": 1606820801, "custom_metrics/time_step_mean": 2796.254, "custom_metrics/time_step_min": 2551, "custom_metrics/time_step_max": 3249, "sampler_perf/mean_env_wait_ms": 3.2958759680629672, "sampler_perf/mean_raw_obs_processing_ms": 0.7393414858445402, "sampler_perf/mean_inference_ms": 3.581889891251975, "sampler_perf/mean_action_processing_ms": 0.26344011170486703}