{"nb_episodes": 1, "avg_best_result": 211.8484848484848, "best_episode": 211.8484848484848, "best_timestep": 3517, "_step": 0, "_runtime": 1, "_timestamp": 1602708300}