{"time_step_min": 3226, "_step": 7, "_runtime": 642, "_timestamp": 1602417312, "time_step_max": 4493, "time_step_mean": 3575.6833411986786, "episode_reward_max": 277.23232323232315, "episode_reward_min": 85.2626262626259, "episode_reward_mean": 224.2874028612424, "episodes_total": 4266, "training_iteration": 18}