{"time_step_min": 3262, "_step": 7, "_runtime": 619, "_timestamp": 1602349604, "time_step_max": 4054, "time_step_mean": 3614.336322869955, "episode_reward_max": 271.7777777777778, "episode_reward_min": 145.7171717171716, "episode_reward_mean": 218.26799641989498, "episodes_total": 474, "training_iteration": 3}