{"episode_reward_max": 255.26262626262564, "episode_reward_min": 178.96969696969617, "episode_reward_mean": 217.67493112947625, "episode_len_mean": 890.5454545454545, "episodes_this_iter": 4, "num_healthy_workers": 7, "timesteps_total": 12600, "episodes_total": 11, "training_iteration": 3, "timestamp": 1601912099, "time_this_iter_s": 232.69748950004578, "time_total_s": 725.0531010627747, "time_since_restore": 725.0531010627747, "timesteps_since_restore": 0, "iterations_since_restore": 3, "timers/sample_time_ms": 5239.31, "timers/sample_throughput": 801.632, "timers/learn_time_ms": 236381.646, "timers/learn_throughput": 17.768, "timers/update_time_ms": 15.42, "info/num_steps_sampled": 12600, "info/num_steps_trained": 12600, "perf/cpu_util_percent": 17.851910828025478, "perf/ram_util_percent": 3.57547770700637, "info/learner/default_policy/allreduce_latency": 0.0, "info/learner/default_policy/cur_kl_coeff": 0.45000000000000007, "info/learner/default_policy/cur_lr": 0.0001, "info/learner/default_policy/total_loss": 95.08132969249378, "info/learner/default_policy/policy_loss": -0.16458448846683357, "info/learner/default_policy/vf_loss": 95.22337364427972, "info/learner/default_policy/vf_explained_var": 0.9018137454986572, "info/learner/default_policy/kl": 0.05009018121795221, "info/learner/default_policy/entropy": 0.9155511567086885, "info/learner/default_policy/entropy_coeff": 0.0, "_step": 2, "_runtime": 729, "_timestamp": 1601912099, "custom_metrics/time_step_mean": 3613.5454545454545, "custom_metrics/time_step_min": 3356, "custom_metrics/time_step_max": 3872, "sampler_perf/mean_env_wait_ms": 0.6865221229530921, "sampler_perf/mean_raw_obs_processing_ms": 0.1881437718845316, "sampler_perf/mean_inference_ms": 5.94217119498299, "sampler_perf/mean_action_processing_ms": 0.09038189199729606}