{"time_step_min": 3163.0, "_step": 5, "_runtime": 644, "_timestamp": 1602187195, "episode_reward_max": 284.6969696969693, "episode_reward_min": 115.78787878787877, "episode_reward_mean": 235.1681930060094, "episodes_total": 2528, "training_iteration": 13}