{"time_step_min": 3095.0, "_step": 5, "_runtime": 622, "_timestamp": 1602212064, "episode_reward_max": 294.52525252525237, "episode_reward_min": 115.78787878787877, "episode_reward_mean": 242.3026745162132, "episodes_total": 3634, "training_iteration": 19}