{"time_step_min": 2798, "_step": 7, "_runtime": 3672, "_timestamp": 1602630483, "time_step_max": 3927, "time_step_mean": 3079.5207534246574, "episode_reward_max": 331.23232323232304, "episode_reward_min": 160.17171717171726, "episode_reward_mean": 288.66396990906253, "episodes_total": 29242, "training_iteration": 140}