{"episode_reward_max": 278.74747474747466, "episode_reward_min": 154.20202020202066, "episode_reward_mean": 233.2818686868685, "episode_len_mean": 863.153, "episodes_this_iter": 34, "num_healthy_workers": 80, "timesteps_total": 2930400, "episodes_total": 3154, "training_iteration": 30, "timestamp": 1606764784, "time_this_iter_s": 9.862635135650635, "time_total_s": 294.6980676651001, "time_since_restore": 294.6980676651001, "timesteps_since_restore": 0, "iterations_since_restore": 30, "timers/sample_time_ms": 4309.548, "timers/sample_throughput": 22665.948, "timers/load_time_ms": 362.878, "timers/load_throughput": 269181.227, "timers/learn_time_ms": 5063.004, "timers/learn_throughput": 19292.895, "timers/update_time_ms": 42.835, "info/num_steps_sampled": 2930400, "info/num_steps_trained": 2930400, "perf/cpu_util_percent": 58.77272727272727, "perf/ram_util_percent": 7.309090909090909, "perf/gpu_util_percent0": 0.43636363636363645, "perf/vram_util_percent0": 0.11880944571990817, "info/learner/default_policy/cur_kl_coeff": 4.952864784968369e-10, "info/learner/default_policy/cur_lr": 9.352300548925996e-05, "info/learner/default_policy/total_loss": 375.132568359375, "info/learner/default_policy/policy_loss": -0.020919319242239, "info/learner/default_policy/vf_loss": 432.898193359375, "info/learner/default_policy/vf_explained_var": 0.8483012318611145, "info/learner/default_policy/kl": 0.009982019662857056, "info/learner/default_policy/entropy": 0.8332728743553162, "info/learner/default_policy/entropy_coeff": 0.002306367503479123, "_step": 29, "_runtime": 314, "_timestamp": 1606764784, "custom_metrics/time_step_mean": 3522.073, "custom_metrics/time_step_min": 3216, "custom_metrics/time_step_max": 4011, "sampler_perf/mean_env_wait_ms": 2.9695981522337247, "sampler_perf/mean_raw_obs_processing_ms": 0.7269487081374156, "sampler_perf/mean_inference_ms": 5.155430596728675, "sampler_perf/mean_action_processing_ms": 0.24883052483250254}