{"episode_reward_max": 303.8989898989894, "episode_reward_min": 208.4444444444442, "episode_reward_mean": 267.4509595959593, "episode_len_mean": 837.549, "episodes_this_iter": 99, "num_healthy_workers": 11, "timesteps_total": 3489704, "episodes_total": 4029, "training_iteration": 41, "timestamp": 1605853129, "time_this_iter_s": 34.66309118270874, "time_total_s": 1532.3480145931244, "time_since_restore": 1532.3480145931244, "timesteps_since_restore": 0, "iterations_since_restore": 41, "custom_metrics/time_step_mean": 3296.814, "custom_metrics/time_step_min": 3068, "custom_metrics/time_step_max": 3616, "sampler_perf/mean_env_wait_ms": 4.283258001740794, "sampler_perf/mean_raw_obs_processing_ms": 1.0292689073110066, "sampler_perf/mean_inference_ms": 9.448274558267862, "sampler_perf/mean_action_processing_ms": 0.29704611199551173, "timers/sample_time_ms": 19835.118, "timers/sample_throughput": 4179.819, "timers/learn_time_ms": 16291.581, "timers/learn_throughput": 5088.96, "timers/update_time_ms": 11.284, "info/num_steps_sampled": 3489704, "info/num_steps_trained": 3489704, "perf/cpu_util_percent": 45.522727272727266, "perf/ram_util_percent": 21.154545454545456, "perf/gpu_util_percent0": 0.3068181818181818, "perf/vram_util_percent0": 0.6120894422147596, "info/learner/default_policy/allreduce_latency": 0.0, "info/learner/default_policy/cur_kl_coeff": 2.0064214471110606e-13, "info/learner/default_policy/cur_lr": 9.999026318033028e-05, "info/learner/default_policy/total_loss": 4.966291210868142, "info/learner/default_policy/policy_loss": -0.01893291986462745, "info/learner/default_policy/vf_loss": 6.621952620419589, "info/learner/default_policy/vf_explained_var": 0.9992648959159851, "info/learner/default_policy/kl": 0.016762551936236294, "info/learner/default_policy/entropy": 0.726353878324682, "info/learner/default_policy/entropy_coeff": 0.00025220970318536815, "_step": 40, "_runtime": 1553, "_timestamp": 1605853129}