{"time_step_min": 3130, "_step": 7, "_runtime": 626, "_timestamp": 1602391873, "time_step_max": 4072, "time_step_mean": 3479.6352982954545, "episode_reward_max": 291.77777777777754, "episode_reward_min": 123.44444444444406, "episode_reward_mean": 239.1855048374034, "episodes_total": 2844, "training_iteration": 15}