{"time_step_min": 3145.0, "_step": 5, "_runtime": 636, "_timestamp": 1602188503, "episode_reward_max": 290.747474747475, "episode_reward_min": 115.78787878787877, "episode_reward_mean": 235.02148373009533, "episodes_total": 2845, "training_iteration": 15}