{"time_step_min": 3186.0, "_step": 5, "_runtime": 657, "_timestamp": 1602193008, "episode_reward_max": 284.79797979798, "episode_reward_min": 139.30303030303006, "episode_reward_mean": 229.4485576583477, "episodes_total": 1859, "training_iteration": 5}