{"time_step_min": 3140.0, "_step": 5, "_runtime": 618, "_timestamp": 1602219162, "episode_reward_max": 292.33333333333326, "episode_reward_min": 115.78787878787877, "episode_reward_mean": 240.6372409041184, "episodes_total": 2844, "training_iteration": 15}