{"time_step_min": 3128, "_step": 7, "_runtime": 626, "_timestamp": 1602491208, "time_step_max": 4134, "time_step_mean": 3405.737549981825, "episode_reward_max": 293.89898989899, "episode_reward_min": 118.59595959595967, "episode_reward_mean": 250.2915045573273, "episodes_total": 5530, "training_iteration": 28}