{"time_step_min": 3052, "_step": 7, "_runtime": 621, "_timestamp": 1602511554, "time_step_max": 4130, "time_step_mean": 3376.109895120839, "episode_reward_max": 283.06060606060595, "episode_reward_min": 118.96969696969654, "episode_reward_mean": 233.1677494072338, "episodes_total": 4422, "training_iteration": 23}