{"time_step_min": 3226, "_step": 7, "_runtime": 616, "_timestamp": 1602357879, "time_step_max": 4107, "time_step_mean": 3572.7251213592235, "episode_reward_max": 277.2323232323232, "episode_reward_min": 143.7474747474743, "episode_reward_mean": 225.5417902172078, "episodes_total": 1676, "training_iteration": 9}