{"episode_reward_max": 150.08080808080788, "episode_reward_min": 18.96969696969703, "episode_reward_mean": 104.55646464646448, "episode_len_mean": 723.7905, "episodes_this_iter": 240, "num_healthy_workers": 80, "timesteps_total": 9425925, "episodes_total": 12720, "training_iteration": 53, "timestamp": 1606831833, "time_this_iter_s": 11.044771671295166, "time_total_s": 581.3746078014374, "time_since_restore": 581.3746078014374, "timesteps_since_restore": 0, "iterations_since_restore": 53, "custom_metrics/time_step_mean": 2608.805, "custom_metrics/time_step_min": 2385, "custom_metrics/time_step_max": 2966, "sampler_perf/mean_env_wait_ms": 2.4405748391335145, "sampler_perf/mean_raw_obs_processing_ms": 0.6153360596332798, "sampler_perf/mean_inference_ms": 4.0311961552044115, "sampler_perf/mean_action_processing_ms": 0.22714455882266746, "timers/sample_time_ms": 5984.856, "timers/sample_throughput": 29026.329, "timers/load_time_ms": 406.685, "timers/load_throughput": 427157.392, "timers/learn_time_ms": 4258.764, "timers/learn_throughput": 40790.807, "timers/update_time_ms": 43.978, "info/num_steps_sampled": 9425925, "info/num_steps_trained": 9425925, "perf/cpu_util_percent": 61.130769230769246, "perf/ram_util_percent": 6.799999999999999, "perf/gpu_util_percent0": 0.29384615384615387, "perf/vram_util_percent0": 0.11356182354870452, "info/learner/default_policy/cur_kl_coeff": 5.896926911754191e-17, "info/learner/default_policy/cur_lr": 7.590333552798256e-05, "info/learner/default_policy/total_loss": 176.11782836914062, "info/learner/default_policy/policy_loss": -0.006887697149068117, "info/learner/default_policy/vf_loss": 261.40277099609375, "info/learner/default_policy/vf_explained_var": 0.8951907753944397, "info/learner/default_policy/kl": 0.003395533887669444, "info/learner/default_policy/entropy": 0.7031745910644531, "info/learner/default_policy/entropy_coeff": 0.006316492799669504, "_step": 52, "_runtime": 605, "_timestamp": 1606831833}