{"time_step_min": 3162.0, "_step": 5, "_runtime": 657, "_timestamp": 1602208042, "episode_reward_max": 291.34343434343447, "episode_reward_min": 103.7272727272729, "episode_reward_mean": 234.25827899245613, "episodes_total": 3476, "training_iteration": 9}