{"episode_reward_max": 270.97979797979724, "episode_reward_min": 122.45454545454555, "episode_reward_mean": 230.25925925925912, "episode_len_mean": 842.3095238095239, "episodes_this_iter": 0, "num_healthy_workers": 7, "timesteps_total": 75600, "episodes_total": 84, "training_iteration": 18, "timestamp": 1601907743, "time_this_iter_s": 34.34997606277466, "time_total_s": 617.5201489925385, "time_since_restore": 617.5201489925385, "timesteps_since_restore": 0, "iterations_since_restore": 18, "timers/sample_time_ms": 1951.767, "timers/sample_throughput": 2151.896, "timers/learn_time_ms": 32197.141, "timers/learn_throughput": 130.446, "timers/update_time_ms": 7.999, "info/num_steps_sampled": 75600, "info/num_steps_trained": 75600, "perf/cpu_util_percent": 18.06595744680851, "perf/ram_util_percent": 2.919148936170213, "info/learner/default_policy/allreduce_latency": 0.0, "info/learner/default_policy/cur_kl_coeff": 0.675, "info/learner/default_policy/cur_lr": 5e-05, "info/learner/default_policy/total_loss": 1.3592292540001147, "info/learner/default_policy/policy_loss": -0.1132922638207674, "info/learner/default_policy/vf_loss": 1.46052065040126, "info/learner/default_policy/vf_explained_var": 0.993520200252533, "info/learner/default_policy/kl": 0.01790959413417361, "info/learner/default_policy/entropy": 0.881476716561751, "info/learner/default_policy/entropy_coeff": 0.0001, "_step": 17, "_runtime": 623, "_timestamp": 1601907746, "custom_metrics/time_step_mean": 3528.8809523809523, "custom_metrics/time_step_min": 3261, "custom_metrics/time_step_max": 4237, "sampler_perf/mean_env_wait_ms": 0.7553563948380339, "sampler_perf/mean_raw_obs_processing_ms": 0.1578811539745259, "sampler_perf/mean_inference_ms": 1.7768472233658679, "sampler_perf/mean_action_processing_ms": 0.07428647429148577}