{"time_step_min": 3081.0, "_step": 5, "_runtime": 645, "_timestamp": 1602217881, "episode_reward_max": 297.92929292929335, "episode_reward_min": 115.78787878787877, "episode_reward_mean": 241.19119439203843, "episodes_total": 2843, "training_iteration": 15}