{"time_step_min": 3097, "_step": 7, "_runtime": 625, "_timestamp": 1602509647, "time_step_max": 3935, "time_step_mean": 3420.9011037527594, "episode_reward_max": 297.38383838383817, "episode_reward_min": 146.02020202020182, "episode_reward_mean": 248.6839457567804, "episodes_total": 4572, "training_iteration": 23}