{"episode_reward_max": 276.4747474747472, "episode_reward_min": 109.05050505050508, "episode_reward_mean": 221.37489898989875, "episode_len_mean": 906.903, "episodes_this_iter": 400, "num_healthy_workers": 80, "timesteps_total": 1536000, "episodes_total": 1600, "training_iteration": 5, "timestamp": 1606730083, "time_this_iter_s": 61.79264426231384, "time_total_s": 309.0465497970581, "time_since_restore": 309.0465497970581, "timesteps_since_restore": 0, "iterations_since_restore": 5, "timers/sample_time_ms": 11475.654, "timers/sample_throughput": 26769.716, "timers/learn_time_ms": 50163.405, "timers/learn_throughput": 6123.986, "timers/update_time_ms": 60.999, "info/num_steps_sampled": 1536000, "info/num_steps_trained": 1536000, "perf/cpu_util_percent": 16.48382352941176, "perf/ram_util_percent": 4.882352941176469, "perf/gpu_util_percent0": 0.2289705882352941, "perf/vram_util_percent0": 0.10683830764184976, "info/learner/default_policy/allreduce_latency": 0.0, "info/learner/default_policy/cur_kl_coeff": 0.033140754143843806, "info/learner/default_policy/cur_lr": 0.0002957975217466348, "info/learner/default_policy/total_loss": 158.25363714044744, "info/learner/default_policy/policy_loss": -0.09826012091203169, "info/learner/default_policy/vf_loss": 276.3487146550959, "info/learner/default_policy/vf_explained_var": 0.9660072326660156, "info/learner/default_policy/kl": 0.02947007619183172, "info/learner/default_policy/entropy": 1.028620719909668, "info/learner/default_policy/entropy_coeff": 0.00833548614541756, "_step": 4, "_runtime": 321, "_timestamp": 1606730084, "custom_metrics/time_step_mean": 3618.081, "custom_metrics/time_step_min": 3290, "custom_metrics/time_step_max": 4311, "sampler_perf/mean_env_wait_ms": 4.092457417511872, "sampler_perf/mean_raw_obs_processing_ms": 0.9276876138763207, "sampler_perf/mean_inference_ms": 7.758278133210108, "sampler_perf/mean_action_processing_ms": 0.2713120408397787}