{"time_step_min": 2782, "_step": 7, "_runtime": 3679, "_timestamp": 1602637847, "time_step_max": 4000, "time_step_mean": 3079.6354518544313, "episode_reward_max": 323.61616161616183, "episode_reward_min": 138.7676767676767, "episode_reward_mean": 278.2208490272411, "episodes_total": 28754, "training_iteration": 137}