{"episode_reward_max": 138.16161616161602, "episode_reward_min": -4.666666666666872, "episode_reward_mean": 81.16111111111094, "episode_len_mean": 772.735, "episodes_this_iter": 105, "num_healthy_workers": 80, "timesteps_total": 8702400, "episodes_total": 10640, "training_iteration": 35, "timestamp": 1606839372, "time_this_iter_s": 16.906359672546387, "time_total_s": 595.095764875412, "time_since_restore": 595.095764875412, "timesteps_since_restore": 0, "iterations_since_restore": 35, "timers/sample_time_ms": 6007.213, "timers/sample_throughput": 41390.244, "timers/load_time_ms": 624.206, "timers/load_throughput": 398330.103, "timers/learn_time_ms": 10210.531, "timers/learn_throughput": 24351.328, "timers/update_time_ms": 51.874, "info/num_steps_sampled": 8702400, "info/num_steps_trained": 8702400, "perf/cpu_util_percent": 34.790000000000006, "perf/ram_util_percent": 7.5, "perf/gpu_util_percent0": 0.44700000000000006, "perf/vram_util_percent0": 0.1922761561167596, "info/learner/default_policy/cur_kl_coeff": 2.1620968126967455e-08, "info/learner/default_policy/cur_lr": 0.000959250726737082, "info/learner/default_policy/total_loss": 36.590721130371094, "info/learner/default_policy/policy_loss": -0.12696664035320282, "info/learner/default_policy/vf_loss": 46.69966506958008, "info/learner/default_policy/vf_explained_var": 0.9602305889129639, "info/learner/default_policy/kl": 0.14102965593338013, "info/learner/default_policy/entropy": 0.38036423921585083, "info/learner/default_policy/entropy_coeff": 0.005488299764692783, "_step": 34, "_runtime": 616, "_timestamp": 1606839372, "custom_metrics/time_step_mean": 2732.6485, "custom_metrics/time_step_min": 2496, "custom_metrics/time_step_max": 3096, "sampler_perf/mean_env_wait_ms": 5.27795168929278, "sampler_perf/mean_raw_obs_processing_ms": 1.282887026035909, "sampler_perf/mean_inference_ms": 4.55279940704996, "sampler_perf/mean_action_processing_ms": 0.3871971151532729}