{"time_step_min": 3152.0, "_step": 5, "_runtime": 627, "_timestamp": 1602176071, "episode_reward_max": 294.262626262626, "episode_reward_min": 135.1212121212124, "episode_reward_mean": 234.61166517495627, "episodes_total": 3792, "training_iteration": 10}