{"episode_reward_max": 259.6464646464641, "episode_reward_min": 199.9494949494944, "episode_reward_mean": 227.50974025974003, "episode_len_mean": 909.3571428571429, "episodes_this_iter": 0, "num_healthy_workers": 7, "timesteps_total": 33600, "episodes_total": 28, "training_iteration": 6, "timestamp": 1601917190, "time_this_iter_s": 105.03843593597412, "time_total_s": 634.4874613285065, "time_since_restore": 634.4874613285065, "timesteps_since_restore": 0, "iterations_since_restore": 6, "timers/sample_time_ms": 2385.418, "timers/sample_throughput": 2347.597, "timers/learn_time_ms": 103331.367, "timers/learn_throughput": 54.195, "timers/update_time_ms": 7.044, "info/num_steps_sampled": 33600, "info/num_steps_trained": 33600, "perf/cpu_util_percent": 17.75804195804196, "perf/ram_util_percent": 3.168531468531468, "info/learner/default_policy/allreduce_latency": 0.0, "info/learner/default_policy/cur_kl_coeff": 0.759375, "info/learner/default_policy/cur_lr": 0.00010000000000000003, "info/learner/default_policy/total_loss": 1.4019530415534973, "info/learner/default_policy/policy_loss": -0.15317475370300765, "info/learner/default_policy/vf_loss": 1.5290526910261675, "info/learner/default_policy/vf_explained_var": 0.9300161004066467, "info/learner/default_policy/kl": 0.03433760145509785, "info/learner/default_policy/entropy": 0.9083414037119258, "info/learner/default_policy/entropy_coeff": 0.0, "_step": 5, "_runtime": 636, "_timestamp": 1601917190, "custom_metrics/time_step_mean": 2231.1428571428573, "custom_metrics/time_step_min": 0, "custom_metrics/time_step_max": 3651, "sampler_perf/mean_env_wait_ms": 1.2946321535899359, "sampler_perf/mean_raw_obs_processing_ms": 0.2742021690577084, "sampler_perf/mean_inference_ms": 2.8028904054114614, "sampler_perf/mean_action_processing_ms": 0.11354302128750847}