{"episode_reward_max": 302.53535353535307, "episode_reward_min": 174.35353535353534, "episode_reward_mean": 262.60277777777753, "episode_len_mean": 855.38, "episodes_this_iter": 240, "num_healthy_workers": 80, "timesteps_total": 6430738, "episodes_total": 7200, "training_iteration": 30, "timestamp": 1606761456, "time_this_iter_s": 19.312325477600098, "time_total_s": 592.4672062397003, "time_since_restore": 592.4672062397003, "timesteps_since_restore": 0, "iterations_since_restore": 30, "custom_metrics/time_step_mean": 3321.057, "custom_metrics/time_step_min": 3088, "custom_metrics/time_step_max": 3743, "sampler_perf/mean_env_wait_ms": 2.807999639491962, "sampler_perf/mean_raw_obs_processing_ms": 0.6612220982985111, "sampler_perf/mean_inference_ms": 4.482853888449579, "sampler_perf/mean_action_processing_ms": 0.252788080033361, "timers/sample_time_ms": 8000.777, "timers/sample_throughput": 25863.387, "timers/load_time_ms": 766.951, "timers/load_throughput": 269804.893, "timers/learn_time_ms": 10510.225, "timers/learn_throughput": 19688.181, "timers/update_time_ms": 52.529, "info/num_steps_sampled": 6430738, "info/num_steps_trained": 6430738, "perf/cpu_util_percent": 37.43913043478261, "perf/ram_util_percent": 7.5608695652173905, "perf/gpu_util_percent0": 0.4426086956521739, "perf/vram_util_percent0": 0.2027714004591669, "info/learner/default_policy/cur_kl_coeff": 6.326250079347062e-10, "info/learner/default_policy/cur_lr": 0.0003284239210188389, "info/learner/default_policy/total_loss": 116.21050262451172, "info/learner/default_policy/policy_loss": -0.08305490761995316, "info/learner/default_policy/vf_loss": 134.2939453125, "info/learner/default_policy/vf_explained_var": 0.9852583408355713, "info/learner/default_policy/kl": 0.03816206753253937, "info/learner/default_policy/entropy": 0.598602831363678, "info/learner/default_policy/entropy_coeff": 0.00040872106910683215, "_step": 29, "_runtime": 612, "_timestamp": 1606761456}