{"time_step_min": 3143, "_step": 7, "_runtime": 624, "_timestamp": 1602444982, "time_step_max": 4248, "time_step_mean": 3472.163964435146, "episode_reward_max": 289.80808080808083, "episode_reward_min": 115.71717171717155, "episode_reward_mean": 239.9739922590389, "episodes_total": 3852, "training_iteration": 20}