{"episode_reward_max": 262.5050505050506, "episode_reward_min": 180.8282828282829, "episode_reward_mean": 221.95743145743123, "episode_len_mean": 886.0714285714286, "episodes_this_iter": 7, "num_healthy_workers": 7, "timesteps_total": 12600, "episodes_total": 14, "training_iteration": 3, "timestamp": 1601911818, "time_this_iter_s": 241.21710085868835, "time_total_s": 752.0007259845734, "time_since_restore": 752.0007259845734, "timesteps_since_restore": 0, "iterations_since_restore": 3, "timers/sample_time_ms": 5549.415, "timers/sample_throughput": 756.836, "timers/learn_time_ms": 245063.558, "timers/learn_throughput": 17.138, "timers/update_time_ms": 11.063, "info/num_steps_sampled": 12600, "info/num_steps_trained": 12600, "perf/cpu_util_percent": 17.061490683229817, "perf/ram_util_percent": 3.5863354037267086, "info/learner/default_policy/allreduce_latency": 0.0, "info/learner/default_policy/cur_kl_coeff": 0.6749999999999999, "info/learner/default_policy/cur_lr": 0.0005, "info/learner/default_policy/total_loss": 101.15827849417022, "info/learner/default_policy/policy_loss": -0.1669491118553913, "info/learner/default_policy/vf_loss": 101.28555968313506, "info/learner/default_policy/vf_explained_var": 0.9126136898994446, "info/learner/default_policy/kl": 0.05876448377966881, "info/learner/default_policy/entropy": 0.9232408548846389, "info/learner/default_policy/entropy_coeff": 0.0, "_step": 2, "_runtime": 754, "_timestamp": 1601911818, "custom_metrics/time_step_mean": 3584.5, "custom_metrics/time_step_min": 3315, "custom_metrics/time_step_max": 3852, "sampler_perf/mean_env_wait_ms": 0.6879329594428304, "sampler_perf/mean_raw_obs_processing_ms": 0.18967356523665097, "sampler_perf/mean_inference_ms": 5.943450883959288, "sampler_perf/mean_action_processing_ms": 0.0908766821702759}