{"episode_reward_max": 261.6262626262628, "episode_reward_min": 143.44444444444449, "episode_reward_mean": 220.63565656565663, "episode_len_mean": 793.608, "episodes_this_iter": 110, "num_healthy_workers": 11, "timesteps_total": 3286185, "episodes_total": 4107, "training_iteration": 39, "timestamp": 1605844012, "time_this_iter_s": 39.377732038497925, "time_total_s": 1421.8101546764374, "time_since_restore": 1421.8101546764374, "timesteps_since_restore": 0, "iterations_since_restore": 39, "custom_metrics/time_step_mean": 3605.89, "custom_metrics/time_step_min": 3374, "custom_metrics/time_step_max": 3907, "sampler_perf/mean_env_wait_ms": 4.773716034262192, "sampler_perf/mean_raw_obs_processing_ms": 1.0289864375660072, "sampler_perf/mean_inference_ms": 9.381218946830774, "sampler_perf/mean_action_processing_ms": 0.29447117822846974, "timers/sample_time_ms": 20624.948, "timers/sample_throughput": 4120.549, "timers/learn_time_ms": 16576.01, "timers/learn_throughput": 5127.054, "timers/update_time_ms": 12.453, "info/num_steps_sampled": 3286185, "info/num_steps_trained": 3286185, "perf/cpu_util_percent": 49.18571428571428, "perf/ram_util_percent": 21.089795918367347, "perf/gpu_util_percent0": 0.3271428571428572, "perf/vram_util_percent0": 0.6120894422147596, "info/learner/default_policy/allreduce_latency": 0.0, "info/learner/default_policy/cur_kl_coeff": 9.401738817994857e-13, "info/learner/default_policy/cur_lr": 2.619942441582316e-05, "info/learner/default_policy/total_loss": 2.151014132933183, "info/learner/default_policy/policy_loss": -0.005955884635279124, "info/learner/default_policy/vf_loss": 1.7293129834261807, "info/learner/default_policy/vf_explained_var": 0.9992634057998657, "info/learner/default_policy/kl": 0.004813520237803459, "info/learner/default_policy/entropy": 0.5158084251663901, "info/learner/default_policy/entropy_coeff": 0.0007020121632533015, "_step": 38, "_runtime": 1440, "_timestamp": 1605844012}