{"nb_episodes": 1, "avg_best_result": 178.5959595959596, "best_episode": 178.5959595959596, "best_timestep": 3881, "_step": 0, "_runtime": 1, "_timestamp": 1602708267}