{"episode_reward_max": 268.5252525252523, "episode_reward_min": 198.16161616161608, "episode_reward_mean": 233.65223665223638, "episode_len_mean": 889.7142857142857, "episodes_this_iter": 0, "num_healthy_workers": 7, "timesteps_total": 33600, "episodes_total": 28, "training_iteration": 6, "timestamp": 1601917248, "time_this_iter_s": 104.46435594558716, "time_total_s": 635.3587608337402, "time_since_restore": 635.3587608337402, "timesteps_since_restore": 0, "iterations_since_restore": 6, "timers/sample_time_ms": 2288.029, "timers/sample_throughput": 2447.521, "timers/learn_time_ms": 103567.518, "timers/learn_throughput": 54.071, "timers/update_time_ms": 7.37, "info/num_steps_sampled": 33600, "info/num_steps_trained": 33600, "perf/cpu_util_percent": 17.651408450704224, "perf/ram_util_percent": 3.222535211267606, "info/learner/default_policy/allreduce_latency": 0.0, "info/learner/default_policy/cur_kl_coeff": 1.5187499999999998, "info/learner/default_policy/cur_lr": 5.0000000000000016e-05, "info/learner/default_policy/total_loss": 2.135889806530692, "info/learner/default_policy/policy_loss": -0.13814641677097164, "info/learner/default_policy/vf_loss": 2.247791054573926, "info/learner/default_policy/vf_explained_var": 0.9339837431907654, "info/learner/default_policy/kl": 0.017280773238532922, "info/learner/default_policy/entropy": 1.050107179717584, "info/learner/default_policy/entropy_coeff": 0.0, "_step": 5, "_runtime": 639, "_timestamp": 1601917248, "custom_metrics/time_step_mean": 2445.9285714285716, "custom_metrics/time_step_min": 0, "custom_metrics/time_step_max": 3625, "sampler_perf/mean_env_wait_ms": 1.274128760521254, "sampler_perf/mean_raw_obs_processing_ms": 0.26442658990788065, "sampler_perf/mean_inference_ms": 2.858919799692779, "sampler_perf/mean_action_processing_ms": 0.11001696660091112}