{"time_step_min": 3171, "_step": 7, "_runtime": 998, "_timestamp": 1602598583, "time_step_max": 4607, "time_step_mean": 3611.092120196725, "episode_reward_max": 286.7777777777775, "episode_reward_min": 67.9898989898989, "episode_reward_mean": 218.9490859023537, "episodes_total": 37041, "training_iteration": 1046}