{"episode_reward_max": 264.8282828282825, "episode_reward_min": 163.05050505050446, "episode_reward_mean": 224.43746993746967, "episode_len_mean": 858.3928571428571, "episodes_this_iter": 7, "num_healthy_workers": 7, "timesteps_total": 75600, "episodes_total": 84, "training_iteration": 18, "timestamp": 1601907739, "time_this_iter_s": 34.36885404586792, "time_total_s": 618.5224595069885, "time_since_restore": 618.5224595069885, "timesteps_since_restore": 0, "iterations_since_restore": 18, "timers/sample_time_ms": 1753.637, "timers/sample_throughput": 2395.023, "timers/learn_time_ms": 32389.612, "timers/learn_throughput": 129.671, "timers/update_time_ms": 8.103, "info/num_steps_sampled": 75600, "info/num_steps_trained": 75600, "perf/cpu_util_percent": 19.317021276595746, "perf/ram_util_percent": 2.9106382978723406, "info/learner/default_policy/allreduce_latency": 0.0, "info/learner/default_policy/cur_kl_coeff": 0.675, "info/learner/default_policy/cur_lr": 5e-05, "info/learner/default_policy/total_loss": 8.010928775324967, "info/learner/default_policy/policy_loss": -0.07422039688875277, "info/learner/default_policy/vf_loss": 8.075522242170392, "info/learner/default_policy/vf_explained_var": 0.9919476509094238, "info/learner/default_policy/kl": 0.01426210951511607, "info/learner/default_policy/entropy": 0.8827511469523112, "info/learner/default_policy/entropy_coeff": 0.0, "_step": 17, "_runtime": 622, "_timestamp": 1601907740, "custom_metrics/time_step_mean": 3567.6428571428573, "custom_metrics/time_step_min": 3296, "custom_metrics/time_step_max": 3976, "sampler_perf/mean_env_wait_ms": 0.7294329033788726, "sampler_perf/mean_raw_obs_processing_ms": 0.14964433940402536, "sampler_perf/mean_inference_ms": 1.6867595359152412, "sampler_perf/mean_action_processing_ms": 0.07141093752176492}