{"episode_reward_max": 270.58585858585855, "episode_reward_min": 158.4646464646464, "episode_reward_mean": 223.40432900432887, "episode_len_mean": 872.2285714285714, "episodes_this_iter": 7, "num_healthy_workers": 7, "timesteps_total": 33600, "episodes_total": 35, "training_iteration": 8, "timestamp": 1601908445, "time_this_iter_s": 82.2106544971466, "time_total_s": 661.4915337562561, "time_since_restore": 661.4915337562561, "timesteps_since_restore": 0, "iterations_since_restore": 8, "timers/sample_time_ms": 2662.958, "timers/sample_throughput": 1577.193, "timers/learn_time_ms": 79988.059, "timers/learn_throughput": 52.508, "timers/update_time_ms": 8.172, "info/num_steps_sampled": 33600, "info/num_steps_trained": 33600, "perf/cpu_util_percent": 19.998214285714287, "perf/ram_util_percent": 2.8973214285714284, "info/learner/default_policy/allreduce_latency": 0.0, "info/learner/default_policy/cur_kl_coeff": 0.6749999999999999, "info/learner/default_policy/cur_lr": 5e-05, "info/learner/default_policy/total_loss": 149.60976987896544, "info/learner/default_policy/policy_loss": -0.11557486766215527, "info/learner/default_policy/vf_loss": 149.71228304776278, "info/learner/default_policy/vf_explained_var": 0.9070074558258057, "info/learner/default_policy/kl": 0.019350478736062843, "info/learner/default_policy/entropy": 1.0385314894445015, "info/learner/default_policy/entropy_coeff": 0.0, "_step": 7, "_runtime": 664, "_timestamp": 1601908446, "custom_metrics/time_step_mean": 3573.4, "custom_metrics/time_step_min": 3257, "custom_metrics/time_step_max": 3998, "sampler_perf/mean_env_wait_ms": 0.7038220497657007, "sampler_perf/mean_raw_obs_processing_ms": 0.1681268672463124, "sampler_perf/mean_inference_ms": 2.695307120353569, "sampler_perf/mean_action_processing_ms": 0.08085518540627835}