{"episode_reward_max": 150.28282828282815, "episode_reward_min": 10.282828282827953, "episode_reward_mean": 92.82929292929278, "episode_len_mean": 713.535, "episodes_this_iter": 214, "num_healthy_workers": 80, "timesteps_total": 6853440, "episodes_total": 9003, "training_iteration": 44, "timestamp": 1606828713, "time_this_iter_s": 13.385630369186401, "time_total_s": 586.9918103218079, "time_since_restore": 586.9918103218079, "timesteps_since_restore": 0, "iterations_since_restore": 44, "timers/sample_time_ms": 5566.282, "timers/sample_throughput": 27982.773, "timers/load_time_ms": 353.035, "timers/load_throughput": 441202.926, "timers/learn_time_ms": 7269.433, "timers/learn_throughput": 21426.706, "timers/update_time_ms": 41.931, "info/num_steps_sampled": 6853440, "info/num_steps_trained": 6853440, "perf/cpu_util_percent": 40.35625, "perf/ram_util_percent": 7.3, "perf/gpu_util_percent0": 0.44, "perf/vram_util_percent0": 0.11897343391275828, "info/learner/default_policy/cur_kl_coeff": 2.8601541301369673e-14, "info/learner/default_policy/cur_lr": 0.0003275747294537723, "info/learner/default_policy/total_loss": 114.36503601074219, "info/learner/default_policy/policy_loss": -0.04492189362645149, "info/learner/default_policy/vf_loss": 144.79917907714844, "info/learner/default_policy/vf_explained_var": 0.9385738372802734, "info/learner/default_policy/kl": 0.014980093576014042, "info/learner/default_policy/entropy": 0.44104549288749695, "info/learner/default_policy/entropy_coeff": 0.0017176658147946, "_step": 43, "_runtime": 609, "_timestamp": 1606828713, "custom_metrics/time_step_mean": 2667.9595, "custom_metrics/time_step_min": 2426, "custom_metrics/time_step_max": 2987, "sampler_perf/mean_env_wait_ms": 2.5178805119314127, "sampler_perf/mean_raw_obs_processing_ms": 0.6409498999272253, "sampler_perf/mean_inference_ms": 4.304597084875794, "sampler_perf/mean_action_processing_ms": 0.24685750614796076}