{"nb_episodes": 1, "avg_best_result": 209.8989898989893, "best_episode": 209.8989898989893, "best_timestep": 3826, "_step": 0, "_runtime": 1, "_timestamp": 1602708290}