{"time_step_min": 3173.0, "_step": 5, "_runtime": 632, "_timestamp": 1602206106, "episode_reward_max": 284.79797979798, "episode_reward_min": 147.0606060606061, "episode_reward_mean": 229.83769658611413, "episodes_total": 632, "training_iteration": 2}