{"episode_reward_max": 265.5757575757574, "episode_reward_min": 178.01010101010087, "episode_reward_mean": 226.59812409812392, "episode_len_mean": 865.0119047619048, "episodes_this_iter": 6, "num_healthy_workers": 7, "timesteps_total": 78400, "episodes_total": 84, "training_iteration": 14, "timestamp": 1601915131, "time_this_iter_s": 43.53449821472168, "time_total_s": 617.4618897438049, "time_since_restore": 617.4618897438049, "timesteps_since_restore": 0, "iterations_since_restore": 14, "timers/sample_time_ms": 1532.335, "timers/sample_throughput": 3654.552, "timers/learn_time_ms": 42371.731, "timers/learn_throughput": 132.164, "timers/update_time_ms": 8.699, "info/num_steps_sampled": 78400, "info/num_steps_trained": 78400, "perf/cpu_util_percent": 17.679032258064517, "perf/ram_util_percent": 3.0999999999999996, "info/learner/default_policy/allreduce_latency": 0.0, "info/learner/default_policy/cur_kl_coeff": 0.675, "info/learner/default_policy/cur_lr": 5.0000000000000016e-05, "info/learner/default_policy/total_loss": 4.295637296004728, "info/learner/default_policy/policy_loss": -0.08034914344633845, "info/learner/default_policy/vf_loss": 4.365188975225795, "info/learner/default_policy/vf_explained_var": 0.9623879790306091, "info/learner/default_policy/kl": 0.015996238894083283, "info/learner/default_policy/entropy": 0.9766940813172947, "info/learner/default_policy/entropy_coeff": 0.0, "_step": 13, "_runtime": 630, "_timestamp": 1601915132, "custom_metrics/time_step_mean": 2542.3571428571427, "custom_metrics/time_step_min": 0, "custom_metrics/time_step_max": 3877, "sampler_perf/mean_env_wait_ms": 1.3089284361023918, "sampler_perf/mean_raw_obs_processing_ms": 0.2394568149087429, "sampler_perf/mean_inference_ms": 1.7984350418542225, "sampler_perf/mean_action_processing_ms": 0.09698979511827992}