{"episode_reward_max": 259.73737373737373, "episode_reward_min": 162.39393939393958, "episode_reward_mean": 220.94949494949483, "episode_len_mean": 882.1428571428571, "episodes_this_iter": 7, "num_healthy_workers": 7, "timesteps_total": 12600, "episodes_total": 14, "training_iteration": 3, "timestamp": 1601912933, "time_this_iter_s": 266.86461329460144, "time_total_s": 798.958574295044, "time_since_restore": 798.958574295044, "timesteps_since_restore": 0, "iterations_since_restore": 3, "timers/sample_time_ms": 5111.715, "timers/sample_throughput": 821.642, "timers/learn_time_ms": 261134.067, "timers/learn_throughput": 16.084, "timers/update_time_ms": 17.159, "info/num_steps_sampled": 12600, "info/num_steps_trained": 12600, "perf/cpu_util_percent": 18.256741573033707, "perf/ram_util_percent": 3.187078651685393, "info/learner/default_policy/allreduce_latency": 0.0, "info/learner/default_policy/cur_kl_coeff": 0.22500000000000003, "info/learner/default_policy/cur_lr": 5e-05, "info/learner/default_policy/total_loss": 234.52097297437263, "info/learner/default_policy/policy_loss": -0.1546485037966208, "info/learner/default_policy/vf_loss": 234.6650302771366, "info/learner/default_policy/vf_explained_var": 0.807474672794342, "info/learner/default_policy/kl": 0.047509435564279556, "info/learner/default_policy/entropy": 0.9621813730760054, "info/learner/default_policy/entropy_coeff": 0.0001, "_step": 2, "_runtime": 801, "_timestamp": 1601912933, "custom_metrics/time_step_mean": 3592.3571428571427, "custom_metrics/time_step_min": 3336, "custom_metrics/time_step_max": 3983, "sampler_perf/mean_env_wait_ms": 0.6867806057380675, "sampler_perf/mean_raw_obs_processing_ms": 0.18898844580009191, "sampler_perf/mean_inference_ms": 5.888939437829117, "sampler_perf/mean_action_processing_ms": 0.0880066658326546}