{"time_step_min": 3185.0, "_step": 5, "_runtime": 692, "_timestamp": 1602194451, "episode_reward_max": 284.79797979798, "episode_reward_min": 129.12121212121187, "episode_reward_mean": 229.4444284618333, "episodes_total": 632, "training_iteration": 2}