{"episode_reward_max": 271.36363636363575, "episode_reward_min": 164.29292929292947, "episode_reward_mean": 220.73629148629144, "episode_len_mean": 856.452380952381, "episodes_this_iter": 7, "num_healthy_workers": 7, "timesteps_total": 75600, "episodes_total": 84, "training_iteration": 18, "timestamp": 1601906495, "time_this_iter_s": 33.924919843673706, "time_total_s": 615.9143309593201, "time_since_restore": 615.9143309593201, "timesteps_since_restore": 0, "iterations_since_restore": 18, "timers/sample_time_ms": 1807.181, "timers/sample_throughput": 2324.062, "timers/learn_time_ms": 32203.771, "timers/learn_throughput": 130.42, "timers/update_time_ms": 6.934, "info/num_steps_sampled": 75600, "info/num_steps_trained": 75600, "perf/cpu_util_percent": 19.48510638297872, "perf/ram_util_percent": 2.8042553191489357, "info/learner/default_policy/allreduce_latency": 0.0, "info/learner/default_policy/cur_kl_coeff": 0.3, "info/learner/default_policy/cur_lr": 5e-05, "info/learner/default_policy/total_loss": 12.84030339934609, "info/learner/default_policy/policy_loss": -0.06371726375073195, "info/learner/default_policy/vf_loss": 12.899429046746457, "info/learner/default_policy/vf_explained_var": 0.982733964920044, "info/learner/default_policy/kl": 0.015304811157737717, "info/learner/default_policy/entropy": 0.8834310679724722, "info/learner/default_policy/entropy_coeff": 0.0, "_step": 17, "_runtime": 619, "_timestamp": 1601906495, "custom_metrics/time_step_mean": 3591.6666666666665, "custom_metrics/time_step_min": 3259, "custom_metrics/time_step_max": 3969, "sampler_perf/mean_env_wait_ms": 0.7450877583515657, "sampler_perf/mean_raw_obs_processing_ms": 0.15537912898531658, "sampler_perf/mean_inference_ms": 1.748855667708222, "sampler_perf/mean_action_processing_ms": 0.07318873822596057}