{"episode_reward_max": 275.79797979797945, "episode_reward_min": 137.30303030303014, "episode_reward_mean": 225.64757464757454, "episode_len_mean": 853.6593406593406, "episodes_this_iter": 7, "num_healthy_workers": 7, "timesteps_total": 79800, "episodes_total": 91, "training_iteration": 19, "timestamp": 1601907739, "time_this_iter_s": 33.462857723236084, "time_total_s": 631.7597327232361, "time_since_restore": 631.7597327232361, "timesteps_since_restore": 0, "iterations_since_restore": 19, "timers/sample_time_ms": 1921.637, "timers/sample_throughput": 2185.637, "timers/learn_time_ms": 31169.373, "timers/learn_throughput": 134.748, "timers/update_time_ms": 8.017, "info/num_steps_sampled": 79800, "info/num_steps_trained": 79800, "perf/cpu_util_percent": 19.317021276595742, "perf/ram_util_percent": 2.9148936170212765, "info/learner/default_policy/allreduce_latency": 0.0, "info/learner/default_policy/cur_kl_coeff": 0.6749999999999999, "info/learner/default_policy/cur_lr": 5e-05, "info/learner/default_policy/total_loss": 14.912217906027129, "info/learner/default_policy/policy_loss": -0.07775209948533413, "info/learner/default_policy/vf_loss": 14.9799385359793, "info/learner/default_policy/vf_explained_var": 0.9867526888847351, "info/learner/default_policy/kl": 0.014990317070800247, "info/learner/default_policy/entropy": 0.8683551965337811, "info/learner/default_policy/entropy_coeff": 0.0001, "_step": 18, "_runtime": 636, "_timestamp": 1601907739, "custom_metrics/time_step_mean": 3559.3626373626375, "custom_metrics/time_step_min": 3216, "custom_metrics/time_step_max": 4139, "sampler_perf/mean_env_wait_ms": 0.7452446629164425, "sampler_perf/mean_raw_obs_processing_ms": 0.15645669366511974, "sampler_perf/mean_inference_ms": 1.7838280640338884, "sampler_perf/mean_action_processing_ms": 0.07468380501005598}