{"time_step_min": 3211, "_step": 7, "_runtime": 641, "_timestamp": 1602352176, "time_step_max": 4169, "time_step_mean": 3599.7219730941706, "episode_reward_max": 279.5050505050504, "episode_reward_min": 134.3535353535349, "episode_reward_mean": 220.7958061628945, "episodes_total": 474, "training_iteration": 3}