{"episode_reward_max": 276.8282828282822, "episode_reward_min": 174.19191919191917, "episode_reward_mean": 227.48051948051926, "episode_len_mean": 885.4857142857143, "episodes_this_iter": 7, "num_healthy_workers": 7, "timesteps_total": 33600, "episodes_total": 35, "training_iteration": 8, "timestamp": 1601910241, "time_this_iter_s": 76.9276032447815, "time_total_s": 622.3942210674286, "time_since_restore": 622.3942210674286, "timesteps_since_restore": 0, "iterations_since_restore": 8, "timers/sample_time_ms": 2576.31, "timers/sample_throughput": 1630.239, "timers/learn_time_ms": 75190.934, "timers/learn_throughput": 55.858, "timers/update_time_ms": 8.861, "info/num_steps_sampled": 33600, "info/num_steps_trained": 33600, "perf/cpu_util_percent": 17.594285714285714, "perf/ram_util_percent": 3.5961904761904773, "info/learner/default_policy/allreduce_latency": 0.0, "info/learner/default_policy/cur_kl_coeff": 1.1390625, "info/learner/default_policy/cur_lr": 5e-05, "info/learner/default_policy/total_loss": 53.3414451714718, "info/learner/default_policy/policy_loss": -0.0932873860001564, "info/learner/default_policy/vf_loss": 53.41749283761689, "info/learner/default_policy/vf_explained_var": 0.9327665567398071, "info/learner/default_policy/kl": 0.015136385449405872, "info/learner/default_policy/entropy": 0.9680493383696585, "info/learner/default_policy/entropy_coeff": 0.0, "_step": 7, "_runtime": 625, "_timestamp": 1601910241, "custom_metrics/time_step_mean": 3548.657142857143, "custom_metrics/time_step_min": 3224, "custom_metrics/time_step_max": 3897, "sampler_perf/mean_env_wait_ms": 0.7137483373111261, "sampler_perf/mean_raw_obs_processing_ms": 0.1662684291616705, "sampler_perf/mean_inference_ms": 2.58991408433931, "sampler_perf/mean_action_processing_ms": 0.0779471458769241}