{"time_step_min": 3003, "_step": 7, "_runtime": 3676, "_timestamp": 1602645216, "time_step_max": 4254, "time_step_mean": 3312.8313353072867, "episode_reward_max": 321.40404040404013, "episode_reward_min": 126.55555555555502, "episode_reward_mean": 274.5610503011364, "episodes_total": 27740, "training_iteration": 137}