{"episode_reward_max": 258.8686868686866, "episode_reward_min": 172.1717171717168, "episode_reward_mean": 217.8646464646462, "episode_len_mean": 890.0571428571428, "episodes_this_iter": 7, "num_healthy_workers": 7, "timesteps_total": 33600, "episodes_total": 35, "training_iteration": 8, "timestamp": 1601909041, "time_this_iter_s": 77.42914009094238, "time_total_s": 610.2564477920532, "time_since_restore": 610.2564477920532, "timesteps_since_restore": 0, "iterations_since_restore": 8, "timers/sample_time_ms": 2752.173, "timers/sample_throughput": 1526.067, "timers/learn_time_ms": 73491.589, "timers/learn_throughput": 57.149, "timers/update_time_ms": 8.818, "info/num_steps_sampled": 33600, "info/num_steps_trained": 33600, "perf/cpu_util_percent": 18.297169811320753, "perf/ram_util_percent": 3.000943396226415, "info/learner/default_policy/allreduce_latency": 0.0, "info/learner/default_policy/cur_kl_coeff": 3.4171875000000003, "info/learner/default_policy/cur_lr": 0.0005, "info/learner/default_policy/total_loss": 14.062175837430088, "info/learner/default_policy/policy_loss": -0.10704851743172515, "info/learner/default_policy/vf_loss": 14.123483701185746, "info/learner/default_policy/vf_explained_var": 0.9903632402420044, "info/learner/default_policy/kl": 0.013413043466932846, "info/learner/default_policy/entropy": 0.9437368042541273, "info/learner/default_policy/entropy_coeff": 0.0001, "_step": 7, "_runtime": 614, "_timestamp": 1601909041, "custom_metrics/time_step_mean": 3612.8571428571427, "custom_metrics/time_step_min": 3343, "custom_metrics/time_step_max": 3917, "sampler_perf/mean_env_wait_ms": 0.7266608335305467, "sampler_perf/mean_raw_obs_processing_ms": 0.18151657463861617, "sampler_perf/mean_inference_ms": 2.889977290659282, "sampler_perf/mean_action_processing_ms": 0.08775213547674705}