{"time_step_min": 3156, "_step": 7, "_runtime": 632, "_timestamp": 1602495042, "time_step_max": 4143, "time_step_mean": 3433.269571924412, "episode_reward_max": 291.6262626262624, "episode_reward_min": 138.29292929292922, "episode_reward_mean": 246.5109262940102, "episodes_total": 5214, "training_iteration": 27}