{"time_step_min": 3133, "_step": 7, "_runtime": 620, "_timestamp": 1602393140, "time_step_max": 4204, "time_step_mean": 3489.5765803988124, "episode_reward_max": 291.3232323232322, "episode_reward_min": 126.02020202020165, "episode_reward_mean": 236.74664887872424, "episodes_total": 2385, "training_iteration": 13}