{"episode_reward_max": 308.8989898989893, "episode_reward_min": 187.98989898989896, "episode_reward_mean": 261.05747474747443, "episode_len_mean": 867.653, "episodes_this_iter": 320, "num_healthy_workers": 80, "timesteps_total": 6204127, "episodes_total": 7040, "training_iteration": 22, "timestamp": 1606757318, "time_this_iter_s": 30.566962718963623, "time_total_s": 611.8250794410706, "time_since_restore": 611.8250794410706, "timesteps_since_restore": 0, "iterations_since_restore": 22, "custom_metrics/time_step_mean": 3326.862, "custom_metrics/time_step_min": 3093, "custom_metrics/time_step_max": 3640, "sampler_perf/mean_env_wait_ms": 2.915773896760169, "sampler_perf/mean_raw_obs_processing_ms": 0.6987205947159935, "sampler_perf/mean_inference_ms": 4.929151612937468, "sampler_perf/mean_action_processing_ms": 0.26246279368425807, "timers/sample_time_ms": 11797.981, "timers/sample_throughput": 23545.036, "timers/load_time_ms": 961.051, "timers/load_throughput": 289041.699, "timers/learn_time_ms": 14118.125, "timers/learn_throughput": 19675.694, "timers/update_time_ms": 42.99, "info/num_steps_sampled": 6204127, "info/num_steps_trained": 6204127, "perf/cpu_util_percent": 45.75142857142857, "perf/ram_util_percent": 7.908571428571429, "perf/gpu_util_percent0": 0.3854285714285715, "perf/vram_util_percent0": 0.20277140045916692, "info/learner/default_policy/cur_kl_coeff": 2.407566341844358e-07, "info/learner/default_policy/cur_lr": 2.0779078113264404e-05, "info/learner/default_policy/total_loss": 205.351318359375, "info/learner/default_policy/policy_loss": -0.0035863067023456097, "info/learner/default_policy/vf_loss": 252.1945343017578, "info/learner/default_policy/vf_explained_var": 0.9716085195541382, "info/learner/default_policy/kl": 0.0056848907843232155, "info/learner/default_policy/entropy": 1.058714747428894, "info/learner/default_policy/entropy_coeff": 0.0034877231810241938, "_step": 21, "_runtime": 631, "_timestamp": 1606757318}