{"time_step_min": 3192.0, "_step": 5, "_runtime": 627, "_timestamp": 1602208681, "episode_reward_max": 284.79797979798, "episode_reward_min": 133.72727272727278, "episode_reward_mean": 231.9799432762608, "episodes_total": 3476, "training_iteration": 9}