{"time_step_min": 3172, "_step": 7, "_runtime": 659, "_timestamp": 1602420909, "time_step_max": 4302, "time_step_mean": 3545.220166848024, "episode_reward_max": 285.414141414141, "episode_reward_min": 104.2020202020196, "episode_reward_mean": 228.77794825896075, "episodes_total": 2844, "training_iteration": 7}