{"time_step_min": 3179.0, "_step": 5, "_runtime": 614, "_timestamp": 1602204815, "episode_reward_max": 284.79797979798, "episode_reward_min": 121.99999999999956, "episode_reward_mean": 231.56508918296882, "episodes_total": 1264, "training_iteration": 4}