{"episode_reward_max": 271.0000000000001, "episode_reward_min": 182.3939393939396, "episode_reward_mean": 228.34992784992772, "episode_len_mean": 865.25, "episodes_this_iter": 6, "num_healthy_workers": 7, "timesteps_total": 78400, "episodes_total": 84, "training_iteration": 14, "timestamp": 1601913477, "time_this_iter_s": 43.967164754867554, "time_total_s": 613.343109369278, "time_since_restore": 613.343109369278, "timesteps_since_restore": 0, "iterations_since_restore": 14, "timers/sample_time_ms": 1600.455, "timers/sample_throughput": 3499.005, "timers/learn_time_ms": 41860.9, "timers/learn_throughput": 133.776, "timers/update_time_ms": 10.771, "info/num_steps_sampled": 78400, "info/num_steps_trained": 78400, "perf/cpu_util_percent": 18.242622950819676, "perf/ram_util_percent": 2.9, "info/learner/default_policy/allreduce_latency": 0.0, "info/learner/default_policy/cur_kl_coeff": 1.5187499999999998, "info/learner/default_policy/cur_lr": 0.00010000000000000003, "info/learner/default_policy/total_loss": 7.449822431260889, "info/learner/default_policy/policy_loss": -0.10516509354453195, "info/learner/default_policy/vf_loss": 7.536368479782885, "info/learner/default_policy/vf_explained_var": 0.971022367477417, "info/learner/default_policy/kl": 0.012324723838405176, "info/learner/default_policy/entropy": 0.9921841621398926, "info/learner/default_policy/entropy_coeff": 0.00010000000000000003, "_step": 13, "_runtime": 623, "_timestamp": 1601913477, "custom_metrics/time_step_mean": 2388.2380952380954, "custom_metrics/time_step_min": 0, "custom_metrics/time_step_max": 3833, "sampler_perf/mean_env_wait_ms": 1.3426338677440586, "sampler_perf/mean_raw_obs_processing_ms": 0.24825000211738066, "sampler_perf/mean_inference_ms": 1.8517733636765692, "sampler_perf/mean_action_processing_ms": 0.09921628377849141}