{"time_step_min": 3117, "_step": 7, "_runtime": 640, "_timestamp": 1602362380, "time_step_max": 4054, "time_step_mean": 3535.464560204953, "episode_reward_max": 293.74747474747466, "episode_reward_min": 142.98989898989902, "episode_reward_mean": 230.7215829177853, "episodes_total": 2370, "training_iteration": 13}