{"episode_reward_max": 279.0202020202018, "episode_reward_min": 164.0606060606058, "episode_reward_mean": 227.12361712361707, "episode_len_mean": 868.5595238095239, "episodes_this_iter": 8, "num_healthy_workers": 7, "timesteps_total": 78400, "episodes_total": 84, "training_iteration": 14, "timestamp": 1601914758, "time_this_iter_s": 43.8817572593689, "time_total_s": 604.004073381424, "time_since_restore": 604.004073381424, "timesteps_since_restore": 0, "iterations_since_restore": 14, "timers/sample_time_ms": 1522.017, "timers/sample_throughput": 3679.329, "timers/learn_time_ms": 41157.648, "timers/learn_throughput": 136.062, "timers/update_time_ms": 8.302, "info/num_steps_sampled": 78400, "info/num_steps_trained": 78400, "perf/cpu_util_percent": 17.818333333333335, "perf/ram_util_percent": 2.953333333333334, "info/learner/default_policy/allreduce_latency": 0.0, "info/learner/default_policy/cur_kl_coeff": 0.6749999999999999, "info/learner/default_policy/cur_lr": 5.0000000000000016e-05, "info/learner/default_policy/total_loss": 10.03835950927301, "info/learner/default_policy/policy_loss": -0.06336786978962747, "info/learner/default_policy/vf_loss": 10.092921552332966, "info/learner/default_policy/vf_explained_var": 0.9726225137710571, "info/learner/default_policy/kl": 0.013045757204632868, "info/learner/default_policy/entropy": 0.979867244308645, "info/learner/default_policy/entropy_coeff": 0.0, "_step": 13, "_runtime": 621, "_timestamp": 1601914762, "custom_metrics/time_step_mean": 2847.5, "custom_metrics/time_step_min": 0, "custom_metrics/time_step_max": 3964, "sampler_perf/mean_env_wait_ms": 1.3028541407222627, "sampler_perf/mean_raw_obs_processing_ms": 0.23774471219513038, "sampler_perf/mean_inference_ms": 1.8141887772597527, "sampler_perf/mean_action_processing_ms": 0.09774111492824361}