{"time_step_min": 3166.0, "_step": 5, "_runtime": 627, "_timestamp": 1602241938, "episode_reward_max": 287.5555555555556, "episode_reward_min": 133.06060606060586, "episode_reward_mean": 236.8693661296508, "episodes_total": 2528, "training_iteration": 7}