{"episode_reward_max": 292.3838383838382, "episode_reward_min": 159.8080808080806, "episode_reward_mean": 249.41974747474728, "episode_len_mean": 879.002, "episodes_this_iter": 83, "num_healthy_workers": 80, "timesteps_total": 2018851, "episodes_total": 2261, "training_iteration": 28, "timestamp": 1606735194, "time_this_iter_s": 20.347638368606567, "time_total_s": 520.1097655296326, "time_since_restore": 520.1097655296326, "timesteps_since_restore": 0, "iterations_since_restore": 28, "custom_metrics/time_step_mean": 3409.563, "custom_metrics/time_step_min": 3126, "custom_metrics/time_step_max": 4001, "sampler_perf/mean_env_wait_ms": 0.9268892039000186, "sampler_perf/mean_raw_obs_processing_ms": 0.2735858527760189, "sampler_perf/mean_inference_ms": 4.967683311028612, "sampler_perf/mean_action_processing_ms": 0.13098095128007484, "timers/sample_time_ms": 8050.066, "timers/sample_throughput": 8902.349, "timers/learn_time_ms": 11543.68, "timers/learn_throughput": 6208.116, "timers/update_time_ms": 35.981, "info/num_steps_sampled": 2018851, "info/num_steps_trained": 2018851, "perf/cpu_util_percent": 48.48571428571429, "perf/ram_util_percent": 5.385714285714287, "perf/gpu_util_percent0": 0.22285714285714284, "perf/vram_util_percent0": 0.13947195801902262, "info/learner/default_policy/allreduce_latency": 0.0, "info/learner/default_policy/cur_kl_coeff": 3.2980158582065243e-09, "info/learner/default_policy/cur_lr": 0.00014395287206416763, "info/learner/default_policy/total_loss": 167.84518432617188, "info/learner/default_policy/policy_loss": -0.04425952769815922, "info/learner/default_policy/vf_loss": 192.1958465576172, "info/learner/default_policy/vf_explained_var": 0.9802656173706055, "info/learner/default_policy/kl": 0.020001490134745836, "info/learner/default_policy/entropy": 0.664213702082634, "info/learner/default_policy/entropy_coeff": 0.00031588516208313155, "_step": 27, "_runtime": 533, "_timestamp": 1606735194}