{"episode_reward_max": 253.35353535353516, "episode_reward_min": 195.48484848484833, "episode_reward_mean": 223.39862914862888, "episode_len_mean": 899.7857142857143, "episodes_this_iter": 0, "num_healthy_workers": 7, "timesteps_total": 33600, "episodes_total": 28, "training_iteration": 6, "timestamp": 1601917496, "time_this_iter_s": 103.188392162323, "time_total_s": 630.4806945323944, "time_since_restore": 630.4806945323944, "timesteps_since_restore": 0, "iterations_since_restore": 6, "timers/sample_time_ms": 2482.938, "timers/sample_throughput": 2255.393, "timers/learn_time_ms": 102555.766, "timers/learn_throughput": 54.604, "timers/update_time_ms": 8.638, "info/num_steps_sampled": 33600, "info/num_steps_trained": 33600, "perf/cpu_util_percent": 16.49432624113475, "perf/ram_util_percent": 3.6304964539007103, "info/learner/default_policy/allreduce_latency": 0.0, "info/learner/default_policy/cur_kl_coeff": 0.759375, "info/learner/default_policy/cur_lr": 5.0000000000000016e-05, "info/learner/default_policy/total_loss": 1.5227061726830222, "info/learner/default_policy/policy_loss": -0.1413531415587799, "info/learner/default_policy/vf_loss": 1.6448765451257878, "info/learner/default_policy/vf_explained_var": 0.9501309990882874, "info/learner/default_policy/kl": 0.02539104379882867, "info/learner/default_policy/entropy": 0.9856877299872312, "info/learner/default_policy/entropy_coeff": 0.00010000000000000003, "_step": 5, "_runtime": 636, "_timestamp": 1601917500, "custom_metrics/time_step_mean": 2040.642857142857, "custom_metrics/time_step_min": 0, "custom_metrics/time_step_max": 3752, "sampler_perf/mean_env_wait_ms": 1.3215680292149163, "sampler_perf/mean_raw_obs_processing_ms": 0.27227610661367285, "sampler_perf/mean_inference_ms": 2.878006607673309, "sampler_perf/mean_action_processing_ms": 0.11349145159168492}