{"time_step_min": 3172, "_step": 7, "_runtime": 639, "_timestamp": 1602361726, "time_step_max": 4236, "time_step_mean": 3508.3335711737427, "episode_reward_max": 285.414141414141, "episode_reward_min": 124.20202020201992, "episode_reward_mean": 234.64254341364887, "episodes_total": 2831, "training_iteration": 15}