{"episode_reward_max": 254.12121212121173, "episode_reward_min": 170.92929292929304, "episode_reward_mean": 222.44588744588728, "episode_len_mean": 885.3571428571429, "episodes_this_iter": 7, "num_healthy_workers": 7, "timesteps_total": 12600, "episodes_total": 14, "training_iteration": 3, "timestamp": 1601912024, "time_this_iter_s": 254.76080918312073, "time_total_s": 748.844279050827, "time_since_restore": 748.844279050827, "timesteps_since_restore": 0, "iterations_since_restore": 3, "timers/sample_time_ms": 5321.133, "timers/sample_throughput": 789.306, "timers/learn_time_ms": 244220.466, "timers/learn_throughput": 17.198, "timers/update_time_ms": 9.097, "info/num_steps_sampled": 12600, "info/num_steps_trained": 12600, "perf/cpu_util_percent": 17.673823529411766, "perf/ram_util_percent": 3.599411764705883, "info/learner/default_policy/allreduce_latency": 0.0, "info/learner/default_policy/cur_kl_coeff": 0.45000000000000007, "info/learner/default_policy/cur_lr": 0.0005, "info/learner/default_policy/total_loss": 139.4715602759159, "info/learner/default_policy/policy_loss": -0.15041102361724232, "info/learner/default_policy/vf_loss": 139.58934275309244, "info/learner/default_policy/vf_explained_var": 0.87632155418396, "info/learner/default_policy/kl": 0.07270487172133995, "info/learner/default_policy/entropy": 0.876278017506455, "info/learner/default_policy/entropy_coeff": 0.0001, "_step": 2, "_runtime": 751, "_timestamp": 1601912024, "custom_metrics/time_step_mean": 3578.9285714285716, "custom_metrics/time_step_min": 3361, "custom_metrics/time_step_max": 3924, "sampler_perf/mean_env_wait_ms": 0.6844850054857466, "sampler_perf/mean_raw_obs_processing_ms": 0.19072675121133928, "sampler_perf/mean_inference_ms": 6.039107275351445, "sampler_perf/mean_action_processing_ms": 0.09135725674780139}