{"episode_reward_max": 291.77777777777766, "episode_reward_min": 189.65656565656545, "episode_reward_mean": 249.8548989898988, "episode_len_mean": 904.007, "episodes_this_iter": 307, "num_healthy_workers": 80, "timesteps_total": 5281224, "episodes_total": 5809, "training_iteration": 19, "timestamp": 1606765416, "time_this_iter_s": 31.218246936798096, "time_total_s": 594.5073659420013, "time_since_restore": 594.5073659420013, "timesteps_since_restore": 0, "iterations_since_restore": 19, "custom_metrics/time_step_mean": 3410.001, "custom_metrics/time_step_min": 3186, "custom_metrics/time_step_max": 3787, "sampler_perf/mean_env_wait_ms": 2.8339158827043103, "sampler_perf/mean_raw_obs_processing_ms": 0.7060872680533117, "sampler_perf/mean_inference_ms": 5.241328391885818, "sampler_perf/mean_action_processing_ms": 0.25281506301288065, "timers/sample_time_ms": 13632.69, "timers/sample_throughput": 20310.409, "timers/load_time_ms": 999.0, "timers/load_throughput": 277162.748, "timers/learn_time_ms": 16123.577, "timers/learn_throughput": 17172.709, "timers/update_time_ms": 48.105, "info/num_steps_sampled": 5281224, "info/num_steps_trained": 5281224, "perf/cpu_util_percent": 39.49166666666667, "perf/ram_util_percent": 8.113888888888887, "perf/gpu_util_percent0": 0.44805555555555565, "perf/vram_util_percent0": 0.37069530993768446, "info/learner/default_policy/cur_kl_coeff": 1.8511072994442657e-06, "info/learner/default_policy/cur_lr": 0.00022925768280401826, "info/learner/default_policy/total_loss": 137.12368774414062, "info/learner/default_policy/policy_loss": -0.08253607153892517, "info/learner/default_policy/vf_loss": 163.0287322998047, "info/learner/default_policy/vf_explained_var": 0.9809378981590271, "info/learner/default_policy/kl": 0.0274747796356678, "info/learner/default_policy/entropy": 0.8639755249023438, "info/learner/default_policy/entropy_coeff": 0.004693033639341593, "_step": 18, "_runtime": 615, "_timestamp": 1606765416}