{"time_step_min": 3183.0, "_step": 5, "_runtime": 625, "_timestamp": 1602201613, "episode_reward_max": 290.1919191919191, "episode_reward_min": 115.78787878787877, "episode_reward_mean": 234.23414613223514, "episodes_total": 942, "training_iteration": 5}