{"episode_reward_max": 300.5656565656561, "episode_reward_min": 186.3232323232317, "episode_reward_mean": 255.78853535353514, "episode_len_mean": 893.197, "episodes_this_iter": 164, "num_healthy_workers": 80, "timesteps_total": 4936960, "episodes_total": 5443, "training_iteration": 29, "timestamp": 1606750859, "time_this_iter_s": 20.678494453430176, "time_total_s": 604.5769240856171, "time_since_restore": 604.5769240856171, "timesteps_since_restore": 0, "iterations_since_restore": 29, "custom_metrics/time_step_mean": 3367.957, "custom_metrics/time_step_min": 3102, "custom_metrics/time_step_max": 3826, "sampler_perf/mean_env_wait_ms": 2.101276975206132, "sampler_perf/mean_raw_obs_processing_ms": 0.5501667581136044, "sampler_perf/mean_inference_ms": 5.450782207289576, "sampler_perf/mean_action_processing_ms": 0.2197066070332726, "timers/sample_time_ms": 9551.406, "timers/sample_throughput": 17823.554, "timers/load_time_ms": 653.635, "timers/load_throughput": 260451.197, "timers/learn_time_ms": 10435.248, "timers/learn_throughput": 16313.939, "timers/update_time_ms": 46.782, "info/num_steps_sampled": 4936960, "info/num_steps_trained": 4936960, "perf/cpu_util_percent": 58.76521739130435, "perf/ram_util_percent": 7.5565217391304325, "perf/gpu_util_percent0": 0.3134782608695652, "perf/vram_util_percent0": 0.21326664480157423, "info/learner/default_policy/cur_kl_coeff": 1.8703245618922892e-09, "info/learner/default_policy/cur_lr": 0.00017980231496039778, "info/learner/default_policy/total_loss": 45.525142669677734, "info/learner/default_policy/policy_loss": -0.08316510915756226, "info/learner/default_policy/vf_loss": 48.551475524902344, "info/learner/default_policy/vf_explained_var": 0.9944401979446411, "info/learner/default_policy/kl": 0.02659548632800579, "info/learner/default_policy/entropy": 0.684482991695404, "info/learner/default_policy/entropy_coeff": 7.393857958959416e-05, "_step": 28, "_runtime": 626, "_timestamp": 1606750859}