{"episode_reward_max": 275.30303030303014, "episode_reward_min": 80.55555555555596, "episode_reward_mean": 212.4205146705146, "episode_len_mean": 866.1785714285714, "episodes_this_iter": 7, "num_healthy_workers": 7, "timesteps_total": 75600, "episodes_total": 84, "training_iteration": 18, "timestamp": 1601906512, "time_this_iter_s": 34.19687557220459, "time_total_s": 615.4641597270966, "time_since_restore": 615.4641597270966, "timesteps_since_restore": 0, "iterations_since_restore": 18, "timers/sample_time_ms": 1784.001, "timers/sample_throughput": 2354.259, "timers/learn_time_ms": 32248.905, "timers/learn_throughput": 130.237, "timers/update_time_ms": 10.602, "info/num_steps_sampled": 75600, "info/num_steps_trained": 75600, "perf/cpu_util_percent": 21.572340425531912, "perf/ram_util_percent": 2.65531914893617, "info/learner/default_policy/allreduce_latency": 0.0, "info/learner/default_policy/cur_kl_coeff": 0.3375, "info/learner/default_policy/cur_lr": 5e-05, "info/learner/default_policy/total_loss": 23.07771085247849, "info/learner/default_policy/policy_loss": -0.0554073222094413, "info/learner/default_policy/vf_loss": 23.12864558624499, "info/learner/default_policy/vf_explained_var": 0.9803004264831543, "info/learner/default_policy/kl": 0.013507454966505369, "info/learner/default_policy/entropy": 0.8593344164617134, "info/learner/default_policy/entropy_coeff": 0.0001, "_step": 17, "_runtime": 618, "_timestamp": 1601906512, "custom_metrics/time_step_mean": 3647.595238095238, "custom_metrics/time_step_min": 3236, "custom_metrics/time_step_max": 4517, "sampler_perf/mean_env_wait_ms": 0.7228632748062683, "sampler_perf/mean_raw_obs_processing_ms": 0.15317880144576218, "sampler_perf/mean_inference_ms": 1.7414235986976234, "sampler_perf/mean_action_processing_ms": 0.07198464977219803}