{"time_step_min": 3181, "_step": 7, "_runtime": 615, "_timestamp": 1602386757, "time_step_max": 4080, "time_step_mean": 3515.7078831532613, "episode_reward_max": 284.0505050505052, "episode_reward_min": 145.7171717171716, "episode_reward_mean": 233.83429466808948, "episodes_total": 2527, "training_iteration": 13}