{"nb_episodes": 1, "avg_best_result": 275.0202020202022, "best_episode": 275.0202020202022, "best_timestep": 3169, "_step": 0, "_runtime": 1, "_timestamp": 1602708034}