{"episode_reward_max": 281.222222222222, "episode_reward_min": 115.63636363636326, "episode_reward_mean": 228.8453583453582, "episode_len_mean": 863.3809523809524, "episodes_this_iter": 7, "num_healthy_workers": 7, "timesteps_total": 75600, "episodes_total": 84, "training_iteration": 18, "timestamp": 1601907127, "time_this_iter_s": 33.55094504356384, "time_total_s": 610.0613927841187, "time_since_restore": 610.0613927841187, "timesteps_since_restore": 0, "iterations_since_restore": 18, "timers/sample_time_ms": 1753.834, "timers/sample_throughput": 2394.754, "timers/learn_time_ms": 31953.973, "timers/learn_throughput": 131.439, "timers/update_time_ms": 7.875, "info/num_steps_sampled": 75600, "info/num_steps_trained": 75600, "perf/cpu_util_percent": 20.046938775510203, "perf/ram_util_percent": 2.726530612244898, "info/learner/default_policy/allreduce_latency": 0.0, "info/learner/default_policy/cur_kl_coeff": 1.5187500000000003, "info/learner/default_policy/cur_lr": 0.0001, "info/learner/default_policy/total_loss": 4.1515475908915205, "info/learner/default_policy/policy_loss": -0.09060393318985448, "info/learner/default_policy/vf_loss": 4.221052119226167, "info/learner/default_policy/vf_explained_var": 0.9955123066902161, "info/learner/default_policy/kl": 0.013892629155606934, "info/learner/default_policy/entropy": 0.8724305918722441, "info/learner/default_policy/entropy_coeff": 0.0, "_step": 17, "_runtime": 616, "_timestamp": 1601907129, "custom_metrics/time_step_mean": 3538.404761904762, "custom_metrics/time_step_min": 3191, "custom_metrics/time_step_max": 4282, "sampler_perf/mean_env_wait_ms": 0.7190745464350325, "sampler_perf/mean_raw_obs_processing_ms": 0.14713059552705507, "sampler_perf/mean_inference_ms": 1.6829627071896214, "sampler_perf/mean_action_processing_ms": 0.07038360685818247}