{"episode_reward_max": 298.29292929292905, "episode_reward_min": 190.11111111111077, "episode_reward_mean": 264.5827777777775, "episode_len_mean": 854.092, "episodes_this_iter": 83, "num_healthy_workers": 80, "timesteps_total": 2934720, "episodes_total": 3362, "training_iteration": 36, "timestamp": 1606737083, "time_this_iter_s": 16.61685013771057, "time_total_s": 591.5793957710266, "time_since_restore": 591.5793957710266, "timesteps_since_restore": 0, "iterations_since_restore": 36, "custom_metrics/time_step_mean": 3309.487, "custom_metrics/time_step_min": 3087, "custom_metrics/time_step_max": 3801, "sampler_perf/mean_env_wait_ms": 0.9770768520587337, "sampler_perf/mean_raw_obs_processing_ms": 0.2780061549565194, "sampler_perf/mean_inference_ms": 4.18730168970609, "sampler_perf/mean_action_processing_ms": 0.12845228095254405, "timers/sample_time_ms": 6572.253, "timers/sample_throughput": 12403.66, "timers/learn_time_ms": 9700.21, "timers/learn_throughput": 8403.941, "timers/update_time_ms": 28.292, "info/num_steps_sampled": 2934720, "info/num_steps_trained": 2934720, "perf/cpu_util_percent": 47.65, "perf/ram_util_percent": 5.738888888888888, "perf/gpu_util_percent0": 0.14055555555555557, "perf/vram_util_percent0": 0.08551984257133487, "info/learner/default_policy/allreduce_latency": 0.0, "info/learner/default_policy/cur_kl_coeff": 1.1520109115560369e-11, "info/learner/default_policy/cur_lr": 0.00010953135593895993, "info/learner/default_policy/total_loss": 45.945388317108154, "info/learner/default_policy/policy_loss": -0.031924366019666195, "info/learner/default_policy/vf_loss": 60.41523265838623, "info/learner/default_policy/vf_explained_var": 0.9923139810562134, "info/learner/default_policy/kl": 0.011390415602363646, "info/learner/default_policy/entropy": 0.8074091225862503, "info/learner/default_policy/entropy_coeff": 0.009926891643352703, "_step": 35, "_runtime": 606, "_timestamp": 1606737083}