{"time_step_min": 3135.0, "_step": 5, "_runtime": 637, "_timestamp": 1602245199, "episode_reward_max": 293.171717171717, "episode_reward_min": 115.78787878787877, "episode_reward_mean": 238.4442473255763, "episodes_total": 3792, "training_iteration": 20}