{"episode_reward_max": 256.8787878787876, "episode_reward_min": 184.96969696969674, "episode_reward_mean": 229.72582972582947, "episode_len_mean": 884.1428571428571, "episodes_this_iter": 7, "num_healthy_workers": 7, "timesteps_total": 12600, "episodes_total": 14, "training_iteration": 3, "timestamp": 1601910556, "time_this_iter_s": 295.2141869068146, "time_total_s": 848.4860951900482, "time_since_restore": 848.4860951900482, "timesteps_since_restore": 0, "iterations_since_restore": 3, "timers/sample_time_ms": 5341.044, "timers/sample_throughput": 786.363, "timers/learn_time_ms": 277431.538, "timers/learn_throughput": 15.139, "timers/update_time_ms": 10.47, "info/num_steps_sampled": 12600, "info/num_steps_trained": 12600, "perf/cpu_util_percent": 17.477664974619287, "perf/ram_util_percent": 3.5652284263959397, "info/learner/default_policy/allreduce_latency": 0.0, "info/learner/default_policy/cur_kl_coeff": 0.22500000000000003, "info/learner/default_policy/cur_lr": 0.0005, "info/learner/default_policy/total_loss": 209.69065926291725, "info/learner/default_policy/policy_loss": -0.19981378548298823, "info/learner/default_policy/vf_loss": 209.87645559599906, "info/learner/default_policy/vf_explained_var": 0.8123123049736023, "info/learner/default_policy/kl": 0.06231202207731478, "info/learner/default_policy/entropy": 1.014816164970398, "info/learner/default_policy/entropy_coeff": 0.0, "_step": 2, "_runtime": 850, "_timestamp": 1601910556, "custom_metrics/time_step_mean": 3533.6428571428573, "custom_metrics/time_step_min": 3358, "custom_metrics/time_step_max": 3826, "sampler_perf/mean_env_wait_ms": 0.6922267913587327, "sampler_perf/mean_raw_obs_processing_ms": 0.19292480781670168, "sampler_perf/mean_inference_ms": 5.736519166126881, "sampler_perf/mean_action_processing_ms": 0.09312557273148947}