{"time_step_min": 3086, "_step": 7, "_runtime": 629, "_timestamp": 1602445623, "time_step_max": 4336, "time_step_mean": 3472.3325980392156, "episode_reward_max": 298.4444444444441, "episode_reward_min": 109.05050505050495, "episode_reward_mean": 240.3138197948324, "episodes_total": 4108, "training_iteration": 21}