{"time_step_min": 3213.0, "_step": 5, "_runtime": 680, "_timestamp": 1602196459, "episode_reward_max": 289.85858585858546, "episode_reward_min": 126.30303030303051, "episode_reward_mean": 232.72996579721251, "episodes_total": 2528, "training_iteration": 7}