{"time_step_min": 3190, "_step": 7, "_runtime": 641, "_timestamp": 1602377768, "time_step_max": 4406, "time_step_mean": 3515.9992015968064, "episode_reward_max": 282.6868686868689, "episode_reward_min": 98.44444444444416, "episode_reward_mean": 233.32337588279145, "episodes_total": 2533, "training_iteration": 14}