{"time_step_min": 3098.0, "_step": 5, "_runtime": 633, "_timestamp": 1602243913, "episode_reward_max": 294.86868686868684, "episode_reward_min": 115.78787878787877, "episode_reward_mean": 240.79067839377103, "episodes_total": 2522, "training_iteration": 13}