{"time_step_min": 3176.0, "_step": 5, "_runtime": 659, "_timestamp": 1602223029, "episode_reward_max": 284.79797979798, "episode_reward_min": 120.33333333333307, "episode_reward_mean": 234.42372321344268, "episodes_total": 3638, "training_iteration": 10}