{"time_step_min": 2954, "_step": 7, "_runtime": 640, "_timestamp": 1602514209, "time_step_max": 3927, "time_step_mean": 3264.125744680851, "episode_reward_max": 307.59595959595924, "episode_reward_min": 160.17171717171726, "episode_reward_mean": 261.01878975329004, "episodes_total": 4742, "training_iteration": 24}