{"episode_reward_max": 117.15151515151499, "episode_reward_min": -36.585858585858624, "episode_reward_mean": 59.447373737373596, "episode_len_mean": 773.2985, "episodes_this_iter": 480, "num_healthy_workers": 80, "timesteps_total": 4085979, "episodes_total": 5279, "training_iteration": 11, "timestamp": 1606838740, "time_this_iter_s": 56.017725706100464, "time_total_s": 608.1847536563873, "time_since_restore": 608.1847536563873, "timesteps_since_restore": 0, "iterations_since_restore": 11, "custom_metrics/time_step_mean": 2853.539, "custom_metrics/time_step_min": 2570, "custom_metrics/time_step_max": 3251, "sampler_perf/mean_env_wait_ms": 6.736452305933568, "sampler_perf/mean_raw_obs_processing_ms": 1.6402339081928772, "sampler_perf/mean_inference_ms": 6.100599652428627, "sampler_perf/mean_action_processing_ms": 0.4466620723135922, "timers/sample_time_ms": 10203.21, "timers/sample_throughput": 36448.482, "timers/load_time_ms": 912.684, "timers/load_throughput": 407470.33, "timers/learn_time_ms": 43697.927, "timers/learn_throughput": 8510.507, "timers/update_time_ms": 43.997, "info/num_steps_sampled": 4085979, "info/num_steps_trained": 4085979, "perf/cpu_util_percent": 24.476119402985077, "perf/ram_util_percent": 8.180597014925375, "perf/gpu_util_percent0": 0.5673134328358208, "perf/vram_util_percent0": 0.21343063299442439, "info/learner/default_policy/cur_kl_coeff": 0.43978041410446167, "info/learner/default_policy/cur_lr": 0.00042652126285247505, "info/learner/default_policy/total_loss": 183.26687622070312, "info/learner/default_policy/policy_loss": -0.18713924288749695, "info/learner/default_policy/vf_loss": 196.2315673828125, "info/learner/default_policy/vf_explained_var": 0.9310932159423828, "info/learner/default_policy/kl": 0.06153004243969917, "info/learner/default_policy/entropy": 0.6841092109680176, "info/learner/default_policy/entropy_coeff": 0.0002459490788169205, "_step": 10, "_runtime": 629, "_timestamp": 1606838740}