{"time_step_min": 3107, "_step": 7, "_runtime": 630, "_timestamp": 1602522687, "time_step_max": 4031, "time_step_mean": 3414.13746690203, "episode_reward_max": 297.5353535353537, "episode_reward_min": 124.65656565656568, "episode_reward_mean": 249.41829532756506, "episodes_total": 4574, "training_iteration": 23}