{"time_step_min": 3197, "_step": 7, "_runtime": 657, "_timestamp": 1602420239, "time_step_max": 4306, "time_step_mean": 3539.434008097166, "episode_reward_max": 283.7474747474743, "episode_reward_min": 113.59595959595957, "episode_reward_mean": 230.5879922644162, "episodes_total": 3792, "training_iteration": 14}