{"nb_episodes": 4239, "avg_best_result": 244.3743686868685, "best_episode": 262.50505050505024, "time_step_min": 3220, "_step": 0, "_runtime": 608, "_timestamp": 1602575661}