{"time_step_min": 3120, "_step": 7, "_runtime": 617, "_timestamp": 1602490573, "time_step_max": 4139, "time_step_mean": 3430.9893206089523, "episode_reward_max": 293.29292929292956, "episode_reward_min": 138.89898989898958, "episode_reward_mean": 246.54997479878926, "episodes_total": 4429, "training_iteration": 23}