{"episode_reward_max": 274.80808080808106, "episode_reward_min": 155.26262626262618, "episode_reward_mean": 227.2171717171718, "episode_len_mean": 839.566, "episodes_this_iter": 99, "num_healthy_workers": 11, "timesteps_total": 3376554, "episodes_total": 4058, "training_iteration": 41, "timestamp": 1605825104, "time_this_iter_s": 31.94425368309021, "time_total_s": 1414.8974668979645, "time_since_restore": 1414.8974668979645, "timesteps_since_restore": 0, "iterations_since_restore": 41, "custom_metrics/time_step_mean": 3546.32, "custom_metrics/time_step_min": 3317, "custom_metrics/time_step_max": 3891, "sampler_perf/mean_env_wait_ms": 4.711890817393911, "sampler_perf/mean_raw_obs_processing_ms": 1.0623506893855237, "sampler_perf/mean_inference_ms": 9.709716761047828, "sampler_perf/mean_action_processing_ms": 0.30409937901053696, "timers/sample_time_ms": 18902.64, "timers/sample_throughput": 4397.433, "timers/learn_time_ms": 16177.449, "timers/learn_throughput": 5138.208, "timers/update_time_ms": 12.329, "info/num_steps_sampled": 3376554, "info/num_steps_trained": 3376554, "perf/cpu_util_percent": 47.678048780487806, "perf/ram_util_percent": 21.058536585365857, "perf/gpu_util_percent0": 0.32, "perf/vram_util_percent0": 0.6120894422147596, "info/learner/default_policy/allreduce_latency": 0.0, "info/learner/default_policy/cur_kl_coeff": 0.5244356462096594, "info/learner/default_policy/cur_lr": 0.00048268899703967223, "info/learner/default_policy/total_loss": 0.9504544951698997, "info/learner/default_policy/policy_loss": -0.12220600044185465, "info/learner/default_policy/vf_loss": 1.6861408407037908, "info/learner/default_policy/vf_explained_var": 0.9996360540390015, "info/learner/default_policy/kl": 0.03277988901192492, "info/learner/default_policy/entropy": 0.5674069252881137, "info/learner/default_policy/entropy_coeff": 0.0003811803763599157, "_step": 40, "_runtime": 1431, "_timestamp": 1605825104}