{"episode_reward_max": 263.89898989898967, "episode_reward_min": 165.12121212121184, "episode_reward_mean": 227.83345358345338, "episode_len_mean": 868.8571428571429, "episodes_this_iter": 7, "num_healthy_workers": 7, "timesteps_total": 75600, "episodes_total": 84, "training_iteration": 18, "timestamp": 1601905886, "time_this_iter_s": 34.12720799446106, "time_total_s": 625.8658766746521, "time_since_restore": 625.8658766746521, "timesteps_since_restore": 0, "iterations_since_restore": 18, "timers/sample_time_ms": 1695.182, "timers/sample_throughput": 2477.611, "timers/learn_time_ms": 32956.105, "timers/learn_throughput": 127.442, "timers/update_time_ms": 5.231, "info/num_steps_sampled": 75600, "info/num_steps_trained": 75600, "perf/cpu_util_percent": 20.419148936170213, "perf/ram_util_percent": 2.670212765957446, "info/learner/default_policy/allreduce_latency": 0.0, "info/learner/default_policy/cur_kl_coeff": 2.562890625, "info/learner/default_policy/cur_lr": 0.0005, "info/learner/default_policy/total_loss": 1.9785305460294087, "info/learner/default_policy/policy_loss": -0.15524044937708162, "info/learner/default_policy/vf_loss": 2.0912370302460412, "info/learner/default_policy/vf_explained_var": 0.9985967874526978, "info/learner/default_policy/kl": 0.01663661432085615, "info/learner/default_policy/entropy": 1.0386047634211453, "info/learner/default_policy/entropy_coeff": 0.0001, "_step": 17, "_runtime": 632, "_timestamp": 1601905890, "custom_metrics/time_step_mean": 3544.535714285714, "custom_metrics/time_step_min": 3303, "custom_metrics/time_step_max": 3957, "sampler_perf/mean_env_wait_ms": 0.8287430917833915, "sampler_perf/mean_raw_obs_processing_ms": 0.18005304795269272, "sampler_perf/mean_inference_ms": 1.9686584290865254, "sampler_perf/mean_action_processing_ms": 0.0804233572882332}