{"time_step_min": 3187, "_step": 7, "_runtime": 615, "_timestamp": 1602387384, "time_step_max": 4154, "time_step_mean": 3507.0383522727275, "episode_reward_max": 286.62626262626253, "episode_reward_min": 125.7171717171717, "episode_reward_mean": 234.9723820483313, "episodes_total": 2844, "training_iteration": 15}