{"episode_reward_max": 271.8686868686865, "episode_reward_min": 163.9898989898993, "episode_reward_mean": 232.12241462241448, "episode_len_mean": 879.5357142857143, "episodes_this_iter": 7, "num_healthy_workers": 7, "timesteps_total": 75600, "episodes_total": 84, "training_iteration": 18, "timestamp": 1601905873, "time_this_iter_s": 33.90288209915161, "time_total_s": 612.4723603725433, "time_since_restore": 612.4723603725433, "timesteps_since_restore": 0, "iterations_since_restore": 18, "timers/sample_time_ms": 1850.063, "timers/sample_throughput": 2270.193, "timers/learn_time_ms": 31967.035, "timers/learn_throughput": 131.385, "timers/update_time_ms": 7.745, "info/num_steps_sampled": 75600, "info/num_steps_trained": 75600, "perf/cpu_util_percent": 19.195652173913043, "perf/ram_util_percent": 2.7521739130434777, "info/learner/default_policy/allreduce_latency": 0.0, "info/learner/default_policy/cur_kl_coeff": 2.2781249999999997, "info/learner/default_policy/cur_lr": 0.0005, "info/learner/default_policy/total_loss": 32.31805707469131, "info/learner/default_policy/policy_loss": -0.1176231133779793, "info/learner/default_policy/vf_loss": 32.406707409656406, "info/learner/default_policy/vf_explained_var": 0.9685103297233582, "info/learner/default_policy/kl": 0.01276395543280876, "info/learner/default_policy/entropy": 1.058662768566247, "info/learner/default_policy/entropy_coeff": 0.0001, "_step": 17, "_runtime": 618, "_timestamp": 1601905876, "custom_metrics/time_step_mean": 3517.464285714286, "custom_metrics/time_step_min": 3259, "custom_metrics/time_step_max": 3971, "sampler_perf/mean_env_wait_ms": 0.8631500627024791, "sampler_perf/mean_raw_obs_processing_ms": 0.1905859962367037, "sampler_perf/mean_inference_ms": 2.042291655969516, "sampler_perf/mean_action_processing_ms": 0.08585047142072211}