{"episode_reward_max": 266.76767676767673, "episode_reward_min": 143.3636363636362, "episode_reward_mean": 216.70358345358312, "episode_len_mean": 914.6785714285714, "episodes_this_iter": 14, "num_healthy_workers": 7, "timesteps_total": 78400, "episodes_total": 84, "training_iteration": 14, "timestamp": 1601914498, "time_this_iter_s": 42.86053490638733, "time_total_s": 608.114420413971, "time_since_restore": 608.114420413971, "timesteps_since_restore": 0, "iterations_since_restore": 14, "timers/sample_time_ms": 1492.059, "timers/sample_throughput": 3753.204, "timers/learn_time_ms": 41495.139, "timers/learn_throughput": 134.956, "timers/update_time_ms": 8.212, "info/num_steps_sampled": 78400, "info/num_steps_trained": 78400, "perf/cpu_util_percent": 18.416949152542376, "perf/ram_util_percent": 3.0, "info/learner/default_policy/allreduce_latency": 0.0, "info/learner/default_policy/cur_kl_coeff": 2.5628906249999996, "info/learner/default_policy/cur_lr": 0.0005, "info/learner/default_policy/total_loss": 11.747852260416204, "info/learner/default_policy/policy_loss": -0.1312285247258842, "info/learner/default_policy/vf_loss": 11.833658651872115, "info/learner/default_policy/vf_explained_var": 0.9933364391326904, "info/learner/default_policy/kl": 0.01772301470522176, "info/learner/default_policy/entropy": 0.7772709659554742, "info/learner/default_policy/entropy_coeff": 0.0, "_step": 13, "_runtime": 617, "_timestamp": 1601914498, "custom_metrics/time_step_mean": 2463.3571428571427, "custom_metrics/time_step_min": 0, "custom_metrics/time_step_max": 4039, "sampler_perf/mean_env_wait_ms": 1.2713364065350485, "sampler_perf/mean_raw_obs_processing_ms": 0.23955337491749082, "sampler_perf/mean_inference_ms": 1.8227282639565778, "sampler_perf/mean_action_processing_ms": 0.09731831779635496}