{"episode_reward_max": 279.35353535353505, "episode_reward_min": 145.86868686868712, "episode_reward_mean": 234.84035353535316, "episode_len_mean": 953.228, "episodes_this_iter": 80, "num_healthy_workers": 80, "timesteps_total": 2101120, "episodes_total": 2238, "training_iteration": 28, "timestamp": 1606737592, "time_this_iter_s": 17.201624393463135, "time_total_s": 481.37652134895325, "time_since_restore": 481.37652134895325, "timesteps_since_restore": 0, "iterations_since_restore": 28, "custom_metrics/time_step_mean": 3505.787, "custom_metrics/time_step_min": 3212, "custom_metrics/time_step_max": 4093, "sampler_perf/mean_env_wait_ms": 0.9925447996987795, "sampler_perf/mean_raw_obs_processing_ms": 0.3117761229933442, "sampler_perf/mean_inference_ms": 5.110963226837424, "sampler_perf/mean_action_processing_ms": 0.14066068870440399, "timers/sample_time_ms": 7251.484, "timers/sample_throughput": 10348.226, "timers/learn_time_ms": 9696.084, "timers/learn_throughput": 7739.207, "timers/update_time_ms": 37.108, "info/num_steps_sampled": 2101120, "info/num_steps_trained": 2101120, "perf/cpu_util_percent": 53.847368421052636, "perf/ram_util_percent": 5.757894736842105, "perf/gpu_util_percent0": 0.2657894736842106, "perf/vram_util_percent0": 0.08502787799278451, "info/learner/default_policy/allreduce_latency": 0.0, "info/learner/default_policy/cur_kl_coeff": 2.071403775336924e-09, "info/learner/default_policy/cur_lr": 0.0005396190631730291, "info/learner/default_policy/total_loss": 75.97503662109375, "info/learner/default_policy/policy_loss": -0.1097704790532589, "info/learner/default_policy/vf_loss": 113.5225212097168, "info/learner/default_policy/vf_explained_var": 0.9897552728652954, "info/learner/default_policy/kl": 0.055272601917386054, "info/learner/default_policy/entropy": 0.6479263126850128, "info/learner/default_policy/entropy_coeff": 0.009487032398200711, "_step": 27, "_runtime": 496, "_timestamp": 1606737592}