{"time_step_min": 3240, "_step": 7, "_runtime": 639, "_timestamp": 1602359181, "time_step_max": 4270, "time_step_mean": 3594.975165562914, "episode_reward_max": 279.6565656565654, "episode_reward_min": 119.05050505050464, "episode_reward_mean": 220.73227528449033, "episodes_total": 632, "training_iteration": 4}