{"episode_reward_max": 261.31313131313084, "episode_reward_min": 185.1212121212117, "episode_reward_mean": 229.9971139971138, "episode_len_mean": 881.0, "episodes_this_iter": 7, "num_healthy_workers": 7, "timesteps_total": 12600, "episodes_total": 14, "training_iteration": 3, "timestamp": 1601911330, "time_this_iter_s": 280.8482403755188, "time_total_s": 819.9110350608826, "time_since_restore": 819.9110350608826, "timesteps_since_restore": 0, "iterations_since_restore": 3, "timers/sample_time_ms": 5448.131, "timers/sample_throughput": 770.907, "timers/learn_time_ms": 267789.311, "timers/learn_throughput": 15.684, "timers/update_time_ms": 12.134, "info/num_steps_sampled": 12600, "info/num_steps_trained": 12600, "perf/cpu_util_percent": 17.745454545454546, "perf/ram_util_percent": 3.5895721925133697, "info/learner/default_policy/allreduce_latency": 0.0, "info/learner/default_policy/cur_kl_coeff": 0.22500000000000003, "info/learner/default_policy/cur_lr": 0.0001, "info/learner/default_policy/total_loss": 171.44405018199575, "info/learner/default_policy/policy_loss": -0.1813136770418196, "info/learner/default_policy/vf_loss": 171.6148663145123, "info/learner/default_policy/vf_explained_var": 0.8263581991195679, "info/learner/default_policy/kl": 0.04710401301131104, "info/learner/default_policy/entropy": 0.9980831146240234, "info/learner/default_policy/entropy_coeff": 0.0001, "_step": 2, "_runtime": 823, "_timestamp": 1601911331, "custom_metrics/time_step_mean": 3529.785714285714, "custom_metrics/time_step_min": 3320, "custom_metrics/time_step_max": 3825, "sampler_perf/mean_env_wait_ms": 0.6952217654282437, "sampler_perf/mean_raw_obs_processing_ms": 0.18940354958900033, "sampler_perf/mean_inference_ms": 5.734267303806449, "sampler_perf/mean_action_processing_ms": 0.08984812352748163}