{"time_step_min": 3144, "_step": 7, "_runtime": 625, "_timestamp": 1602353454, "time_step_max": 4236, "time_step_mean": 3500.19220945083, "episode_reward_max": 289.65656565656525, "episode_reward_min": 124.20202020202022, "episode_reward_mean": 235.6724843370412, "episodes_total": 3160, "training_iteration": 17}