{"episode_reward_max": 269.3535353535356, "episode_reward_min": 140.7171717171719, "episode_reward_mean": 222.63414141414134, "episode_len_mean": 817.085, "episodes_this_iter": 99, "num_healthy_workers": 11, "timesteps_total": 3263481, "episodes_total": 4010, "training_iteration": 40, "timestamp": 1605838186, "time_this_iter_s": 35.76450777053833, "time_total_s": 1431.77610206604, "time_since_restore": 1431.77610206604, "timesteps_since_restore": 0, "iterations_since_restore": 40, "custom_metrics/time_step_mean": 3596.593, "custom_metrics/time_step_min": 3363, "custom_metrics/time_step_max": 3941, "sampler_perf/mean_env_wait_ms": 4.6180441374024, "sampler_perf/mean_raw_obs_processing_ms": 1.0267607222211053, "sampler_perf/mean_inference_ms": 9.350259464480576, "sampler_perf/mean_action_processing_ms": 0.29562338538387406, "timers/sample_time_ms": 20146.944, "timers/sample_throughput": 4015.16, "timers/learn_time_ms": 15685.403, "timers/learn_throughput": 5157.228, "timers/update_time_ms": 11.867, "info/num_steps_sampled": 3263481, "info/num_steps_trained": 3263481, "perf/cpu_util_percent": 44.5840909090909, "perf/ram_util_percent": 21.015909090909084, "perf/gpu_util_percent0": 0.30068181818181816, "perf/vram_util_percent0": 0.611761815054468, "info/learner/default_policy/allreduce_latency": 0.0, "info/learner/default_policy/cur_kl_coeff": 0.1997301177629955, "info/learner/default_policy/cur_lr": 0.0002891034187708325, "info/learner/default_policy/total_loss": 1.2060114860534668, "info/learner/default_policy/policy_loss": -0.06924291923642159, "info/learner/default_policy/vf_loss": 1.1200373649597168, "info/learner/default_policy/vf_explained_var": 0.999525249004364, "info/learner/default_policy/kl": 0.019736561737954617, "info/learner/default_policy/entropy": 0.505766487121582, "info/learner/default_policy/entropy_coeff": 0.00083756288264181, "_step": 39, "_runtime": 1450, "_timestamp": 1605838186}