{"time_step_min": 3135, "_step": 7, "_runtime": 631, "_timestamp": 1602448754, "time_step_max": 4251, "time_step_mean": 3444.209372637944, "episode_reward_max": 291.7777777777776, "episode_reward_min": 121.92929292929249, "episode_reward_mean": 244.23336947154803, "episodes_total": 3997, "training_iteration": 21}