{"episode_reward_max": 251.38383838383797, "episode_reward_min": 178.31313131313112, "episode_reward_mean": 219.840067340067, "episode_len_mean": 895.9166666666666, "episodes_this_iter": 5, "num_healthy_workers": 7, "timesteps_total": 12600, "episodes_total": 12, "training_iteration": 3, "timestamp": 1601912127, "time_this_iter_s": 262.67942476272583, "time_total_s": 787.9222409725189, "time_since_restore": 787.9222409725189, "timesteps_since_restore": 0, "iterations_since_restore": 3, "timers/sample_time_ms": 5257.823, "timers/sample_throughput": 798.81, "timers/learn_time_ms": 257313.438, "timers/learn_throughput": 16.323, "timers/update_time_ms": 11.527, "info/num_steps_sampled": 12600, "info/num_steps_trained": 12600, "perf/cpu_util_percent": 17.943181818181817, "perf/ram_util_percent": 3.5713068181818186, "info/learner/default_policy/allreduce_latency": 0.0, "info/learner/default_policy/cur_kl_coeff": 0.22500000000000003, "info/learner/default_policy/cur_lr": 0.0005, "info/learner/default_policy/total_loss": 120.49216206868489, "info/learner/default_policy/policy_loss": -0.17119203598210306, "info/learner/default_policy/vf_loss": 120.62967265735973, "info/learner/default_policy/vf_explained_var": 0.906491756439209, "info/learner/default_policy/kl": 0.15002704389167554, "info/learner/default_policy/entropy": 0.7243394598816381, "info/learner/default_policy/entropy_coeff": 0.0001, "_step": 2, "_runtime": 790, "_timestamp": 1601912127, "custom_metrics/time_step_mean": 3598.5, "custom_metrics/time_step_min": 3385, "custom_metrics/time_step_max": 3875, "sampler_perf/mean_env_wait_ms": 0.6791339955712267, "sampler_perf/mean_raw_obs_processing_ms": 0.19345914953681773, "sampler_perf/mean_inference_ms": 5.684275685152126, "sampler_perf/mean_action_processing_ms": 0.08842904425729632}