{"time_step_min": 2872, "_step": 7, "_runtime": 11187, "_timestamp": 1602776496, "time_step_max": 3980, "time_step_mean": 3000.765500181554, "episode_reward_max": 331.47474747474774, "episode_reward_min": 148.1414141414143, "episode_reward_mean": 311.94230326401146, "episodes_total": 88170, "training_iteration": 422}