{"episode_reward_max": 258.3232323232321, "episode_reward_min": 185.19191919191906, "episode_reward_mean": 227.35209235209226, "episode_len_mean": 878.2857142857143, "episodes_this_iter": 7, "num_healthy_workers": 7, "timesteps_total": 12600, "episodes_total": 14, "training_iteration": 3, "timestamp": 1601911336, "time_this_iter_s": 272.55679082870483, "time_total_s": 804.1450672149658, "time_since_restore": 804.1450672149658, "timesteps_since_restore": 0, "iterations_since_restore": 3, "timers/sample_time_ms": 5548.654, "timers/sample_throughput": 756.94, "timers/learn_time_ms": 262428.19, "timers/learn_throughput": 16.004, "timers/update_time_ms": 12.117, "info/num_steps_sampled": 12600, "info/num_steps_trained": 12600, "perf/cpu_util_percent": 17.726287262872628, "perf/ram_util_percent": 3.5821138211382118, "info/learner/default_policy/allreduce_latency": 0.0, "info/learner/default_policy/cur_kl_coeff": 0.6749999999999999, "info/learner/default_policy/cur_lr": 5e-05, "info/learner/default_policy/total_loss": 182.96122325550425, "info/learner/default_policy/policy_loss": -0.14329889371539606, "info/learner/default_policy/vf_loss": 183.0892939712062, "info/learner/default_policy/vf_explained_var": 0.7962591052055359, "info/learner/default_policy/kl": 0.022717608026031292, "info/learner/default_policy/entropy": 1.0462775880640203, "info/learner/default_policy/entropy_coeff": 0.0001, "_step": 2, "_runtime": 810, "_timestamp": 1601911337, "custom_metrics/time_step_mean": 3548.3571428571427, "custom_metrics/time_step_min": 3339, "custom_metrics/time_step_max": 3832, "sampler_perf/mean_env_wait_ms": 0.7217276551889238, "sampler_perf/mean_raw_obs_processing_ms": 0.2052564911124484, "sampler_perf/mean_inference_ms": 6.284421057693447, "sampler_perf/mean_action_processing_ms": 0.09484357921382243}