{"time_step_min": 3150.0, "_step": 5, "_runtime": 636, "_timestamp": 1602184603, "episode_reward_max": 287.414141414142, "episode_reward_min": 115.78787878787877, "episode_reward_mean": 233.14826269019298, "episodes_total": 2528, "training_iteration": 13}