{"episode_reward_max": 296.626262626262, "episode_reward_min": 195.71717171717108, "episode_reward_mean": 261.4008080808078, "episode_len_mean": 874.347, "episodes_this_iter": 240, "num_healthy_workers": 80, "timesteps_total": 5338050, "episodes_total": 5990, "training_iteration": 25, "timestamp": 1606758590, "time_this_iter_s": 25.93552279472351, "time_total_s": 609.3338534832001, "time_since_restore": 609.3338534832001, "timesteps_since_restore": 0, "iterations_since_restore": 25, "custom_metrics/time_step_mean": 3332.569, "custom_metrics/time_step_min": 3098, "custom_metrics/time_step_max": 3764, "sampler_perf/mean_env_wait_ms": 1.9603125037786422, "sampler_perf/mean_raw_obs_processing_ms": 0.5056697235662836, "sampler_perf/mean_inference_ms": 4.755153722909527, "sampler_perf/mean_action_processing_ms": 0.2012705677451689, "timers/sample_time_ms": 11816.531, "timers/sample_throughput": 17956.902, "timers/load_time_ms": 759.495, "timers/load_throughput": 279380.906, "timers/learn_time_ms": 11677.693, "timers/learn_throughput": 18170.396, "timers/update_time_ms": 40.551, "info/num_steps_sampled": 5338050, "info/num_steps_trained": 5338050, "perf/cpu_util_percent": 60.45, "perf/ram_util_percent": 7.453333333333334, "perf/gpu_util_percent0": 0.297, "perf/vram_util_percent0": 0.2132666448015742, "info/learner/default_policy/cur_kl_coeff": 1.1927137499867513e-08, "info/learner/default_policy/cur_lr": 0.00013681946438737214, "info/learner/default_policy/total_loss": 101.31452941894531, "info/learner/default_policy/policy_loss": -0.07187216728925705, "info/learner/default_policy/vf_loss": 103.0121841430664, "info/learner/default_policy/vf_explained_var": 0.9887365102767944, "info/learner/default_policy/kl": 0.022887097671628, "info/learner/default_policy/entropy": 0.7747827768325806, "info/learner/default_policy/entropy_coeff": 0.006302919704467058, "_step": 24, "_runtime": 629, "_timestamp": 1606758590}