{"time_step_min": 3121, "_step": 7, "_runtime": 633, "_timestamp": 1602464147, "time_step_max": 4145, "time_step_mean": 3453.922391857506, "episode_reward_max": 294.80808080808106, "episode_reward_min": 137.98989898989862, "episode_reward_mean": 243.15963577156091, "episodes_total": 3958, "training_iteration": 21}