{"time_step_min": 3086, "_step": 7, "_runtime": 626, "_timestamp": 1602456440, "time_step_max": 4336, "time_step_mean": 3477.6596016343206, "episode_reward_max": 298.4444444444441, "episode_reward_min": 109.05050505050495, "episode_reward_mean": 239.52641014608554, "episodes_total": 3944, "training_iteration": 20}