{"time_step_min": 3104, "_step": 7, "_runtime": 626, "_timestamp": 1602392509, "time_step_max": 4319, "time_step_mean": 3469.815461346633, "episode_reward_max": 295.71717171717165, "episode_reward_min": 111.62626262626226, "episode_reward_mean": 240.78323719269326, "episodes_total": 3236, "training_iteration": 17}