{"time_step_min": 3151, "_step": 7, "_runtime": 631, "_timestamp": 1602363023, "time_step_max": 4394, "time_step_mean": 3559.9304160688666, "episode_reward_max": 288.595959595959, "episode_reward_min": 100.26262626262616, "episode_reward_mean": 227.1768102970633, "episodes_total": 1422, "training_iteration": 8}