{"time_step_min": 3045.0, "_step": 5, "_runtime": 621, "_timestamp": 1602227646, "episode_reward_max": 304.13131313131294, "episode_reward_min": 115.78787878787877, "episode_reward_mean": 248.21314131963547, "episodes_total": 3634, "training_iteration": 19}