{"episode_reward_max": 248.67676767676738, "episode_reward_min": 189.14141414141375, "episode_reward_mean": 217.67063492063465, "episode_len_mean": 917.4642857142857, "episodes_this_iter": 0, "num_healthy_workers": 7, "timesteps_total": 33600, "episodes_total": 28, "training_iteration": 6, "timestamp": 1601916602, "time_this_iter_s": 104.22000861167908, "time_total_s": 633.0715699195862, "time_since_restore": 633.0715699195862, "timesteps_since_restore": 0, "iterations_since_restore": 6, "timers/sample_time_ms": 2300.78, "timers/sample_throughput": 2433.957, "timers/learn_time_ms": 103167.36, "timers/learn_throughput": 54.281, "timers/update_time_ms": 13.301, "info/num_steps_sampled": 33600, "info/num_steps_trained": 33600, "perf/cpu_util_percent": 18.062676056338027, "perf/ram_util_percent": 3.109859154929577, "info/learner/default_policy/allreduce_latency": 0.0, "info/learner/default_policy/cur_kl_coeff": 1.51875, "info/learner/default_policy/cur_lr": 0.0005, "info/learner/default_policy/total_loss": 2.18949756026268, "info/learner/default_policy/policy_loss": -0.17066041100770235, "info/learner/default_policy/vf_loss": 2.3102241077206354, "info/learner/default_policy/vf_explained_var": 0.9813598990440369, "info/learner/default_policy/kl": 0.0328782776539976, "info/learner/default_policy/entropy": 0.934867340055379, "info/learner/default_policy/entropy_coeff": 0.0, "_step": 5, "_runtime": 635, "_timestamp": 1601916602, "custom_metrics/time_step_mean": 2951.8214285714284, "custom_metrics/time_step_min": 0, "custom_metrics/time_step_max": 3726, "sampler_perf/mean_env_wait_ms": 1.2615392179250455, "sampler_perf/mean_raw_obs_processing_ms": 0.2651712936523626, "sampler_perf/mean_inference_ms": 2.8829300496610974, "sampler_perf/mean_action_processing_ms": 0.11078758365801307}