{"time_step_min": 2977, "_step": 7, "_runtime": 11156, "_timestamp": 1602720524, "time_step_max": 4054, "time_step_mean": 3084.229426765449, "episode_reward_max": 316.1717171717166, "episode_reward_min": 145.7171717171716, "episode_reward_mean": 298.7025743181305, "episodes_total": 82769, "training_iteration": 407}