{"episode_reward_max": 270.191919191919, "episode_reward_min": 147.90909090909062, "episode_reward_mean": 222.52765752765737, "episode_len_mean": 882.797619047619, "episodes_this_iter": 14, "num_healthy_workers": 7, "timesteps_total": 78400, "episodes_total": 84, "training_iteration": 14, "timestamp": 1601912849, "time_this_iter_s": 40.60821533203125, "time_total_s": 635.0249688625336, "time_since_restore": 635.0249688625336, "timesteps_since_restore": 0, "iterations_since_restore": 14, "timers/sample_time_ms": 1508.657, "timers/sample_throughput": 3711.911, "timers/learn_time_ms": 43555.449, "timers/learn_throughput": 128.572, "timers/update_time_ms": 7.321, "info/num_steps_sampled": 78400, "info/num_steps_trained": 78400, "perf/cpu_util_percent": 17.6125, "perf/ram_util_percent": 3.3000000000000003, "info/learner/default_policy/allreduce_latency": 0.0, "info/learner/default_policy/cur_kl_coeff": 3.417187500000001, "info/learner/default_policy/cur_lr": 0.0005, "info/learner/default_policy/total_loss": 136.03177538785067, "info/learner/default_policy/policy_loss": -0.14316326257010753, "info/learner/default_policy/vf_loss": 136.13474655151367, "info/learner/default_policy/vf_explained_var": 0.9328052997589111, "info/learner/default_policy/kl": 0.011793856170367111, "info/learner/default_policy/entropy": 1.1100269136103718, "info/learner/default_policy/entropy_coeff": 0.00010000000000000003, "_step": 13, "_runtime": 642, "_timestamp": 1601912854, "custom_metrics/time_step_mean": 2651.3809523809523, "custom_metrics/time_step_min": 0, "custom_metrics/time_step_max": 4077, "sampler_perf/mean_env_wait_ms": 1.3032080527101921, "sampler_perf/mean_raw_obs_processing_ms": 0.23626170429495222, "sampler_perf/mean_inference_ms": 1.7898457285256522, "sampler_perf/mean_action_processing_ms": 0.0960627275401725}