{"episode_reward_max": 138.16161616161583, "episode_reward_min": -58.20202020202025, "episode_reward_mean": 71.73383838383822, "episode_len_mean": 720.3995, "episodes_this_iter": 640, "num_healthy_workers": 80, "timesteps_total": 9351680, "episodes_total": 12160, "training_iteration": 26, "timestamp": 1606823049, "time_this_iter_s": 23.019916772842407, "time_total_s": 594.7726912498474, "time_since_restore": 594.7726912498474, "timesteps_since_restore": 0, "iterations_since_restore": 26, "timers/sample_time_ms": 7633.141, "timers/sample_throughput": 47120.839, "timers/load_time_ms": 868.904, "timers/load_throughput": 413946.643, "timers/learn_time_ms": 14118.552, "timers/learn_throughput": 25475.7, "timers/update_time_ms": 38.461, "info/num_steps_sampled": 9351680, "info/num_steps_trained": 9351680, "perf/cpu_util_percent": 34.59285714285714, "perf/ram_util_percent": 7.564285714285712, "perf/gpu_util_percent0": 0.4164285714285714, "perf/vram_util_percent0": 0.19768776648081335, "info/learner/default_policy/cur_kl_coeff": 1.375791125468595e-08, "info/learner/default_policy/cur_lr": 0.00027089996729046106, "info/learner/default_policy/total_loss": 886.8635864257812, "info/learner/default_policy/policy_loss": -0.06918499618768692, "info/learner/default_policy/vf_loss": 1608.721435546875, "info/learner/default_policy/vf_explained_var": 0.8059267401695251, "info/learner/default_policy/kl": 0.025790616869926453, "info/learner/default_policy/entropy": 0.4644574522972107, "info/learner/default_policy/entropy_coeff": 0.005012696608901024, "_step": 25, "_runtime": 614, "_timestamp": 1606823049, "custom_metrics/time_step_mean": 2764.304, "custom_metrics/time_step_min": 2522, "custom_metrics/time_step_max": 3240, "sampler_perf/mean_env_wait_ms": 6.0766282808880225, "sampler_perf/mean_raw_obs_processing_ms": 1.4055430078157591, "sampler_perf/mean_inference_ms": 4.134252395511483, "sampler_perf/mean_action_processing_ms": 0.41707593306080615}