{"episode_reward_max": 153.71717171717188, "episode_reward_min": 21.393939393939213, "episode_reward_mean": 111.90756565656562, "episode_len_mean": 604.626, "episodes_this_iter": 320, "num_healthy_workers": 80, "timesteps_total": 5420800, "episodes_total": 8640, "training_iteration": 22, "timestamp": 1608309116, "time_this_iter_s": 12.717763900756836, "time_total_s": 271.24917459487915, "time_since_restore": 271.24917459487915, "timesteps_since_restore": 0, "iterations_since_restore": 22, "custom_metrics/make_span_mean": 2576.5215, "custom_metrics/make_span_min": 2383, "custom_metrics/make_span_max": 2931, "sampler_perf/mean_env_wait_ms": 4.11598785822848, "sampler_perf/mean_raw_obs_processing_ms": 0.7134538852257686, "sampler_perf/mean_inference_ms": 3.1170883018834528, "sampler_perf/mean_action_processing_ms": 0.26492453714378644, "timers/sample_time_ms": 7010.636, "timers/sample_throughput": 35146.598, "timers/load_time_ms": 566.905, "timers/load_throughput": 434640.397, "timers/learn_time_ms": 4625.564, "timers/learn_throughput": 53269.181, "timers/update_time_ms": 41.318, "info/num_steps_sampled": 5420800, "info/num_steps_trained": 5420800, "perf/cpu_util_percent": 54.04666666666666, "perf/ram_util_percent": 5.4399999999999995, "perf/gpu_util_percent0": 0.2806666666666667, "perf/vram_util_percent0": 0.11224991800590357, "info/learner/default_policy/cur_kl_coeff": 2.2974499813699367e-07, "info/learner/default_policy/cur_lr": 4.359985905466601e-05, "info/learner/default_policy/total_loss": 106.4852523803711, "info/learner/default_policy/policy_loss": -0.0036939382553100586, "info/learner/default_policy/vf_loss": 189.57313537597656, "info/learner/default_policy/vf_explained_var": 0.9183407425880432, "info/learner/default_policy/kl": 0.012279202230274677, "info/learner/default_policy/entropy": 0.4029996693134308, "info/learner/default_policy/entropy_coeff": 0.009784440509974957, "_step": 21, "_runtime": 293, "_timestamp": 1608309117}