{"time_step_min": 3179.0, "_step": 5, "_runtime": 616, "_timestamp": 1602189761, "episode_reward_max": 284.79797979798, "episode_reward_min": 147.0606060606061, "episode_reward_mean": 230.5633710522949, "episodes_total": 1264, "training_iteration": 4}