{"episode_reward_max": 251.99999999999983, "episode_reward_min": 202.97979797979792, "episode_reward_mean": 230.91089466089463, "episode_len_mean": 894.75, "episodes_this_iter": 0, "num_healthy_workers": 7, "timesteps_total": 33600, "episodes_total": 28, "training_iteration": 6, "timestamp": 1601916219, "time_this_iter_s": 107.81527948379517, "time_total_s": 657.8834149837494, "time_since_restore": 657.8834149837494, "timesteps_since_restore": 0, "iterations_since_restore": 6, "timers/sample_time_ms": 2462.538, "timers/sample_throughput": 2274.076, "timers/learn_time_ms": 107151.361, "timers/learn_throughput": 52.263, "timers/update_time_ms": 9.201, "info/num_steps_sampled": 33600, "info/num_steps_trained": 33600, "perf/cpu_util_percent": 17.27945205479452, "perf/ram_util_percent": 3.1000000000000005, "info/learner/default_policy/allreduce_latency": 0.0, "info/learner/default_policy/cur_kl_coeff": 0.675, "info/learner/default_policy/cur_lr": 5.0000000000000016e-05, "info/learner/default_policy/total_loss": 5.4774540066719055, "info/learner/default_policy/policy_loss": -0.1362803060222756, "info/learner/default_policy/vf_loss": 5.599925718524239, "info/learner/default_policy/vf_explained_var": 0.9156144857406616, "info/learner/default_policy/kl": 0.020613473374396563, "info/learner/default_policy/entropy": 1.0534104840321974, "info/learner/default_policy/entropy_coeff": 0.00010000000000000003, "_step": 5, "_runtime": 660, "_timestamp": 1601916219, "custom_metrics/time_step_mean": 2018.5, "custom_metrics/time_step_min": 0, "custom_metrics/time_step_max": 3664, "sampler_perf/mean_env_wait_ms": 1.2938010559208137, "sampler_perf/mean_raw_obs_processing_ms": 0.2713991556288418, "sampler_perf/mean_inference_ms": 2.8794922607982727, "sampler_perf/mean_action_processing_ms": 0.11074609192057513}