{"episode_reward_max": 267.4848484848478, "episode_reward_min": 183.15151515151513, "episode_reward_mean": 227.8135642135641, "episode_len_mean": 878.9142857142857, "episodes_this_iter": 7, "num_healthy_workers": 7, "timesteps_total": 33600, "episodes_total": 35, "training_iteration": 8, "timestamp": 1601908420, "time_this_iter_s": 78.91144251823425, "time_total_s": 639.7151346206665, "time_since_restore": 639.7151346206665, "timesteps_since_restore": 0, "iterations_since_restore": 8, "timers/sample_time_ms": 2597.843, "timers/sample_throughput": 1616.726, "timers/learn_time_ms": 77331.298, "timers/learn_throughput": 54.312, "timers/update_time_ms": 8.699, "info/num_steps_sampled": 33600, "info/num_steps_trained": 33600, "perf/cpu_util_percent": 19.167592592592595, "perf/ram_util_percent": 2.9203703703703696, "info/learner/default_policy/allreduce_latency": 0.0, "info/learner/default_policy/cur_kl_coeff": 1.7085937500000001, "info/learner/default_policy/cur_lr": 0.0001, "info/learner/default_policy/total_loss": 55.743877642082445, "info/learner/default_policy/policy_loss": -0.13031184777730342, "info/learner/default_policy/vf_loss": 55.84758897261186, "info/learner/default_policy/vf_explained_var": 0.9396288394927979, "info/learner/default_policy/kl": 0.015624523360395071, "info/learner/default_policy/entropy": 0.9518894444812428, "info/learner/default_policy/entropy_coeff": 0.0001, "_step": 7, "_runtime": 644, "_timestamp": 1601908422, "custom_metrics/time_step_mean": 3545.1428571428573, "custom_metrics/time_step_min": 3277, "custom_metrics/time_step_max": 3842, "sampler_perf/mean_env_wait_ms": 0.7050862651426982, "sampler_perf/mean_raw_obs_processing_ms": 0.16565201408632407, "sampler_perf/mean_inference_ms": 2.6512505728149303, "sampler_perf/mean_action_processing_ms": 0.07883794960971231}