{"nb_episodes": 1, "avg_best_result": 279.7373737373742, "best_episode": 279.7373737373742, "best_timestep": 3278, "_step": 0, "_runtime": 4, "_timestamp": 1602835085}