{"time_step_min": 3228, "_step": 7, "_runtime": 640, "_timestamp": 1602358529, "time_step_max": 4293, "time_step_mean": 3596.265372168285, "episode_reward_max": 276.9292929292931, "episode_reward_min": 98.59595959595914, "episode_reward_mean": 220.3931642373097, "episodes_total": 1264, "training_iteration": 7}