{"episode_reward_max": 243.60606060606085, "episode_reward_min": 148.4545454545454, "episode_reward_mean": 216.92352092352093, "episode_len_mean": 875.0714285714286, "episodes_this_iter": 7, "num_healthy_workers": 7, "timesteps_total": 12600, "episodes_total": 14, "training_iteration": 3, "timestamp": 1601912206, "time_this_iter_s": 264.36622858047485, "time_total_s": 792.1241247653961, "time_since_restore": 792.1241247653961, "timesteps_since_restore": 0, "iterations_since_restore": 3, "timers/sample_time_ms": 5098.345, "timers/sample_throughput": 823.797, "timers/learn_time_ms": 258883.637, "timers/learn_throughput": 16.224, "timers/update_time_ms": 11.432, "info/num_steps_sampled": 12600, "info/num_steps_trained": 12600, "perf/cpu_util_percent": 17.68328611898017, "perf/ram_util_percent": 3.536260623229462, "info/learner/default_policy/allreduce_latency": 0.0, "info/learner/default_policy/cur_kl_coeff": 0.45000000000000007, "info/learner/default_policy/cur_lr": 0.0001, "info/learner/default_policy/total_loss": 180.03297701748934, "info/learner/default_policy/policy_loss": -0.15553349064606609, "info/learner/default_policy/vf_loss": 180.1682487256599, "info/learner/default_policy/vf_explained_var": 0.8221811056137085, "info/learner/default_policy/kl": 0.04524771824027553, "info/learner/default_policy/entropy": 0.957957179257364, "info/learner/default_policy/entropy_coeff": 0.0001, "_step": 2, "_runtime": 794, "_timestamp": 1601912206, "custom_metrics/time_step_mean": 3618.0, "custom_metrics/time_step_min": 3435, "custom_metrics/time_step_max": 4067, "sampler_perf/mean_env_wait_ms": 0.6758901504657228, "sampler_perf/mean_raw_obs_processing_ms": 0.18591682462549014, "sampler_perf/mean_inference_ms": 5.50344539051049, "sampler_perf/mean_action_processing_ms": 0.08631809197724603}