{"nb_episodes": 1, "avg_best_result": 201.6868686868686, "best_episode": 201.6868686868686, "best_timestep": 3601, "_step": 0, "_runtime": 1, "_timestamp": 1602708246}