{"time_step_min": 3165.0, "_step": 5, "_runtime": 632, "_timestamp": 1602191711, "episode_reward_max": 286.0909090909086, "episode_reward_min": 147.0606060606061, "episode_reward_mean": 233.2315667220729, "episodes_total": 1896, "training_iteration": 5}