{"time_step_min": 3147, "_step": 7, "_runtime": 631, "_timestamp": 1602446267, "time_step_max": 4223, "time_step_mean": 3451.7338949454906, "episode_reward_max": 296.62626262626287, "episode_reward_min": 126.17171717171705, "episode_reward_mean": 243.31969796389077, "episodes_total": 4064, "training_iteration": 21}