{"time_step_min": 3161.0, "_step": 5, "_runtime": 633, "_timestamp": 1602199679, "episode_reward_max": 284.80808080808094, "episode_reward_min": 115.78787878787877, "episode_reward_mean": 237.781188466948, "episodes_total": 3160, "training_iteration": 16}