{"time_step_min": 3164.0, "_step": 5, "_runtime": 627, "_timestamp": 1602223667, "episode_reward_max": 285.2929292929287, "episode_reward_min": 135.03030303030312, "episode_reward_mean": 231.8296244402317, "episodes_total": 2206, "training_iteration": 6}