{"episode_reward_max": 306.7777777777774, "episode_reward_min": 187.38383838383822, "episode_reward_mean": 265.1194444444441, "episode_len_mean": 882.259, "episodes_this_iter": 99, "num_healthy_workers": 11, "timesteps_total": 3608564, "episodes_total": 4062, "training_iteration": 42, "timestamp": 1605865112, "time_this_iter_s": 37.49654817581177, "time_total_s": 1581.0839295387268, "time_since_restore": 1581.0839295387268, "timesteps_since_restore": 0, "iterations_since_restore": 42, "custom_metrics/time_step_mean": 3312.606, "custom_metrics/time_step_min": 3079, "custom_metrics/time_step_max": 3819, "sampler_perf/mean_env_wait_ms": 4.282396987444089, "sampler_perf/mean_raw_obs_processing_ms": 1.0394301131059274, "sampler_perf/mean_inference_ms": 9.577842699750178, "sampler_perf/mean_action_processing_ms": 0.3017965947180831, "timers/sample_time_ms": 20731.62, "timers/sample_throughput": 4179.061, "timers/learn_time_ms": 17024.8, "timers/learn_throughput": 5088.97, "timers/update_time_ms": 13.002, "info/num_steps_sampled": 3608564, "info/num_steps_trained": 3608564, "perf/cpu_util_percent": 45.68260869565218, "perf/ram_util_percent": 21.347826086956523, "perf/gpu_util_percent0": 0.3456521739130435, "perf/vram_util_percent0": 0.6120894422147597, "info/learner/default_policy/allreduce_latency": 0.0, "info/learner/default_policy/cur_kl_coeff": 9.243678476400621e-14, "info/learner/default_policy/cur_lr": 4.3202506223263656e-05, "info/learner/default_policy/total_loss": 19.787764982743695, "info/learner/default_policy/policy_loss": -0.021245437081564556, "info/learner/default_policy/vf_loss": 34.662803649902344, "info/learner/default_policy/vf_explained_var": 0.9959942102432251, "info/learner/default_policy/kl": 0.008507555943321098, "info/learner/default_policy/entropy": 0.9104137908328663, "info/learner/default_policy/entropy_coeff": 9.019730097160946e-05, "_step": 41, "_runtime": 1605, "_timestamp": 1605865112}