{"episode_reward_max": 259.11111111111046, "episode_reward_min": 171.27272727272708, "episode_reward_mean": 231.52272727272702, "episode_len_mean": 919.75, "episodes_this_iter": 0, "num_healthy_workers": 7, "timesteps_total": 33600, "episodes_total": 28, "training_iteration": 6, "timestamp": 1601915960, "time_this_iter_s": 107.85225820541382, "time_total_s": 657.9828839302063, "time_since_restore": 657.9828839302063, "timesteps_since_restore": 0, "iterations_since_restore": 6, "timers/sample_time_ms": 2439.434, "timers/sample_throughput": 2295.614, "timers/learn_time_ms": 107181.645, "timers/learn_throughput": 52.248, "timers/update_time_ms": 9.695, "info/num_steps_sampled": 33600, "info/num_steps_trained": 33600, "perf/cpu_util_percent": 17.755782312925174, "perf/ram_util_percent": 3.0768707482993203, "info/learner/default_policy/allreduce_latency": 0.0, "info/learner/default_policy/cur_kl_coeff": 1.51875, "info/learner/default_policy/cur_lr": 0.00010000000000000003, "info/learner/default_policy/total_loss": 0.6075591360303488, "info/learner/default_policy/policy_loss": -0.17413377181880854, "info/learner/default_policy/vf_loss": 0.7523419274525209, "info/learner/default_policy/vf_explained_var": 0.9756671786308289, "info/learner/default_policy/kl": 0.019393279344182123, "info/learner/default_policy/entropy": 1.0258296687494626, "info/learner/default_policy/entropy_coeff": 0.00010000000000000003, "_step": 5, "_runtime": 665, "_timestamp": 1601915963, "custom_metrics/time_step_mean": 2032.357142857143, "custom_metrics/time_step_min": 0, "custom_metrics/time_step_max": 3636, "sampler_perf/mean_env_wait_ms": 1.2676101228924797, "sampler_perf/mean_raw_obs_processing_ms": 0.26846739751763316, "sampler_perf/mean_inference_ms": 2.9210263204713667, "sampler_perf/mean_action_processing_ms": 0.1090561327996679}