{"time_step_min": 3161, "_step": 7, "_runtime": 617, "_timestamp": 1602356608, "time_step_max": 4501, "time_step_mean": 3500.256583897667, "episode_reward_max": 287.3838383838381, "episode_reward_min": 84.05050505050527, "episode_reward_mean": 236.06769857923982, "episodes_total": 2686, "training_iteration": 14}