{"time_step_min": 3160, "_step": 7, "_runtime": 644, "_timestamp": 1602453236, "time_step_max": 4405, "time_step_mean": 3478.559227107253, "episode_reward_max": 288.2929292929295, "episode_reward_min": 98.5959595959593, "episode_reward_mean": 239.21401848437125, "episodes_total": 3599, "training_iteration": 19}