{"episode_reward_max": 264.4141414141411, "episode_reward_min": 175.09090909090864, "episode_reward_mean": 228.20357420357402, "episode_len_mean": 874.3076923076923, "episodes_this_iter": 6, "num_healthy_workers": 7, "timesteps_total": 12600, "episodes_total": 13, "training_iteration": 3, "timestamp": 1601911267, "time_this_iter_s": 237.91996455192566, "time_total_s": 753.093677520752, "time_since_restore": 753.093677520752, "timesteps_since_restore": 0, "iterations_since_restore": 3, "timers/sample_time_ms": 5243.546, "timers/sample_throughput": 800.985, "timers/learn_time_ms": 245724.696, "timers/learn_throughput": 17.092, "timers/update_time_ms": 10.624, "info/num_steps_sampled": 12600, "info/num_steps_trained": 12600, "perf/cpu_util_percent": 17.770662460567824, "perf/ram_util_percent": 3.5943217665615146, "info/learner/default_policy/allreduce_latency": 0.0, "info/learner/default_policy/cur_kl_coeff": 0.6749999999999999, "info/learner/default_policy/cur_lr": 5e-05, "info/learner/default_policy/total_loss": 242.86447374748462, "info/learner/default_policy/policy_loss": -0.1426442810193156, "info/learner/default_policy/vf_loss": 242.99150570956144, "info/learner/default_policy/vf_explained_var": 0.7575430274009705, "info/learner/default_policy/kl": 0.023128586623704796, "info/learner/default_policy/entropy": 1.0442274483767422, "info/learner/default_policy/entropy_coeff": 0.0, "_step": 2, "_runtime": 755, "_timestamp": 1601911267, "custom_metrics/time_step_mean": 3543.076923076923, "custom_metrics/time_step_min": 3299, "custom_metrics/time_step_max": 3894, "sampler_perf/mean_env_wait_ms": 0.693491240643289, "sampler_perf/mean_raw_obs_processing_ms": 0.19023946494975486, "sampler_perf/mean_inference_ms": 5.999782495222818, "sampler_perf/mean_action_processing_ms": 0.09101253155013918}