{"time_step_min": 3010, "_step": 7, "_runtime": 637, "_timestamp": 1602514858, "time_step_max": 4085, "time_step_mean": 3367.1287991498407, "episode_reward_max": 291.2323232323234, "episode_reward_min": 128.35353535353502, "episode_reward_mean": 237.05446873801301, "episodes_total": 4740, "training_iteration": 24}