{"time_step_min": 3156.0, "_step": 5, "_runtime": 632, "_timestamp": 1602222358, "episode_reward_max": 285.86868686868615, "episode_reward_min": 118.96969696969721, "episode_reward_mean": 232.13184055747337, "episodes_total": 2528, "training_iteration": 7}