{"episode_reward_max": 285.86868686868627, "episode_reward_min": 181.62626262626245, "episode_reward_mean": 246.92308080808056, "episode_len_mean": 916.084, "episodes_this_iter": 160, "num_healthy_workers": 80, "timesteps_total": 4286275, "episodes_total": 4640, "training_iteration": 29, "timestamp": 1606756672, "time_this_iter_s": 20.347010850906372, "time_total_s": 596.5662679672241, "time_since_restore": 596.5662679672241, "timesteps_since_restore": 0, "iterations_since_restore": 29, "custom_metrics/time_step_mean": 3422.075, "custom_metrics/time_step_min": 3169, "custom_metrics/time_step_max": 3825, "sampler_perf/mean_env_wait_ms": 2.1908830379234687, "sampler_perf/mean_raw_obs_processing_ms": 0.6181662975421678, "sampler_perf/mean_inference_ms": 7.351810727181339, "sampler_perf/mean_action_processing_ms": 0.2542606468279968, "timers/sample_time_ms": 10611.489, "timers/sample_throughput": 13898.643, "timers/load_time_ms": 496.593, "timers/load_throughput": 296994.021, "timers/learn_time_ms": 8910.546, "timers/learn_throughput": 16551.769, "timers/update_time_ms": 58.881, "info/num_steps_sampled": 4286275, "info/num_steps_trained": 4286275, "perf/cpu_util_percent": 48.104166666666664, "perf/ram_util_percent": 8.35, "perf/gpu_util_percent0": 0.36541666666666667, "perf/vram_util_percent0": 0.1926041325024598, "info/learner/default_policy/cur_kl_coeff": 1.595079179850245e-09, "info/learner/default_policy/cur_lr": 0.0005213090335018933, "info/learner/default_policy/total_loss": 74.8886947631836, "info/learner/default_policy/policy_loss": -0.09557193517684937, "info/learner/default_policy/vf_loss": 125.60504150390625, "info/learner/default_policy/vf_explained_var": 0.9854272603988647, "info/learner/default_policy/kl": 0.02819068543612957, "info/learner/default_policy/entropy": 0.78551185131073, "info/learner/default_policy/entropy_coeff": 0.001640809467062354, "_step": 28, "_runtime": 620, "_timestamp": 1606756672}