{"episode_reward_max": 293.1414141414135, "episode_reward_min": 174.65656565656522, "episode_reward_mean": 251.89262626262598, "episode_len_mean": 910.236, "episodes_this_iter": 211, "num_healthy_workers": 80, "timesteps_total": 4766720, "episodes_total": 5220, "training_iteration": 28, "timestamp": 1606753699, "time_this_iter_s": 21.014087438583374, "time_total_s": 574.2965397834778, "time_since_restore": 574.2965397834778, "timesteps_since_restore": 0, "iterations_since_restore": 28, "custom_metrics/time_step_mean": 3391.85, "custom_metrics/time_step_min": 3121, "custom_metrics/time_step_max": 3903, "sampler_perf/mean_env_wait_ms": 2.0546771312793743, "sampler_perf/mean_raw_obs_processing_ms": 0.5303735239909675, "sampler_perf/mean_inference_ms": 5.031340801954094, "sampler_perf/mean_action_processing_ms": 0.2210889457955979, "timers/sample_time_ms": 9813.338, "timers/sample_throughput": 17347.818, "timers/load_time_ms": 625.454, "timers/load_throughput": 272186.254, "timers/learn_time_ms": 10372.427, "timers/learn_throughput": 16412.745, "timers/update_time_ms": 42.501, "info/num_steps_sampled": 4766720, "info/num_steps_trained": 4766720, "perf/cpu_util_percent": 58.75599999999999, "perf/ram_util_percent": 7.52, "perf/gpu_util_percent0": 0.31479999999999997, "perf/vram_util_percent0": 0.21326664480157426, "info/learner/default_policy/cur_kl_coeff": 3.7409364495033515e-09, "info/learner/default_policy/cur_lr": 0.00017980000120587647, "info/learner/default_policy/total_loss": 52.196285247802734, "info/learner/default_policy/policy_loss": -0.08091451227664948, "info/learner/default_policy/vf_loss": 55.64960861206055, "info/learner/default_policy/vf_explained_var": 0.9944125413894653, "info/learner/default_policy/kl": 0.02730586938560009, "info/learner/default_policy/entropy": 0.680535614490509, "info/learner/default_policy/entropy_coeff": 7.393999840132892e-05, "_step": 27, "_runtime": 594, "_timestamp": 1606753700}