{"episode_reward_max": 268.18181818181785, "episode_reward_min": 187.42424242424235, "episode_reward_mean": 225.0829725829724, "episode_len_mean": 899.6071428571429, "episodes_this_iter": 0, "num_healthy_workers": 7, "timesteps_total": 33600, "episodes_total": 28, "training_iteration": 6, "timestamp": 1601916469, "time_this_iter_s": 107.71566224098206, "time_total_s": 659.0611839294434, "time_since_restore": 659.0611839294434, "timesteps_since_restore": 0, "iterations_since_restore": 6, "timers/sample_time_ms": 2292.063, "timers/sample_throughput": 2443.214, "timers/learn_time_ms": 107515.099, "timers/learn_throughput": 52.086, "timers/update_time_ms": 8.449, "info/num_steps_sampled": 33600, "info/num_steps_trained": 33600, "perf/cpu_util_percent": 17.312328767123287, "perf/ram_util_percent": 3.1000000000000005, "info/learner/default_policy/allreduce_latency": 0.0, "info/learner/default_policy/cur_kl_coeff": 0.5062500000000002, "info/learner/default_policy/cur_lr": 5.0000000000000016e-05, "info/learner/default_policy/total_loss": 1.5981266512112184, "info/learner/default_policy/policy_loss": -0.13386922183615918, "info/learner/default_policy/vf_loss": 1.7213372046297246, "info/learner/default_policy/vf_explained_var": 0.9676542282104492, "info/learner/default_policy/kl": 0.02105422093617645, "info/learner/default_policy/entropy": 1.0424672907049006, "info/learner/default_policy/entropy_coeff": 0.0, "_step": 5, "_runtime": 662, "_timestamp": 1601916470, "custom_metrics/time_step_mean": 2315.25, "custom_metrics/time_step_min": 0, "custom_metrics/time_step_max": 3800, "sampler_perf/mean_env_wait_ms": 1.2847077745733129, "sampler_perf/mean_raw_obs_processing_ms": 0.26522513790022456, "sampler_perf/mean_inference_ms": 2.770936459356062, "sampler_perf/mean_action_processing_ms": 0.10772261250213956}