{"time_step_min": 3173, "_step": 7, "_runtime": 615, "_timestamp": 1602355980, "time_step_max": 4394, "time_step_mean": 3533.1271015467382, "episode_reward_max": 285.2626262626263, "episode_reward_min": 100.26262626262616, "episode_reward_mean": 231.24146865052919, "episodes_total": 3002, "training_iteration": 16}