{"time_step_min": 3174, "_step": 7, "_runtime": 664, "_timestamp": 1602278723, "time_step_max": 4249, "time_step_mean": 3514.971242810703, "episode_reward_max": 290.717171717172, "episode_reward_min": 111.62626262626229, "episode_reward_mean": 234.4537094410511, "episodes_total": 4108, "training_iteration": 11}