{"nb_episodes": 1, "avg_best_result": 222.838383838384, "best_episode": 222.838383838384, "best_timestep": 3585, "_step": 0, "_runtime": 3, "_timestamp": 1602835021}