{"time_step_min": 3175.0, "_step": 5, "_runtime": 638, "_timestamp": 1602197108, "episode_reward_max": 282.91919191919226, "episode_reward_min": 115.78787878787877, "episode_reward_mean": 237.19886459532034, "episodes_total": 3950, "training_iteration": 20}