{"nb_episodes": 4322, "avg_best_result": 279.32828282828257, "best_episode": 298.55555555555543, "time_step_min": 3069, "_step": 0, "_runtime": 607, "_timestamp": 1602580583}