{"episode_reward_max": 266.34343434343424, "episode_reward_min": 170.12121212121244, "episode_reward_mean": 221.77284752284737, "episode_len_mean": 887.25, "episodes_this_iter": 7, "num_healthy_workers": 7, "timesteps_total": 75600, "episodes_total": 84, "training_iteration": 18, "timestamp": 1601906517, "time_this_iter_s": 33.45004487037659, "time_total_s": 613.449636220932, "time_since_restore": 613.449636220932, "timesteps_since_restore": 0, "iterations_since_restore": 18, "timers/sample_time_ms": 1809.891, "timers/sample_throughput": 2320.582, "timers/learn_time_ms": 32089.72, "timers/learn_throughput": 130.883, "timers/update_time_ms": 6.923, "info/num_steps_sampled": 75600, "info/num_steps_trained": 75600, "perf/cpu_util_percent": 23.029787234042555, "perf/ram_util_percent": 2.627659574468085, "info/learner/default_policy/allreduce_latency": 0.0, "info/learner/default_policy/cur_kl_coeff": 3.4171875, "info/learner/default_policy/cur_lr": 0.0005, "info/learner/default_policy/total_loss": 18.408158562400125, "info/learner/default_policy/policy_loss": -0.1258110221418919, "info/learner/default_policy/vf_loss": 18.489694277445476, "info/learner/default_policy/vf_explained_var": 0.9880464673042297, "info/learner/default_policy/kl": 0.012984619504123024, "info/learner/default_policy/entropy": 0.9534799528844429, "info/learner/default_policy/entropy_coeff": 0.0001, "_step": 17, "_runtime": 617, "_timestamp": 1601906518, "custom_metrics/time_step_mean": 3585.7976190476193, "custom_metrics/time_step_min": 3295, "custom_metrics/time_step_max": 3924, "sampler_perf/mean_env_wait_ms": 0.7198287262669556, "sampler_perf/mean_raw_obs_processing_ms": 0.15476710832510024, "sampler_perf/mean_inference_ms": 1.740553638087738, "sampler_perf/mean_action_processing_ms": 0.07273281683286911}