{"episode_reward_max": 264.9393939393935, "episode_reward_min": 172.6767676767675, "episode_reward_mean": 226.2683982683981, "episode_len_mean": 900.1071428571429, "episodes_this_iter": 0, "num_healthy_workers": 7, "timesteps_total": 33600, "episodes_total": 28, "training_iteration": 6, "timestamp": 1601915934, "time_this_iter_s": 110.13545322418213, "time_total_s": 669.0293040275574, "time_since_restore": 669.0293040275574, "timesteps_since_restore": 0, "iterations_since_restore": 6, "timers/sample_time_ms": 2338.306, "timers/sample_throughput": 2394.896, "timers/learn_time_ms": 109128.518, "timers/learn_throughput": 51.316, "timers/update_time_ms": 8.741, "info/num_steps_sampled": 33600, "info/num_steps_trained": 33600, "perf/cpu_util_percent": 17.538815789473684, "perf/ram_util_percent": 3.1052631578947376, "info/learner/default_policy/allreduce_latency": 0.0, "info/learner/default_policy/cur_kl_coeff": 1.51875, "info/learner/default_policy/cur_lr": 0.00010000000000000003, "info/learner/default_policy/total_loss": 5.907416170293635, "info/learner/default_policy/policy_loss": -0.17688440034081312, "info/learner/default_policy/vf_loss": 6.055540258234197, "info/learner/default_policy/vf_explained_var": 0.9445909261703491, "info/learner/default_policy/kl": 0.018936855083500796, "info/learner/default_policy/entropy": 1.0458686311136594, "info/learner/default_policy/entropy_coeff": 0.0, "_step": 5, "_runtime": 680, "_timestamp": 1601915937, "custom_metrics/time_step_mean": 1892.6785714285713, "custom_metrics/time_step_min": 0, "custom_metrics/time_step_max": 3712, "sampler_perf/mean_env_wait_ms": 1.2577807225537392, "sampler_perf/mean_raw_obs_processing_ms": 0.2557627676564329, "sampler_perf/mean_inference_ms": 2.7079882823898442, "sampler_perf/mean_action_processing_ms": 0.10408483151640564}