{"episode_reward_max": 266.3535353535351, "episode_reward_min": 154.363636363636, "episode_reward_mean": 220.65974025974015, "episode_len_mean": 873.1714285714286, "episodes_this_iter": 7, "num_healthy_workers": 7, "timesteps_total": 33600, "episodes_total": 35, "training_iteration": 8, "timestamp": 1601909719, "time_this_iter_s": 80.368088722229, "time_total_s": 643.5105626583099, "time_since_restore": 643.5105626583099, "timesteps_since_restore": 0, "iterations_since_restore": 8, "timers/sample_time_ms": 2751.72, "timers/sample_throughput": 1526.318, "timers/learn_time_ms": 77651.494, "timers/learn_throughput": 54.088, "timers/update_time_ms": 8.422, "info/num_steps_sampled": 33600, "info/num_steps_trained": 33600, "perf/cpu_util_percent": 20.79454545454546, "perf/ram_util_percent": 2.99909090909091, "info/learner/default_policy/allreduce_latency": 0.0, "info/learner/default_policy/cur_kl_coeff": 1.5187499999999998, "info/learner/default_policy/cur_lr": 5e-05, "info/learner/default_policy/total_loss": 87.48498517816716, "info/learner/default_policy/policy_loss": -0.09961146432341951, "info/learner/default_policy/vf_loss": 87.56527259133078, "info/learner/default_policy/vf_explained_var": 0.944663405418396, "info/learner/default_policy/kl": 0.012791732354371838, "info/learner/default_policy/entropy": 1.028401494026184, "info/learner/default_policy/entropy_coeff": 0.0001, "_step": 7, "_runtime": 645, "_timestamp": 1601909719, "custom_metrics/time_step_mean": 3592.942857142857, "custom_metrics/time_step_min": 3291, "custom_metrics/time_step_max": 4028, "sampler_perf/mean_env_wait_ms": 0.7036593968484279, "sampler_perf/mean_raw_obs_processing_ms": 0.16852447400824208, "sampler_perf/mean_inference_ms": 2.8276046272140727, "sampler_perf/mean_action_processing_ms": 0.08259314281455898}