{"episode_reward_max": 271.28282828282767, "episode_reward_min": 162.90909090909042, "episode_reward_mean": 223.93734968734947, "episode_len_mean": 872.0952380952381, "episodes_this_iter": 12, "num_healthy_workers": 7, "timesteps_total": 78400, "episodes_total": 84, "training_iteration": 14, "timestamp": 1601913996, "time_this_iter_s": 43.69617533683777, "time_total_s": 624.1501257419586, "time_since_restore": 624.1501257419586, "timesteps_since_restore": 0, "iterations_since_restore": 14, "timers/sample_time_ms": 1555.12, "timers/sample_throughput": 3601.008, "timers/learn_time_ms": 42686.412, "timers/learn_throughput": 131.189, "timers/update_time_ms": 8.789, "info/num_steps_sampled": 78400, "info/num_steps_trained": 78400, "perf/cpu_util_percent": 18.298387096774192, "perf/ram_util_percent": 2.9000000000000004, "info/learner/default_policy/allreduce_latency": 0.0, "info/learner/default_policy/cur_kl_coeff": 0.3000000000000001, "info/learner/default_policy/cur_lr": 5.0000000000000016e-05, "info/learner/default_policy/total_loss": 32.4787322120233, "info/learner/default_policy/policy_loss": -0.061384024818173864, "info/learner/default_policy/vf_loss": 32.535624791275374, "info/learner/default_policy/vf_explained_var": 0.9595022201538086, "info/learner/default_policy/kl": 0.014972922307523813, "info/learner/default_policy/entropy": 0.9228795536539771, "info/learner/default_policy/entropy_coeff": 0.0, "_step": 13, "_runtime": 631, "_timestamp": 1601913996, "custom_metrics/time_step_mean": 2786.1428571428573, "custom_metrics/time_step_min": 0, "custom_metrics/time_step_max": 3978, "sampler_perf/mean_env_wait_ms": 1.3446970724542924, "sampler_perf/mean_raw_obs_processing_ms": 0.2538694612239769, "sampler_perf/mean_inference_ms": 1.921434937845555, "sampler_perf/mean_action_processing_ms": 0.10116950348950421}