{"time_step_min": 3192.0, "_step": 5, "_runtime": 666, "_timestamp": 1602210725, "episode_reward_max": 284.79797979798, "episode_reward_min": 124.63636363636326, "episode_reward_mean": 231.14730373353774, "episodes_total": 1264, "training_iteration": 4}