{"time_step_min": 3190.0, "_step": 5, "_runtime": 641, "_timestamp": 1602178725, "episode_reward_max": 286.66666666666663, "episode_reward_min": 128.21212121212108, "episode_reward_mean": 234.24441407748358, "episodes_total": 3792, "training_iteration": 10}