{"episode_reward_max": 263.6060606060601, "episode_reward_min": 170.696969696969, "episode_reward_mean": 229.6630591630589, "episode_len_mean": 887.0714285714286, "episodes_this_iter": 7, "num_healthy_workers": 7, "timesteps_total": 12600, "episodes_total": 14, "training_iteration": 3, "timestamp": 1601910579, "time_this_iter_s": 301.25552225112915, "time_total_s": 875.1849205493927, "time_since_restore": 875.1849205493927, "timesteps_since_restore": 0, "iterations_since_restore": 3, "timers/sample_time_ms": 5140.021, "timers/sample_throughput": 817.117, "timers/learn_time_ms": 286506.234, "timers/learn_throughput": 14.659, "timers/update_time_ms": 19.648, "info/num_steps_sampled": 12600, "info/num_steps_trained": 12600, "perf/cpu_util_percent": 17.635483870967743, "perf/ram_util_percent": 3.5553349875930524, "info/learner/default_policy/allreduce_latency": 0.0, "info/learner/default_policy/cur_kl_coeff": 0.45000000000000007, "info/learner/default_policy/cur_lr": 0.0005, "info/learner/default_policy/total_loss": 220.29646347508287, "info/learner/default_policy/policy_loss": -0.19672330310850433, "info/learner/default_policy/vf_loss": 220.4739463112571, "info/learner/default_policy/vf_explained_var": 0.7847055196762085, "info/learner/default_policy/kl": 0.04298943981076732, "info/learner/default_policy/entropy": 1.0410466447021023, "info/learner/default_policy/entropy_coeff": 0.0001, "_step": 2, "_runtime": 877, "_timestamp": 1601910579, "custom_metrics/time_step_mean": 3533.6428571428573, "custom_metrics/time_step_min": 3307, "custom_metrics/time_step_max": 3925, "sampler_perf/mean_env_wait_ms": 0.6827281910713345, "sampler_perf/mean_raw_obs_processing_ms": 0.19087864452996214, "sampler_perf/mean_inference_ms": 5.757239763589237, "sampler_perf/mean_action_processing_ms": 0.08959892026427828}