{"time_step_min": 3076, "_step": 7, "_runtime": 624, "_timestamp": 1602518053, "time_step_max": 3996, "time_step_mean": 3366.973940629957, "episode_reward_max": 282.0000000000004, "episode_reward_min": 136.24242424242374, "episode_reward_mean": 234.8332890605311, "episodes_total": 4449, "training_iteration": 23}