{"time_step_min": 3110, "_step": 7, "_runtime": 625, "_timestamp": 1602455803, "time_step_max": 4145, "time_step_mean": 3418.8553266111353, "episode_reward_max": 297.6868686868688, "episode_reward_min": 137.98989898989845, "episode_reward_mean": 247.70248233973717, "episodes_total": 4590, "training_iteration": 24}