{"time_step_min": 3161, "_step": 7, "_runtime": 641, "_timestamp": 1602385480, "time_step_max": 4254, "time_step_mean": 3506.6379090522737, "episode_reward_max": 294.9595959595953, "episode_reward_min": 121.47474747474723, "episode_reward_mean": 235.42763205341944, "episodes_total": 2381, "training_iteration": 13}