{"time_step_min": 3235.0, "_step": 5, "_runtime": 164, "_timestamp": 1602165681, "episode_reward_max": 278.99999999999983, "episode_reward_min": 115.78787878787877, "episode_reward_mean": 226.6438076914266, "episodes_total": 882, "training_iteration": 5}