{"time_step_min": 3087.0, "_step": 5, "_runtime": 631, "_timestamp": 1602228290, "episode_reward_max": 296.44444444444457, "episode_reward_min": 110.79797979798, "episode_reward_mean": 243.3578692073836, "episodes_total": 2678, "training_iteration": 14}