{"episode_reward_max": 161.39393939393898, "episode_reward_min": 41.99999999999988, "episode_reward_mean": 114.99545454545432, "episode_len_mean": 701.319, "episodes_this_iter": 123, "num_healthy_workers": 80, "timesteps_total": 7360000, "episodes_total": 10293, "training_iteration": 100, "timestamp": 1606826191, "time_this_iter_s": 5.723823070526123, "time_total_s": 580.6403226852417, "time_since_restore": 580.6403226852417, "timesteps_since_restore": 0, "iterations_since_restore": 100, "custom_metrics/time_step_mean": 2558.6725, "custom_metrics/time_step_min": 2329, "custom_metrics/time_step_max": 2920, "sampler_perf/mean_env_wait_ms": 0.7630913367278153, "sampler_perf/mean_raw_obs_processing_ms": 0.23658941780761572, "sampler_perf/mean_inference_ms": 2.6846201095171685, "sampler_perf/mean_action_processing_ms": 0.11511201243216262, "timers/sample_time_ms": 4102.831, "timers/sample_throughput": 17938.834, "timers/load_time_ms": 166.449, "timers/load_throughput": 442178.375, "timers/learn_time_ms": 1392.807, "timers/learn_throughput": 52842.937, "timers/update_time_ms": 46.014, "info/num_steps_sampled": 7360000, "info/num_steps_trained": 7360000, "perf/cpu_util_percent": 61.51428571428571, "perf/ram_util_percent": 6.700000000000001, "perf/gpu_util_percent0": 0.1857142857142857, "perf/vram_util_percent0": 0.10831420137750082, "info/learner/default_policy/cur_kl_coeff": 6.179789623035576e-31, "info/learner/default_policy/cur_lr": 8.328265539603308e-05, "info/learner/default_policy/total_loss": 116.0804443359375, "info/learner/default_policy/policy_loss": -0.01027714367955923, "info/learner/default_policy/vf_loss": 171.3859100341797, "info/learner/default_policy/vf_explained_var": 0.9415943026542664, "info/learner/default_policy/kl": 0.004955587442964315, "info/learner/default_policy/entropy": 0.4557664096355438, "info/learner/default_policy/entropy_coeff": 0.007681948132812977, "_step": 99, "_runtime": 607, "_timestamp": 1606826191}