{"episode_reward_max": 272.90909090909054, "episode_reward_min": 191.7070707070705, "episode_reward_mean": 229.49278499278486, "episode_len_mean": 872.2142857142857, "episodes_this_iter": 7, "num_healthy_workers": 7, "timesteps_total": 12600, "episodes_total": 14, "training_iteration": 3, "timestamp": 1601910521, "time_this_iter_s": 285.05689811706543, "time_total_s": 844.570347070694, "time_since_restore": 844.570347070694, "timesteps_since_restore": 0, "iterations_since_restore": 3, "timers/sample_time_ms": 5405.42, "timers/sample_throughput": 776.998, "timers/learn_time_ms": 276045.02, "timers/learn_throughput": 15.215, "timers/update_time_ms": 12.518, "info/num_steps_sampled": 12600, "info/num_steps_trained": 12600, "perf/cpu_util_percent": 17.464921465968587, "perf/ram_util_percent": 3.566230366492147, "info/learner/default_policy/allreduce_latency": 0.0, "info/learner/default_policy/cur_kl_coeff": 0.6749999999999999, "info/learner/default_policy/cur_lr": 0.0005, "info/learner/default_policy/total_loss": 179.472336509011, "info/learner/default_policy/policy_loss": -0.1914976971844832, "info/learner/default_policy/vf_loss": 179.64034872344047, "info/learner/default_policy/vf_explained_var": 0.8173426985740662, "info/learner/default_policy/kl": 0.034795941672090325, "info/learner/default_policy/entropy": 1.058913857647867, "info/learner/default_policy/entropy_coeff": 0.0, "_step": 2, "_runtime": 846, "_timestamp": 1601910521, "custom_metrics/time_step_mean": 3534.714285714286, "custom_metrics/time_step_min": 3241, "custom_metrics/time_step_max": 3783, "sampler_perf/mean_env_wait_ms": 0.691906060869986, "sampler_perf/mean_raw_obs_processing_ms": 0.18972131312909843, "sampler_perf/mean_inference_ms": 5.848285806336986, "sampler_perf/mean_action_processing_ms": 0.09002934749839017}