{"episode_reward_max": 130.88888888888863, "episode_reward_min": 3.212121212121044, "episode_reward_mean": 81.86101010100991, "episode_len_mean": 768.538, "episodes_this_iter": 240, "num_healthy_workers": 80, "timesteps_total": 3742945, "episodes_total": 4800, "training_iteration": 20, "timestamp": 1606827461, "time_this_iter_s": 30.416616439819336, "time_total_s": 607.3699929714203, "time_since_restore": 607.3699929714203, "timesteps_since_restore": 0, "iterations_since_restore": 20, "custom_metrics/time_step_mean": 2723.3325, "custom_metrics/time_step_min": 2480, "custom_metrics/time_step_max": 3034, "sampler_perf/mean_env_wait_ms": 2.7491465196245404, "sampler_perf/mean_raw_obs_processing_ms": 0.7560822920342746, "sampler_perf/mean_inference_ms": 6.439387820390581, "sampler_perf/mean_action_processing_ms": 0.29038958964383926, "timers/sample_time_ms": 8755.202, "timers/sample_throughput": 21129.906, "timers/load_time_ms": 436.872, "timers/load_throughput": 423456.816, "timers/learn_time_ms": 20900.515, "timers/learn_throughput": 8851.294, "timers/update_time_ms": 59.886, "info/num_steps_sampled": 3742945, "info/num_steps_trained": 3742945, "perf/cpu_util_percent": 29.77777777777778, "perf/ram_util_percent": 8.300000000000002, "perf/gpu_util_percent0": 0.5983333333333332, "perf/vram_util_percent0": 0.19260413250245983, "info/learner/default_policy/cur_kl_coeff": 7.37761013169802e-07, "info/learner/default_policy/cur_lr": 0.00012165524822194129, "info/learner/default_policy/total_loss": 248.95822143554688, "info/learner/default_policy/policy_loss": -0.038010988384485245, "info/learner/default_policy/vf_loss": 267.7645263671875, "info/learner/default_policy/vf_explained_var": 0.8730291724205017, "info/learner/default_policy/kl": 0.012511865235865116, "info/learner/default_policy/entropy": 0.7069931030273438, "info/learner/default_policy/entropy_coeff": 0.0061656879261136055, "_step": 19, "_runtime": 629, "_timestamp": 1606827461}