{"time_step_min": 3070.0, "_step": 5, "_runtime": 627, "_timestamp": 1602213331, "episode_reward_max": 299.28282828282863, "episode_reward_min": 115.78787878787877, "episode_reward_mean": 243.17500677270775, "episodes_total": 2610, "training_iteration": 14}