{"time_step_min": 3164, "_step": 7, "_runtime": 645, "_timestamp": 1602451318, "time_step_max": 4215, "time_step_mean": 3477.0257903494175, "episode_reward_max": 290.1111111111111, "episode_reward_min": 114.80808080808109, "episode_reward_mean": 239.63792854244136, "episodes_total": 3634, "training_iteration": 19}