{"time_step_min": 3176.0, "_step": 5, "_runtime": 631, "_timestamp": 1602169648, "episode_reward_max": 285.2929292929296, "episode_reward_min": 115.78787878787877, "episode_reward_mean": 235.13620381025441, "episodes_total": 2844, "training_iteration": 15}