{"episode_reward_max": 263.4747474747477, "episode_reward_min": 186.68686868686885, "episode_reward_mean": 217.20634920634913, "episode_len_mean": 890.7428571428571, "episodes_this_iter": 7, "num_healthy_workers": 7, "timesteps_total": 33600, "episodes_total": 35, "training_iteration": 8, "timestamp": 1601909067, "time_this_iter_s": 80.06045842170715, "time_total_s": 642.1893653869629, "time_since_restore": 642.1893653869629, "timesteps_since_restore": 0, "iterations_since_restore": 8, "timers/sample_time_ms": 2687.733, "timers/sample_throughput": 1562.655, "timers/learn_time_ms": 77548.976, "timers/learn_throughput": 54.159, "timers/update_time_ms": 7.611, "info/num_steps_sampled": 33600, "info/num_steps_trained": 33600, "perf/cpu_util_percent": 19.02018348623853, "perf/ram_util_percent": 2.9743119266055045, "info/learner/default_policy/allreduce_latency": 0.0, "info/learner/default_policy/cur_kl_coeff": 3.4171875000000003, "info/learner/default_policy/cur_lr": 0.0005, "info/learner/default_policy/total_loss": 32.36612415313721, "info/learner/default_policy/policy_loss": -0.09201728942042048, "info/learner/default_policy/vf_loss": 32.41803056543524, "info/learner/default_policy/vf_explained_var": 0.9785552620887756, "info/learner/default_policy/kl": 0.01173816847078728, "info/learner/default_policy/entropy": 0.9189206199212507, "info/learner/default_policy/entropy_coeff": 0.0, "_step": 7, "_runtime": 647, "_timestamp": 1601909070, "custom_metrics/time_step_mean": 3616.542857142857, "custom_metrics/time_step_min": 3304, "custom_metrics/time_step_max": 3820, "sampler_perf/mean_env_wait_ms": 0.7163386988145112, "sampler_perf/mean_raw_obs_processing_ms": 0.17511191638355542, "sampler_perf/mean_inference_ms": 2.726584100696719, "sampler_perf/mean_action_processing_ms": 0.08342413377114144}