{"time_step_min": 3038, "_step": 7, "_runtime": 624, "_timestamp": 1602507080, "time_step_max": 4248, "time_step_mean": 3430.409991197183, "episode_reward_max": 290.0808080808085, "episode_reward_min": 103.86868686868668, "episode_reward_mean": 230.49811956315654, "episodes_total": 4582, "training_iteration": 24}