{"episode_reward_max": 254.30303030303017, "episode_reward_min": 133.0606060606059, "episode_reward_mean": 216.96584896584872, "episode_len_mean": 885.9761904761905, "episodes_this_iter": 14, "num_healthy_workers": 7, "timesteps_total": 78400, "episodes_total": 84, "training_iteration": 14, "timestamp": 1601914117, "time_this_iter_s": 44.72355914115906, "time_total_s": 626.246520280838, "time_since_restore": 626.246520280838, "timesteps_since_restore": 0, "iterations_since_restore": 14, "timers/sample_time_ms": 1539.994, "timers/sample_throughput": 3636.377, "timers/learn_time_ms": 43036.485, "timers/learn_throughput": 130.122, "timers/update_time_ms": 9.169, "info/num_steps_sampled": 78400, "info/num_steps_trained": 78400, "perf/cpu_util_percent": 18.97213114754098, "perf/ram_util_percent": 2.9721311475409835, "info/learner/default_policy/allreduce_latency": 0.0, "info/learner/default_policy/cur_kl_coeff": 3.417187500000001, "info/learner/default_policy/cur_lr": 0.0005, "info/learner/default_policy/total_loss": 7.626976923509077, "info/learner/default_policy/policy_loss": -0.10953061825818043, "info/learner/default_policy/vf_loss": 7.694502998482097, "info/learner/default_policy/vf_explained_var": 0.9962141513824463, "info/learner/default_policy/kl": 0.012292121177200566, "info/learner/default_policy/entropy": 0.99004212428223, "info/learner/default_policy/entropy_coeff": 0.0, "_step": 13, "_runtime": 629, "_timestamp": 1601914117, "custom_metrics/time_step_mean": 2538.1071428571427, "custom_metrics/time_step_min": 0, "custom_metrics/time_step_max": 4167, "sampler_perf/mean_env_wait_ms": 1.2983677030132406, "sampler_perf/mean_raw_obs_processing_ms": 0.2453175347455788, "sampler_perf/mean_inference_ms": 1.8515688406191078, "sampler_perf/mean_action_processing_ms": 0.09975123206296355}