{"episode_reward_max": 274.24242424242425, "episode_reward_min": 150.78787878787838, "episode_reward_mean": 225.98400673400656, "episode_len_mean": 870.6428571428571, "episodes_this_iter": 7, "num_healthy_workers": 7, "timesteps_total": 75600, "episodes_total": 84, "training_iteration": 18, "timestamp": 1601907146, "time_this_iter_s": 34.166438817977905, "time_total_s": 615.106603384018, "time_since_restore": 615.106603384018, "timesteps_since_restore": 0, "iterations_since_restore": 18, "timers/sample_time_ms": 1788.007, "timers/sample_throughput": 2348.985, "timers/learn_time_ms": 32216.317, "timers/learn_throughput": 130.369, "timers/update_time_ms": 7.035, "info/num_steps_sampled": 75600, "info/num_steps_trained": 75600, "perf/cpu_util_percent": 22.040425531914895, "perf/ram_util_percent": 2.674468085106383, "info/learner/default_policy/allreduce_latency": 0.0, "info/learner/default_policy/cur_kl_coeff": 1.7085937500000001, "info/learner/default_policy/cur_lr": 0.0001, "info/learner/default_policy/total_loss": 7.754035913583004, "info/learner/default_policy/policy_loss": -0.08778777255704909, "info/learner/default_policy/vf_loss": 7.819038268291589, "info/learner/default_policy/vf_explained_var": 0.991685688495636, "info/learner/default_policy/kl": 0.013385481455109337, "info/learner/default_policy/entropy": 0.8500786279187058, "info/learner/default_policy/entropy_coeff": 0.0001, "_step": 17, "_runtime": 619, "_timestamp": 1601907147, "custom_metrics/time_step_mean": 3557.6071428571427, "custom_metrics/time_step_min": 3237, "custom_metrics/time_step_max": 4050, "sampler_perf/mean_env_wait_ms": 0.716116838230896, "sampler_perf/mean_raw_obs_processing_ms": 0.15124671890993963, "sampler_perf/mean_inference_ms": 1.7036878829521487, "sampler_perf/mean_action_processing_ms": 0.07194593310625755}