{"time_step_min": 3245, "_step": 7, "_runtime": 643, "_timestamp": 1602416658, "time_step_max": 4278, "time_step_mean": 3619.9643705463177, "episode_reward_max": 276.0202020202016, "episode_reward_min": 117.83838383838362, "episode_reward_mean": 217.23367287502285, "episodes_total": 2133, "training_iteration": 9}