{"episode_reward_max": 261.31313131313095, "episode_reward_min": 173.2121212121211, "episode_reward_mean": 228.21212121212105, "episode_len_mean": 883.7142857142857, "episodes_this_iter": 7, "num_healthy_workers": 7, "timesteps_total": 12600, "episodes_total": 14, "training_iteration": 3, "timestamp": 1601911114, "time_this_iter_s": 264.00047039985657, "time_total_s": 789.25723528862, "time_since_restore": 789.25723528862, "timesteps_since_restore": 0, "iterations_since_restore": 3, "timers/sample_time_ms": 5015.297, "timers/sample_throughput": 837.438, "timers/learn_time_ms": 258009.835, "timers/learn_throughput": 16.278, "timers/update_time_ms": 12.944, "info/num_steps_sampled": 12600, "info/num_steps_trained": 12600, "perf/cpu_util_percent": 17.134659090909093, "perf/ram_util_percent": 3.591193181818183, "info/learner/default_policy/allreduce_latency": 0.0, "info/learner/default_policy/cur_kl_coeff": 0.22500000000000003, "info/learner/default_policy/cur_lr": 0.0001, "info/learner/default_policy/total_loss": 201.453105579723, "info/learner/default_policy/policy_loss": -0.18856403609794198, "info/learner/default_policy/vf_loss": 201.63090191465434, "info/learner/default_policy/vf_explained_var": 0.8111054301261902, "info/learner/default_policy/kl": 0.04786551890499664, "info/learner/default_policy/entropy": 0.9854401639013579, "info/learner/default_policy/entropy_coeff": 0.0, "_step": 2, "_runtime": 792, "_timestamp": 1601911114, "custom_metrics/time_step_mean": 3541.285714285714, "custom_metrics/time_step_min": 3324, "custom_metrics/time_step_max": 3902, "sampler_perf/mean_env_wait_ms": 0.6853190143430072, "sampler_perf/mean_raw_obs_processing_ms": 0.18676160521531773, "sampler_perf/mean_inference_ms": 5.607262324188707, "sampler_perf/mean_action_processing_ms": 0.08807679275713512}