{"episode_reward_max": 277.71717171717205, "episode_reward_min": 175.03030303030303, "episode_reward_mean": 232.40704665704652, "episode_len_mean": 863.9880952380952, "episodes_this_iter": 4, "num_healthy_workers": 7, "timesteps_total": 78400, "episodes_total": 84, "training_iteration": 14, "timestamp": 1601914679, "time_this_iter_s": 44.58415222167969, "time_total_s": 627.1863169670105, "time_since_restore": 627.1863169670105, "timesteps_since_restore": 0, "iterations_since_restore": 14, "timers/sample_time_ms": 1554.035, "timers/sample_throughput": 3603.523, "timers/learn_time_ms": 42959.68, "timers/learn_throughput": 130.355, "timers/update_time_ms": 6.825, "info/num_steps_sampled": 78400, "info/num_steps_trained": 78400, "perf/cpu_util_percent": 19.11803278688525, "perf/ram_util_percent": 2.986885245901639, "info/learner/default_policy/allreduce_latency": 0.0, "info/learner/default_policy/cur_kl_coeff": 1.51875, "info/learner/default_policy/cur_lr": 0.00010000000000000003, "info/learner/default_policy/total_loss": 1.979854385961186, "info/learner/default_policy/policy_loss": -0.11201680927876044, "info/learner/default_policy/vf_loss": 2.068458142605695, "info/learner/default_policy/vf_explained_var": 0.980830729007721, "info/learner/default_policy/kl": 0.015416011193089864, "info/learner/default_policy/entropy": 0.9218918735330756, "info/learner/default_policy/entropy_coeff": 0.0, "_step": 13, "_runtime": 636, "_timestamp": 1601914679, "custom_metrics/time_step_mean": 2659.964285714286, "custom_metrics/time_step_min": 0, "custom_metrics/time_step_max": 3733, "sampler_perf/mean_env_wait_ms": 1.32578612176446, "sampler_perf/mean_raw_obs_processing_ms": 0.2436402490734379, "sampler_perf/mean_inference_ms": 1.8493752302913609, "sampler_perf/mean_action_processing_ms": 0.09770049663633354}