{"time_step_min": 3233, "_step": 7, "_runtime": 623, "_timestamp": 1602373276, "time_step_max": 4306, "time_step_mean": 3551.1057750759883, "episode_reward_max": 278.14141414141443, "episode_reward_min": 113.59595959595949, "episode_reward_mean": 228.57513653716185, "episodes_total": 3318, "training_iteration": 17}