{"time_step_min": 3226, "_step": 7, "_runtime": 638, "_timestamp": 1602366870, "time_step_max": 4168, "time_step_mean": 3573.3940129449843, "episode_reward_max": 277.232323232323, "episode_reward_min": 134.5050505050507, "episode_reward_mean": 224.75006393044356, "episodes_total": 1264, "training_iteration": 7}