{"episode_reward_max": 266.6767676767667, "episode_reward_min": 165.1010101010102, "episode_reward_mean": 214.04810004809985, "episode_len_mean": 905.8214285714286, "episodes_this_iter": 14, "num_healthy_workers": 7, "timesteps_total": 78400, "episodes_total": 84, "training_iteration": 14, "timestamp": 1601914133, "time_this_iter_s": 43.85764217376709, "time_total_s": 617.3980951309204, "time_since_restore": 617.3980951309204, "timesteps_since_restore": 0, "iterations_since_restore": 14, "timers/sample_time_ms": 1577.973, "timers/sample_throughput": 3548.858, "timers/learn_time_ms": 42123.411, "timers/learn_throughput": 132.943, "timers/update_time_ms": 8.245, "info/num_steps_sampled": 78400, "info/num_steps_trained": 78400, "perf/cpu_util_percent": 19.127868852459017, "perf/ram_util_percent": 2.9311475409836074, "info/learner/default_policy/allreduce_latency": 0.0, "info/learner/default_policy/cur_kl_coeff": 3.417187500000001, "info/learner/default_policy/cur_lr": 0.0005, "info/learner/default_policy/total_loss": 21.17028125849637, "info/learner/default_policy/policy_loss": -0.10857968428172171, "info/learner/default_policy/vf_loss": 21.234053525057707, "info/learner/default_policy/vf_explained_var": 0.9909835457801819, "info/learner/default_policy/kl": 0.01311228274029087, "info/learner/default_policy/entropy": 0.8772532885724847, "info/learner/default_policy/entropy_coeff": 0.0, "_step": 13, "_runtime": 626, "_timestamp": 1601914133, "custom_metrics/time_step_mean": 2659.7738095238096, "custom_metrics/time_step_min": 0, "custom_metrics/time_step_max": 3950, "sampler_perf/mean_env_wait_ms": 1.3131710308945101, "sampler_perf/mean_raw_obs_processing_ms": 0.2509826177995579, "sampler_perf/mean_inference_ms": 1.897267288720774, "sampler_perf/mean_action_processing_ms": 0.10137292792508733}