{"time_step_min": 2911, "_step": 7, "_runtime": 3658, "_timestamp": 1602656254, "time_step_max": 3906, "time_step_mean": 3142.6615231458436, "episode_reward_max": 322.949494949495, "episode_reward_min": 165.67676767676747, "episode_reward_mean": 287.45032480089657, "episodes_total": 28154, "training_iteration": 137}