{"time_step_min": 3176, "_step": 7, "_runtime": 617, "_timestamp": 1602370704, "time_step_max": 4180, "time_step_mean": 3525.1963457076567, "episode_reward_max": 284.80808080808066, "episode_reward_min": 132.68686868686845, "episode_reward_mean": 231.7004510002208, "episodes_total": 3476, "training_iteration": 18}