{"time_step_min": 3008, "_step": 7, "_runtime": 632, "_timestamp": 1602524620, "time_step_max": 4172, "time_step_mean": 3357.250425170068, "episode_reward_max": 288.969696969697, "episode_reward_min": 112.60606060606048, "episode_reward_mean": 235.86191024165703, "episodes_total": 4740, "training_iteration": 24}