{"time_step_min": 3244, "_step": 7, "_runtime": 639, "_timestamp": 1602333963, "time_step_max": 4054, "time_step_mean": 3607.628472222222, "episode_reward_max": 274.5050505050503, "episode_reward_min": 76.77777777777783, "episode_reward_mean": 218.26464007160183, "episodes_total": 316, "training_iteration": 2}