{"episode_reward_max": 281.67676767676744, "episode_reward_min": 184.78787878787867, "episode_reward_mean": 230.06673881673865, "episode_len_mean": 871.8809523809524, "episodes_this_iter": 7, "num_healthy_workers": 7, "timesteps_total": 75600, "episodes_total": 84, "training_iteration": 18, "timestamp": 1601907114, "time_this_iter_s": 33.6958544254303, "time_total_s": 609.1988122463226, "time_since_restore": 609.1988122463226, "timesteps_since_restore": 0, "iterations_since_restore": 18, "timers/sample_time_ms": 1790.057, "timers/sample_throughput": 2346.294, "timers/learn_time_ms": 31809.981, "timers/learn_throughput": 132.034, "timers/update_time_ms": 7.938, "info/num_steps_sampled": 75600, "info/num_steps_trained": 75600, "perf/cpu_util_percent": 20.321739130434782, "perf/ram_util_percent": 2.778260869565217, "info/learner/default_policy/allreduce_latency": 0.0, "info/learner/default_policy/cur_kl_coeff": 1.5187499999999998, "info/learner/default_policy/cur_lr": 0.0001, "info/learner/default_policy/total_loss": 19.7353240070921, "info/learner/default_policy/policy_loss": -0.07706835648665826, "info/learner/default_policy/vf_loss": 19.79488028901996, "info/learner/default_policy/vf_explained_var": 0.9818257689476013, "info/learner/default_policy/kl": 0.011530630121176893, "info/learner/default_policy/entropy": 0.8502554460005327, "info/learner/default_policy/entropy_coeff": 0.0, "_step": 17, "_runtime": 612, "_timestamp": 1601907114, "custom_metrics/time_step_mean": 3530.7738095238096, "custom_metrics/time_step_min": 3184, "custom_metrics/time_step_max": 3836, "sampler_perf/mean_env_wait_ms": 0.7229498290100421, "sampler_perf/mean_raw_obs_processing_ms": 0.15372768614975993, "sampler_perf/mean_inference_ms": 1.7438798750032731, "sampler_perf/mean_action_processing_ms": 0.0722923207330057}