{"time_step_min": 3197.0, "_step": 5, "_runtime": 636, "_timestamp": 1602200326, "episode_reward_max": 280.85858585858523, "episode_reward_min": 115.78787878787877, "episode_reward_mean": 227.09346630865602, "episodes_total": 316, "training_iteration": 2}