{"episode_reward_max": 301.02020202020174, "episode_reward_min": 193.44444444444377, "episode_reward_mean": 261.41626262626227, "episode_len_mean": 899.828, "episodes_this_iter": 240, "num_healthy_workers": 80, "timesteps_total": 5368108, "episodes_total": 6000, "training_iteration": 25, "timestamp": 1606755405, "time_this_iter_s": 25.855878829956055, "time_total_s": 597.1410562992096, "time_since_restore": 597.1410562992096, "timesteps_since_restore": 0, "iterations_since_restore": 25, "custom_metrics/time_step_mean": 3327.238, "custom_metrics/time_step_min": 3100, "custom_metrics/time_step_max": 3673, "sampler_perf/mean_env_wait_ms": 1.9885176919781251, "sampler_perf/mean_raw_obs_processing_ms": 0.5214288902606704, "sampler_perf/mean_inference_ms": 5.030135295130285, "sampler_perf/mean_action_processing_ms": 0.20779419067489097, "timers/sample_time_ms": 12020.905, "timers/sample_throughput": 17904.21, "timers/load_time_ms": 799.525, "timers/load_throughput": 269190.8, "timers/learn_time_ms": 10840.048, "timers/learn_throughput": 19854.598, "timers/update_time_ms": 43.521, "info/num_steps_sampled": 5368108, "info/num_steps_trained": 5368108, "perf/cpu_util_percent": 56.52068965517242, "perf/ram_util_percent": 7.579310344827585, "perf/gpu_util_percent0": 0.34689655172413797, "perf/vram_util_percent0": 0.20277140045916686, "info/learner/default_policy/cur_kl_coeff": 2.8798368134630437e-08, "info/learner/default_policy/cur_lr": 8.197631541406736e-05, "info/learner/default_policy/total_loss": 119.32647705078125, "info/learner/default_policy/policy_loss": -0.02532573975622654, "info/learner/default_policy/vf_loss": 142.6081085205078, "info/learner/default_policy/vf_explained_var": 0.9836477041244507, "info/learner/default_policy/kl": 0.01310382504016161, "info/learner/default_policy/entropy": 0.8444616198539734, "info/learner/default_policy/entropy_coeff": 0.0033143467735499144, "_step": 24, "_runtime": 617, "_timestamp": 1606755405}