{"episode_reward_max": 310.86868686868627, "episode_reward_min": 203.1414141414141, "episode_reward_mean": 261.9897474747473, "episode_len_mean": 821.235, "episodes_this_iter": 99, "num_healthy_workers": 11, "timesteps_total": 3445506, "episodes_total": 4047, "training_iteration": 41, "timestamp": 1605845494, "time_this_iter_s": 31.311961889266968, "time_total_s": 1456.8303592205048, "time_since_restore": 1456.8303592205048, "timesteps_since_restore": 0, "iterations_since_restore": 41, "custom_metrics/time_step_mean": 3322.808, "custom_metrics/time_step_min": 3076, "custom_metrics/time_step_max": 3715, "sampler_perf/mean_env_wait_ms": 4.279398938580856, "sampler_perf/mean_raw_obs_processing_ms": 1.0288590605304466, "sampler_perf/mean_inference_ms": 9.469695815252914, "sampler_perf/mean_action_processing_ms": 0.296413617022972, "timers/sample_time_ms": 18701.665, "timers/sample_throughput": 4346.303, "timers/learn_time_ms": 15751.755, "timers/learn_throughput": 5160.257, "timers/update_time_ms": 10.926, "info/num_steps_sampled": 3445506, "info/num_steps_trained": 3445506, "perf/cpu_util_percent": 45.925, "perf/ram_util_percent": 21.1325, "perf/gpu_util_percent0": 0.33375000000000005, "perf/vram_util_percent0": 0.6120894422147596, "info/learner/default_policy/allreduce_latency": 0.0, "info/learner/default_policy/cur_kl_coeff": 2.6565549014038396e-13, "info/learner/default_policy/cur_lr": 0.0001384070400904588, "info/learner/default_policy/total_loss": 3.192828917503357, "info/learner/default_policy/policy_loss": -0.035767795890569686, "info/learner/default_policy/vf_loss": 5.790559387207031, "info/learner/default_policy/vf_explained_var": 0.999319851398468, "info/learner/default_policy/kl": 0.023183629848062992, "info/learner/default_policy/entropy": 0.6434504866600037, "info/learner/default_policy/entropy_coeff": 0.000759388365477132, "_step": 40, "_runtime": 1477, "_timestamp": 1605845494}