{"time_step_min": 3135.0, "_step": 5, "_runtime": 638, "_timestamp": 1602218533, "episode_reward_max": 288.6464646464646, "episode_reward_min": 115.78787878787877, "episode_reward_mean": 236.16356055683528, "episodes_total": 2052, "training_iteration": 11}