{"time_step_min": 2924, "_step": 7, "_runtime": 3677, "_timestamp": 1602626799, "time_step_max": 4459, "time_step_mean": 3175.475183691111, "episode_reward_max": 308.41414141414117, "episode_reward_min": 74.77777777777752, "episode_reward_mean": 269.41611314933374, "episodes_total": 27802, "training_iteration": 137}