{"time_step_min": 3239, "_step": 7, "_runtime": 631, "_timestamp": 1602517418, "time_step_max": 4503, "time_step_mean": 3561.0428015564203, "episode_reward_max": 299.2929292929294, "episode_reward_min": 107.32323232323165, "episode_reward_mean": 249.94563241671196, "episodes_total": 4668, "training_iteration": 24}