{"time_step_min": 3235, "_step": 7, "_runtime": 669, "_timestamp": 1602281331, "time_step_max": 4088, "time_step_mean": 3538.6769788182837, "episode_reward_max": 282.6868686868688, "episode_reward_min": 124.50505050505032, "episode_reward_mean": 230.44446841836063, "episodes_total": 3792, "training_iteration": 7}