{"time_step_min": 3141, "_step": 7, "_runtime": 628, "_timestamp": 1602441022, "time_step_max": 4085, "time_step_mean": 3455.25, "episode_reward_max": 290.41414141414134, "episode_reward_min": 104.20202020202, "episode_reward_mean": 242.59249792760426, "episodes_total": 3948, "training_iteration": 20}