{"time_step_min": 3121.0, "_step": 5, "_runtime": 648, "_timestamp": 1602236649, "episode_reward_max": 295.4242424242425, "episode_reward_min": 125.63636363636346, "episode_reward_mean": 248.56989853862515, "episodes_total": 5372, "training_iteration": 14}