{"time_step_min": 3151, "_step": 7, "_runtime": 621, "_timestamp": 1602451951, "time_step_max": 4093, "time_step_mean": 3446.563466787989, "episode_reward_max": 290.717171717172, "episode_reward_min": 141.47474747474692, "episode_reward_mean": 243.68281367015538, "episodes_total": 4424, "training_iteration": 23}