{"episode_reward_max": 259.9595959595956, "episode_reward_min": -8.525252525252844, "episode_reward_mean": 152.63803030303004, "episode_len_mean": 907.8146666666667, "episodes_this_iter": 687, "num_healthy_workers": 80, "timesteps_total": 16949520, "episodes_total": 20085, "training_iteration": 52, "timestamp": 1606690170, "time_this_iter_s": 19.00588893890381, "time_total_s": 592.3706202507019, "time_since_restore": 592.3706202507019, "timesteps_since_restore": 0, "iterations_since_restore": 52, "custom_metrics/time_step_mean": 4082.4713333333334, "custom_metrics/time_step_min": 3351, "custom_metrics/time_step_max": 5034, "sampler_perf/mean_env_wait_ms": 4.037212535488472, "sampler_perf/mean_raw_obs_processing_ms": 0.7927050331780793, "sampler_perf/mean_inference_ms": 4.287293518195173, "sampler_perf/mean_action_processing_ms": 0.24211320796964036, "timers/sample_time_ms": 153.635, "timers/sample_throughput": 184332.428, "info/num_steps_sampled": 16949520, "info/num_weight_broadcasts": 229, "info/num_steps_trained": 23250720, "perf/cpu_util_percent": 74.62727272727273, "perf/ram_util_percent": 10.381818181818183, "perf/gpu_util_percent0": 0.08636363636363636, "perf/vram_util_percent0": 0.14307969826172512, "info/learner_queue/size_count": 839, "info/learner_queue/size_mean": 9.6, "info/learner_queue/size_std": 5.71314274283428, "info/timing_breakdown/learner_grad_time_ms": 361.438, "info/timing_breakdown/learner_load_time_ms": 0.0, "info/timing_breakdown/learner_load_wait_time_ms": 0.0, "info/timing_breakdown/learner_dequeue_time_ms": 0.044, "info/learner/default_policy/allreduce_latency": 0.0, "info/learner/default_policy/grad_gnorm": 18277384192.0, "info/learner/default_policy/cur_lr": 0.0002546560652456711, "info/learner/default_policy/policy_loss": -33008.09375, "info/learner/default_policy/entropy": 187.6185302734375, "info/learner/default_policy/entropy_coeff": 2.5857420551570998e-05, "info/learner/default_policy/var_gnorm": 141.9730682373047, "info/learner/default_policy/vf_loss": 113066852352.0, "info/learner/default_policy/vf_explained_var": 0.9623959064483643, "_step": 51, "_runtime": 614, "_timestamp": 1606690171}