{"time_step_min": 3115, "_step": 7, "_runtime": 628, "_timestamp": 1602252600, "time_step_max": 3869, "time_step_mean": 3428.6195468380115, "episode_reward_max": 294.05050505050497, "episode_reward_min": 155.41414141414134, "episode_reward_mean": 246.92317978046557, "episodes_total": 2999, "training_iteration": 10}