{"time_step_min": 3133.0, "_step": 5, "_runtime": 667, "_timestamp": 1602238614, "episode_reward_max": 288.98989898989936, "episode_reward_min": 105.93939393939384, "episode_reward_mean": 229.9990730085665, "episodes_total": 1264, "training_iteration": 4}