{"episode_reward_max": 264.35353535353545, "episode_reward_min": 131.17171717171718, "episode_reward_mean": 224.56292929292925, "episode_len_mean": 813.57, "episodes_this_iter": 99, "num_healthy_workers": 11, "timesteps_total": 3311779, "episodes_total": 4070, "training_iteration": 41, "timestamp": 1605827942, "time_this_iter_s": 30.578617095947266, "time_total_s": 1405.718073606491, "time_since_restore": 1405.718073606491, "timesteps_since_restore": 0, "iterations_since_restore": 41, "custom_metrics/time_step_mean": 3605.792, "custom_metrics/time_step_min": 3401, "custom_metrics/time_step_max": 4190, "sampler_perf/mean_env_wait_ms": 4.651519645198462, "sampler_perf/mean_raw_obs_processing_ms": 1.0428098622628146, "sampler_perf/mean_inference_ms": 9.49105981160241, "sampler_perf/mean_action_processing_ms": 0.29856303211309626, "timers/sample_time_ms": 18338.67, "timers/sample_throughput": 4392.162, "timers/learn_time_ms": 15464.328, "timers/learn_throughput": 5208.529, "timers/update_time_ms": 12.824, "info/num_steps_sampled": 3311779, "info/num_steps_trained": 3311779, "perf/cpu_util_percent": 48.52307692307692, "perf/ram_util_percent": 21.05897435897436, "perf/gpu_util_percent0": 0.3694871794871795, "perf/vram_util_percent0": 0.6120894422147597, "info/learner/default_policy/allreduce_latency": 0.0, "info/learner/default_policy/cur_kl_coeff": 1.9168214244777803e-13, "info/learner/default_policy/cur_lr": 0.0003377263981649368, "info/learner/default_policy/total_loss": 0.6985412538051605, "info/learner/default_policy/policy_loss": -0.09640243873000146, "info/learner/default_policy/vf_loss": 1.2117012739181519, "info/learner/default_policy/vf_explained_var": 0.9995091557502747, "info/learner/default_policy/kl": 0.04652482606470585, "info/learner/default_policy/entropy": 0.4270441770553589, "info/learner/default_policy/entropy_coeff": 0.000624062167413519, "_step": 40, "_runtime": 1423, "_timestamp": 1605827942}