{"episode_reward_max": 256.23232323232304, "episode_reward_min": 167.4545454545449, "episode_reward_mean": 223.0609668109666, "episode_len_mean": 897.9642857142857, "episodes_this_iter": 0, "num_healthy_workers": 7, "timesteps_total": 33600, "episodes_total": 28, "training_iteration": 6, "timestamp": 1601916053, "time_this_iter_s": 108.64877510070801, "time_total_s": 662.6202335357666, "time_since_restore": 662.6202335357666, "timesteps_since_restore": 0, "iterations_since_restore": 6, "timers/sample_time_ms": 2352.271, "timers/sample_throughput": 2380.678, "timers/learn_time_ms": 108039.938, "timers/learn_throughput": 51.833, "timers/update_time_ms": 8.763, "info/num_steps_sampled": 33600, "info/num_steps_trained": 33600, "perf/cpu_util_percent": 18.51891891891892, "perf/ram_util_percent": 3.0635135135135134, "info/learner/default_policy/allreduce_latency": 0.0, "info/learner/default_policy/cur_kl_coeff": 0.6749999999999999, "info/learner/default_policy/cur_lr": 5.0000000000000016e-05, "info/learner/default_policy/total_loss": 13.327892130071467, "info/learner/default_policy/policy_loss": -0.13552571507170796, "info/learner/default_policy/vf_loss": 13.450646411288869, "info/learner/default_policy/vf_explained_var": 0.8534814715385437, "info/learner/default_policy/kl": 0.019079986240037462, "info/learner/default_policy/entropy": 1.0739832466298884, "info/learner/default_policy/entropy_coeff": 0.00010000000000000003, "_step": 5, "_runtime": 666, "_timestamp": 1601916054, "custom_metrics/time_step_mean": 2294.714285714286, "custom_metrics/time_step_min": 0, "custom_metrics/time_step_max": 3940, "sampler_perf/mean_env_wait_ms": 1.275106358086433, "sampler_perf/mean_raw_obs_processing_ms": 0.266468717786886, "sampler_perf/mean_inference_ms": 2.8787779659402792, "sampler_perf/mean_action_processing_ms": 0.10774875558932233}