{"episode_reward_max": 266.62626262626253, "episode_reward_min": 119.35353535353553, "episode_reward_mean": 225.3288383838383, "episode_len_mean": 816.671, "episodes_this_iter": 99, "num_healthy_workers": 11, "timesteps_total": 3252266, "episodes_total": 4009, "training_iteration": 40, "timestamp": 1605841115, "time_this_iter_s": 36.15490984916687, "time_total_s": 1436.5922541618347, "time_since_restore": 1436.5922541618347, "timesteps_since_restore": 0, "iterations_since_restore": 40, "custom_metrics/time_step_mean": 3558.021, "custom_metrics/time_step_min": 3361, "custom_metrics/time_step_max": 3918, "sampler_perf/mean_env_wait_ms": 4.651541808852188, "sampler_perf/mean_raw_obs_processing_ms": 1.0288893387921252, "sampler_perf/mean_inference_ms": 9.33705487434204, "sampler_perf/mean_action_processing_ms": 0.2946842269869388, "timers/sample_time_ms": 20266.885, "timers/sample_throughput": 3989.533, "timers/learn_time_ms": 15607.827, "timers/learn_throughput": 5180.439, "timers/update_time_ms": 11.418, "info/num_steps_sampled": 3252266, "info/num_steps_trained": 3252266, "perf/cpu_util_percent": 44.65555555555555, "perf/ram_util_percent": 21.046666666666663, "perf/gpu_util_percent0": 0.31133333333333335, "perf/vram_util_percent0": 0.6120894422147596, "info/learner/default_policy/allreduce_latency": 0.0, "info/learner/default_policy/cur_kl_coeff": 4.195331733632039e-12, "info/learner/default_policy/cur_lr": 0.00047318949804956676, "info/learner/default_policy/total_loss": 0.679468446969986, "info/learner/default_policy/policy_loss": -0.11677133515477181, "info/learner/default_policy/vf_loss": 0.9168013274669647, "info/learner/default_policy/vf_explained_var": 0.9995265007019043, "info/learner/default_policy/kl": 0.06592427641153335, "info/learner/default_policy/entropy": 0.3569927990436554, "info/learner/default_policy/entropy_coeff": 0.00012818856972141712, "_step": 39, "_runtime": 1454, "_timestamp": 1605841115}