{"nb_episodes": 1, "avg_best_result": 246.19191919191897, "best_episode": 246.19191919191897, "best_timestep": 3291, "_step": 0, "_runtime": 1, "_timestamp": 1602708055}