{"time_step_min": 3154.0, "_step": 5, "_runtime": 637, "_timestamp": 1602198385, "episode_reward_max": 286.77777777777754, "episode_reward_min": 115.78787878787877, "episode_reward_mean": 236.14073445985488, "episodes_total": 1501, "training_iteration": 8}