{"time_step_min": 3090, "_step": 7, "_runtime": 626, "_timestamp": 1602467322, "time_step_max": 4199, "time_step_mean": 3411.738772787906, "episode_reward_max": 297.8383838383839, "episode_reward_min": 129.8080808080803, "episode_reward_mean": 249.50558613086224, "episodes_total": 4526, "training_iteration": 23}