{"time_step_min": 3152.0, "_step": 5, "_runtime": 617, "_timestamp": 1602183955, "episode_reward_max": 287.67676767676744, "episode_reward_min": 115.78787878787877, "episode_reward_mean": 231.19139709329568, "episodes_total": 948, "training_iteration": 5}