{"time_step_min": 3096, "_step": 7, "_runtime": 632, "_timestamp": 1602448114, "time_step_max": 4555, "time_step_mean": 3420.217391304348, "episode_reward_max": 298.59595959595964, "episode_reward_min": 75.86868686868725, "episode_reward_mean": 247.62179190420122, "episodes_total": 4582, "training_iteration": 24}