{"nb_episodes": 1, "avg_best_result": 34.94949494949495, "best_episode": 34.94949494949495, "best_timestep": 1486, "_step": 0, "_runtime": 3, "_timestamp": 1604231496}