{"time_step_min": 3268, "_step": 7, "_runtime": 613, "_timestamp": 1602389963, "time_step_max": 4143, "time_step_mean": 3580.324712643678, "episode_reward_max": 270.86868686868735, "episode_reward_min": 104.65656565656565, "episode_reward_mean": 223.19295806162896, "episodes_total": 3160, "training_iteration": 16}