{"nb_episodes": 4327, "avg_best_result": 250.6445707070706, "best_episode": 266.79797979797934, "time_step_min": 3155, "_step": 0, "_runtime": 608, "_timestamp": 1602577508}