{"time_step_min": 3253, "_step": 7, "_runtime": 639, "_timestamp": 1602382943, "time_step_max": 4054, "time_step_mean": 3532.925124792013, "episode_reward_max": 278.4444444444444, "episode_reward_min": 145.7171717171716, "episode_reward_mean": 231.12793871572086, "episodes_total": 3634, "training_iteration": 18}