{"nb_episodes": 1, "avg_best_result": 280.20202020202004, "best_episode": 280.20202020202004, "best_timestep": 3362, "_step": 0, "_runtime": 1, "_timestamp": 1602708087}