{"time_step_min": 3148, "_step": 7, "_runtime": 629, "_timestamp": 1602423492, "time_step_max": 4068, "time_step_mean": 3471.784548699643, "episode_reward_max": 293.74747474747494, "episode_reward_min": 104.50505050505022, "episode_reward_mean": 240.34739803094226, "episodes_total": 3950, "training_iteration": 14}