{"episode_reward_max": 254.6161616161614, "episode_reward_min": 170.80808080808055, "episode_reward_mean": 213.50216450216416, "episode_len_mean": 924.3214285714286, "episodes_this_iter": 0, "num_healthy_workers": 7, "timesteps_total": 33600, "episodes_total": 28, "training_iteration": 6, "timestamp": 1601916678, "time_this_iter_s": 105.3458821773529, "time_total_s": 632.7008855342865, "time_since_restore": 632.7008855342865, "timesteps_since_restore": 0, "iterations_since_restore": 6, "timers/sample_time_ms": 2330.594, "timers/sample_throughput": 2402.821, "timers/learn_time_ms": 103079.847, "timers/learn_throughput": 54.327, "timers/update_time_ms": 10.725, "info/num_steps_sampled": 33600, "info/num_steps_trained": 33600, "perf/cpu_util_percent": 17.874125874125877, "perf/ram_util_percent": 3.1174825174825176, "info/learner/default_policy/allreduce_latency": 0.0, "info/learner/default_policy/cur_kl_coeff": 0.759375, "info/learner/default_policy/cur_lr": 0.0005, "info/learner/default_policy/total_loss": 1.8015686815435237, "info/learner/default_policy/policy_loss": -0.16371711144562473, "info/learner/default_policy/vf_loss": 1.9222839108922265, "info/learner/default_policy/vf_explained_var": 0.9763534665107727, "info/learner/default_policy/kl": 0.05662800134582953, "info/learner/default_policy/entropy": 0.8547776503996416, "info/learner/default_policy/entropy_coeff": 0.0, "_step": 5, "_runtime": 636, "_timestamp": 1601916679, "custom_metrics/time_step_mean": 2670.035714285714, "custom_metrics/time_step_min": 0, "custom_metrics/time_step_max": 3926, "sampler_perf/mean_env_wait_ms": 1.2609842504212723, "sampler_perf/mean_raw_obs_processing_ms": 0.27490996254631506, "sampler_perf/mean_inference_ms": 2.888319972242172, "sampler_perf/mean_action_processing_ms": 0.11251455039401595}