{"time_step_min": 3223.0, "_step": 5, "_runtime": 166, "_timestamp": 1602165858, "episode_reward_max": 278.70707070707056, "episode_reward_min": 115.78787878787877, "episode_reward_mean": 231.18069334773102, "episodes_total": 898, "training_iteration": 5}