{"time_step_min": 3246.0, "_step": 5, "_runtime": 177, "_timestamp": 1602165556, "episode_reward_max": 273.9191919191912, "episode_reward_min": 115.78787878787877, "episode_reward_mean": 227.3530239099857, "episodes_total": 632, "training_iteration": 4}