{"episode_reward_max": 273.5252525252522, "episode_reward_min": 149.73737373737342, "episode_reward_mean": 229.90536315536298, "episode_len_mean": 870.1547619047619, "episodes_this_iter": 10, "num_healthy_workers": 7, "timesteps_total": 78400, "episodes_total": 84, "training_iteration": 14, "timestamp": 1601915174, "time_this_iter_s": 44.51561403274536, "time_total_s": 624.8089468479156, "time_since_restore": 624.8089468479156, "timesteps_since_restore": 0, "iterations_since_restore": 14, "timers/sample_time_ms": 1552.243, "timers/sample_throughput": 3607.681, "timers/learn_time_ms": 42871.684, "timers/learn_throughput": 130.622, "timers/update_time_ms": 7.826, "info/num_steps_sampled": 78400, "info/num_steps_trained": 78400, "perf/cpu_util_percent": 17.767213114754096, "perf/ram_util_percent": 2.99672131147541, "info/learner/default_policy/allreduce_latency": 0.0, "info/learner/default_policy/cur_kl_coeff": 1.0125000000000004, "info/learner/default_policy/cur_lr": 5.0000000000000016e-05, "info/learner/default_policy/total_loss": 7.855145448988134, "info/learner/default_policy/policy_loss": -0.07374600529543716, "info/learner/default_policy/vf_loss": 7.916287655180151, "info/learner/default_policy/vf_explained_var": 0.9761214852333069, "info/learner/default_policy/kl": 0.012546868444505062, "info/learner/default_policy/entropy": 0.9986975789070129, "info/learner/default_policy/entropy_coeff": 0.00010000000000000003, "_step": 13, "_runtime": 643, "_timestamp": 1601915174, "custom_metrics/time_step_mean": 2728.5119047619046, "custom_metrics/time_step_min": 0, "custom_metrics/time_step_max": 3856, "sampler_perf/mean_env_wait_ms": 1.3248661300081164, "sampler_perf/mean_raw_obs_processing_ms": 0.2427466207346319, "sampler_perf/mean_inference_ms": 1.8273797982675926, "sampler_perf/mean_action_processing_ms": 0.09826533826654836}