{"time_step_min": 3083, "_step": 7, "_runtime": 636, "_timestamp": 1602520137, "time_step_max": 4248, "time_step_mean": 3429.148945237588, "episode_reward_max": 287.05050505050514, "episode_reward_min": 106.74747474747424, "episode_reward_mean": 231.57543091024374, "episodes_total": 4731, "training_iteration": 24}