{"time_step_min": 3090.0, "_step": 5, "_runtime": 632, "_timestamp": 1602221086, "episode_reward_max": 299.9696969696973, "episode_reward_min": 145.4848484848487, "episode_reward_mean": 247.6860977609301, "episodes_total": 5372, "training_iteration": 14}