{"episode_reward_max": 286.1717171717172, "episode_reward_min": 153.89898989898995, "episode_reward_mean": 248.24444444444444, "episode_len_mean": 836.518, "episodes_this_iter": 99, "num_healthy_workers": 11, "timesteps_total": 3397733, "episodes_total": 4058, "training_iteration": 41, "timestamp": 1605851570, "time_this_iter_s": 31.38884949684143, "time_total_s": 1436.9996738433838, "time_since_restore": 1436.9996738433838, "timesteps_since_restore": 0, "iterations_since_restore": 41, "custom_metrics/time_step_mean": 3422.732, "custom_metrics/time_step_min": 3175, "custom_metrics/time_step_max": 3744, "sampler_perf/mean_env_wait_ms": 4.613760585134907, "sampler_perf/mean_raw_obs_processing_ms": 1.0646432719731802, "sampler_perf/mean_inference_ms": 9.828157213379276, "sampler_perf/mean_action_processing_ms": 0.3095406803763874, "timers/sample_time_ms": 18920.008, "timers/sample_throughput": 4377.297, "timers/learn_time_ms": 16321.224, "timers/learn_throughput": 5074.282, "timers/update_time_ms": 11.697, "info/num_steps_sampled": 3397733, "info/num_steps_trained": 3397733, "perf/cpu_util_percent": 45.59268292682927, "perf/ram_util_percent": 21.226829268292683, "perf/gpu_util_percent0": 0.3748780487804878, "perf/vram_util_percent0": 0.6120894422147596, "info/learner/default_policy/allreduce_latency": 0.0, "info/learner/default_policy/cur_kl_coeff": 0.3719808737384561, "info/learner/default_policy/cur_lr": 0.00020837022146483607, "info/learner/default_policy/total_loss": 1.172848018732938, "info/learner/default_policy/policy_loss": -0.0446519557047974, "info/learner/default_policy/vf_loss": 2.367341149937023, "info/learner/default_policy/vf_explained_var": 0.9996762871742249, "info/learner/default_policy/kl": 0.01592838086865165, "info/learner/default_policy/entropy": 0.7591655037619851, "info/learner/default_policy/entropy_coeff": 0.0007435922870570093, "_step": 40, "_runtime": 1458, "_timestamp": 1605851570}