{"time_step_min": 3110, "_step": 7, "_runtime": 623, "_timestamp": 1602493134, "time_step_max": 4145, "time_step_mean": 3422.125568698817, "episode_reward_max": 297.6868686868688, "episode_reward_min": 137.98989898989845, "episode_reward_mean": 247.1778681936909, "episodes_total": 4424, "training_iteration": 23}