{"time_step_min": 3231, "_step": 7, "_runtime": 613, "_timestamp": 1602383569, "time_step_max": 4054, "time_step_mean": 3601.6875, "episode_reward_max": 276.47474747474706, "episode_reward_min": 141.77777777777737, "episode_reward_mean": 218.93159442526508, "episodes_total": 316, "training_iteration": 2}