{"time_step_min": 3271, "_step": 7, "_runtime": 613, "_timestamp": 1602359807, "time_step_max": 4375, "time_step_mean": 3585.9397660818713, "episode_reward_max": 271.6262626262622, "episode_reward_min": 103.14141414141451, "episode_reward_mean": 222.82652764701092, "episodes_total": 1738, "training_iteration": 9}