{"episode_reward_max": 272.4848484848485, "episode_reward_min": 154.26262626262604, "episode_reward_mean": 228.23148148148135, "episode_len_mean": 873.3809523809524, "episodes_this_iter": 7, "num_healthy_workers": 7, "timesteps_total": 75600, "episodes_total": 84, "training_iteration": 18, "timestamp": 1601905867, "time_this_iter_s": 33.826380252838135, "time_total_s": 606.6941723823547, "time_since_restore": 606.6941723823547, "timesteps_since_restore": 0, "iterations_since_restore": 18, "timers/sample_time_ms": 1754.874, "timers/sample_throughput": 2393.335, "timers/learn_time_ms": 31293.894, "timers/learn_throughput": 134.211, "timers/update_time_ms": 7.16, "info/num_steps_sampled": 75600, "info/num_steps_trained": 75600, "perf/cpu_util_percent": 18.773913043478263, "perf/ram_util_percent": 2.7826086956521734, "info/learner/default_policy/allreduce_latency": 0.0, "info/learner/default_policy/cur_kl_coeff": 2.2781249999999997, "info/learner/default_policy/cur_lr": 0.0005, "info/learner/default_policy/total_loss": 12.495159337014863, "info/learner/default_policy/policy_loss": -0.1510837013748559, "info/learner/default_policy/vf_loss": 12.610417958461877, "info/learner/default_policy/vf_explained_var": 0.9912462830543518, "info/learner/default_policy/kl": 0.01572559948897723, "info/learner/default_policy/entropy": 1.0703725543889133, "info/learner/default_policy/entropy_coeff": 0.0, "_step": 17, "_runtime": 609, "_timestamp": 1601905867, "custom_metrics/time_step_mean": 3542.845238095238, "custom_metrics/time_step_min": 3243, "custom_metrics/time_step_max": 4034, "sampler_perf/mean_env_wait_ms": 0.8762559728066903, "sampler_perf/mean_raw_obs_processing_ms": 0.19219848580493726, "sampler_perf/mean_inference_ms": 2.046260598210572, "sampler_perf/mean_action_processing_ms": 0.085714688746342}