{"time_step_min": 1150, "_step": 7, "_runtime": 636, "_timestamp": 1604233578, "time_step_max": 1662, "time_step_mean": 1178.4016808145811, "episode_reward_max": 47.64948453608255, "episode_reward_min": 21.25773195876288, "episode_reward_mean": 46.187587432602626, "episodes_total": 47275, "training_iteration": 30}