{"episode_reward_max": 300.5656565656566, "episode_reward_min": 181.77777777777743, "episode_reward_mean": 256.99217171717146, "episode_len_mean": 889.763, "episodes_this_iter": 210, "num_healthy_workers": 80, "timesteps_total": 5107200, "episodes_total": 5657, "training_iteration": 30, "timestamp": 1606752940, "time_this_iter_s": 19.8762366771698, "time_total_s": 601.2161860466003, "time_since_restore": 601.2161860466003, "timesteps_since_restore": 0, "iterations_since_restore": 30, "custom_metrics/time_step_mean": 3359.394, "custom_metrics/time_step_min": 3072, "custom_metrics/time_step_max": 3856, "sampler_perf/mean_env_wait_ms": 2.0498139862662, "sampler_perf/mean_raw_obs_processing_ms": 0.5209606282794244, "sampler_perf/mean_inference_ms": 4.77335184557005, "sampler_perf/mean_action_processing_ms": 0.22093345187057697, "timers/sample_time_ms": 8759.567, "timers/sample_throughput": 19434.751, "timers/load_time_ms": 625.517, "timers/load_throughput": 272158.772, "timers/learn_time_ms": 10428.218, "timers/learn_throughput": 16324.937, "timers/update_time_ms": 53.174, "info/num_steps_sampled": 5107200, "info/num_steps_trained": 5107200, "perf/cpu_util_percent": 41.19130434782609, "perf/ram_util_percent": 7.5, "perf/gpu_util_percent0": 0.32826086956521744, "perf/vram_util_percent0": 0.2027714004591669, "info/learner/default_policy/cur_kl_coeff": 9.352341123758379e-10, "info/learner/default_policy/cur_lr": 0.00017980000120587647, "info/learner/default_policy/total_loss": 70.98727416992188, "info/learner/default_policy/policy_loss": -0.0807863175868988, "info/learner/default_policy/vf_loss": 75.65264892578125, "info/learner/default_policy/vf_explained_var": 0.9928303956985474, "info/learner/default_policy/kl": 0.026135379448533058, "info/learner/default_policy/entropy": 0.6758065223693848, "info/learner/default_policy/entropy_coeff": 7.393999840132892e-05, "_step": 29, "_runtime": 621, "_timestamp": 1606752940}