{"time_step_min": 3140.0, "_step": 5, "_runtime": 648, "_timestamp": 1602187855, "episode_reward_max": 288.3131313131312, "episode_reward_min": 115.78787878787877, "episode_reward_mean": 230.6116710584101, "episodes_total": 920, "training_iteration": 5}