{"episode_reward_max": 252.02020202020205, "episode_reward_min": 176.03030303030278, "episode_reward_mean": 224.850729517396, "episode_len_mean": 893.4444444444445, "episodes_this_iter": 2, "num_healthy_workers": 7, "timesteps_total": 12600, "episodes_total": 9, "training_iteration": 3, "timestamp": 1601911880, "time_this_iter_s": 252.48420763015747, "time_total_s": 758.290107011795, "time_since_restore": 758.290107011795, "timesteps_since_restore": 0, "iterations_since_restore": 3, "timers/sample_time_ms": 5519.644, "timers/sample_throughput": 760.919, "timers/learn_time_ms": 247176.079, "timers/learn_throughput": 16.992, "timers/update_time_ms": 11.93, "info/num_steps_sampled": 12600, "info/num_steps_trained": 12600, "perf/cpu_util_percent": 17.337573964497043, "perf/ram_util_percent": 3.6073964497041424, "info/learner/default_policy/allreduce_latency": 0.0, "info/learner/default_policy/cur_kl_coeff": 0.6749999999999999, "info/learner/default_policy/cur_lr": 0.0005, "info/learner/default_policy/total_loss": 71.55661519368489, "info/learner/default_policy/policy_loss": -0.15813605972763264, "info/learner/default_policy/vf_loss": 71.67796071370442, "info/learner/default_policy/vf_explained_var": 0.9376124143600464, "info/learner/default_policy/kl": 0.05463664572347294, "info/learner/default_policy/entropy": 0.9017218477798231, "info/learner/default_policy/entropy_coeff": 0.0001, "_step": 2, "_runtime": 760, "_timestamp": 1601911880, "custom_metrics/time_step_mean": 3565.5555555555557, "custom_metrics/time_step_min": 3390, "custom_metrics/time_step_max": 3885, "sampler_perf/mean_env_wait_ms": 0.6936538989617531, "sampler_perf/mean_raw_obs_processing_ms": 0.2025383299220703, "sampler_perf/mean_inference_ms": 6.222317046355354, "sampler_perf/mean_action_processing_ms": 0.09523993859218696}