{"episode_reward_max": 262.4646464646458, "episode_reward_min": 136.18181818181793, "episode_reward_mean": 217.10213243546556, "episode_len_mean": 899.1604938271605, "episodes_this_iter": 4, "num_healthy_workers": 7, "timesteps_total": 75600, "episodes_total": 81, "training_iteration": 18, "timestamp": 1601907119, "time_this_iter_s": 34.21997022628784, "time_total_s": 618.0112843513489, "time_since_restore": 618.0112843513489, "timesteps_since_restore": 0, "iterations_since_restore": 18, "timers/sample_time_ms": 1745.701, "timers/sample_throughput": 2405.91, "timers/learn_time_ms": 32391.839, "timers/learn_throughput": 129.662, "timers/update_time_ms": 6.398, "info/num_steps_sampled": 75600, "info/num_steps_trained": 75600, "perf/cpu_util_percent": 19.55744680851064, "perf/ram_util_percent": 2.759574468085107, "info/learner/default_policy/allreduce_latency": 0.0, "info/learner/default_policy/cur_kl_coeff": 2.562890625, "info/learner/default_policy/cur_lr": 0.0005, "info/learner/default_policy/total_loss": 1.873021794087959, "info/learner/default_policy/policy_loss": -0.1259954267491897, "info/learner/default_policy/vf_loss": 1.9537643970865193, "info/learner/default_policy/vf_explained_var": 0.9984882473945618, "info/learner/default_policy/kl": 0.01768966143329938, "info/learner/default_policy/entropy": 0.8381215550682761, "info/learner/default_policy/entropy_coeff": 0.0001, "_step": 17, "_runtime": 623, "_timestamp": 1601907122, "custom_metrics/time_step_mean": 3617.098765432099, "custom_metrics/time_step_min": 3318, "custom_metrics/time_step_max": 4148, "sampler_perf/mean_env_wait_ms": 0.7092336720216104, "sampler_perf/mean_raw_obs_processing_ms": 0.14626020058284994, "sampler_perf/mean_inference_ms": 1.6619833807413533, "sampler_perf/mean_action_processing_ms": 0.07055098076696337}