{"nb_episodes": 1, "avg_best_result": 289.46464646464653, "best_episode": 289.46464646464653, "best_timestep": 3129, "_step": 0, "_runtime": 2, "_timestamp": 1602708110}