{"time_step_min": 3204.0, "_step": 5, "_runtime": 667, "_timestamp": 1602179401, "episode_reward_max": 284.9494949494945, "episode_reward_min": 126.8484848484849, "episode_reward_mean": 231.37962354101586, "episodes_total": 2212, "training_iteration": 6}