{"episode_reward_max": 275.75757575757564, "episode_reward_min": 187.15151515151487, "episode_reward_mean": 226.44141414141396, "episode_len_mean": 901.3714285714286, "episodes_this_iter": 0, "num_healthy_workers": 7, "timesteps_total": 72800, "episodes_total": 70, "training_iteration": 13, "timestamp": 1601913272, "time_this_iter_s": 51.32512664794922, "time_total_s": 600.2128491401672, "time_since_restore": 600.2128491401672, "timesteps_since_restore": 0, "iterations_since_restore": 13, "timers/sample_time_ms": 1495.143, "timers/sample_throughput": 3745.461, "timers/learn_time_ms": 44678.344, "timers/learn_throughput": 125.34, "timers/update_time_ms": 6.256, "info/num_steps_sampled": 72800, "info/num_steps_trained": 72800, "perf/cpu_util_percent": 18.941428571428577, "perf/ram_util_percent": 2.93, "info/learner/default_policy/allreduce_latency": 0.0, "info/learner/default_policy/cur_kl_coeff": 3.417187500000001, "info/learner/default_policy/cur_lr": 0.0005, "info/learner/default_policy/total_loss": 5.583837828852913, "info/learner/default_policy/policy_loss": -0.1843984053808857, "info/learner/default_policy/vf_loss": 5.718623361804268, "info/learner/default_policy/vf_explained_var": 0.980778157711029, "info/learner/default_policy/kl": 0.014550267782231624, "info/learner/default_policy/entropy": 1.0815029374577783, "info/learner/default_policy/entropy_coeff": 0.00010000000000000003, "_step": 12, "_runtime": 609, "_timestamp": 1601913272, "custom_metrics/time_step_mean": 2357.7428571428572, "custom_metrics/time_step_min": 0, "custom_metrics/time_step_max": 3780, "sampler_perf/mean_env_wait_ms": 1.3149046922582897, "sampler_perf/mean_raw_obs_processing_ms": 0.24591324371685558, "sampler_perf/mean_inference_ms": 1.858880533610557, "sampler_perf/mean_action_processing_ms": 0.09924177005468185}