{"time_step_min": 3128, "_step": 7, "_runtime": 621, "_timestamp": 1602452582, "time_step_max": 4327, "time_step_mean": 3439.728111814346, "episode_reward_max": 293.89898989899007, "episode_reward_min": 110.4141414141407, "episode_reward_mean": 245.0826722724628, "episodes_total": 3820, "training_iteration": 20}