{"time_step_min": 3203.0, "_step": 5, "_runtime": 661, "_timestamp": 1602181391, "episode_reward_max": 285.83838383838327, "episode_reward_min": 122.90909090909092, "episode_reward_mean": 233.39958270855846, "episodes_total": 3476, "training_iteration": 9}