{"time_step_min": 3156, "_step": 7, "_runtime": 616, "_timestamp": 1602465408, "time_step_max": 4176, "time_step_mean": 3447.9898557258794, "episode_reward_max": 288.44444444444434, "episode_reward_min": 128.59595959595976, "episode_reward_mean": 243.66503068317581, "episodes_total": 4464, "training_iteration": 23}