{"episode_reward_max": NaN, "episode_reward_min": NaN, "episode_reward_mean": NaN, "episode_len_mean": NaN, "episodes_this_iter": 0, "num_healthy_workers": 80, "timesteps_total": 282560, "episodes_total": 0, "training_iteration": 1, "timestamp": 1606749871, "time_this_iter_s": 33.24747133255005, "time_total_s": 33.24747133255005, "time_since_restore": 33.24747133255005, "timesteps_since_restore": 0, "iterations_since_restore": 1, "timers/sample_time_ms": 12967.044, "timers/sample_throughput": 21790.625, "timers/load_time_ms": 1579.106, "timers/load_throughput": 178936.652, "timers/learn_time_ms": 18154.828, "timers/learn_throughput": 15563.904, "timers/update_time_ms": 75.556, "info/num_steps_sampled": 282560, "info/num_steps_trained": 282560, "perf/cpu_util_percent": 53.91794871794871, "perf/ram_util_percent": 8.446153846153852, "perf/gpu_util_percent0": 0.47128205128205125, "perf/vram_util_percent0": 0.14470276088839554, "info/learner/default_policy/cur_kl_coeff": 0.2614181339740753, "info/learner/default_policy/cur_lr": 0.00033312803134322166, "info/learner/default_policy/total_loss": 106054.53125, "info/learner/default_policy/policy_loss": -0.04814434424042702, "info/learner/default_policy/vf_loss": 113512.0078125, "info/learner/default_policy/vf_explained_var": 0.016407322138547897, "info/learner/default_policy/kl": 0.013904893770813942, "info/learner/default_policy/entropy": 3.9174468517303467, "info/learner/default_policy/entropy_coeff": 0.0023012126330286264, "_step": 0, "_runtime": 55, "_timestamp": 1606749871}