{"episode_reward_max": 270.35353535353505, "episode_reward_min": 170.42424242424232, "episode_reward_mean": 224.72510822510807, "episode_len_mean": 884.7619047619048, "episodes_this_iter": 14, "num_healthy_workers": 7, "timesteps_total": 78400, "episodes_total": 84, "training_iteration": 14, "timestamp": 1601914730, "time_this_iter_s": 43.804322957992554, "time_total_s": 621.5396091938019, "time_since_restore": 621.5396091938019, "timesteps_since_restore": 0, "iterations_since_restore": 14, "timers/sample_time_ms": 1508.434, "timers/sample_throughput": 3712.459, "timers/learn_time_ms": 42613.69, "timers/learn_throughput": 131.413, "timers/update_time_ms": 7.971, "info/num_steps_sampled": 78400, "info/num_steps_trained": 78400, "perf/cpu_util_percent": 18.720000000000006, "perf/ram_util_percent": 3.0, "info/learner/default_policy/allreduce_latency": 0.0, "info/learner/default_policy/cur_kl_coeff": 1.51875, "info/learner/default_policy/cur_lr": 0.00010000000000000003, "info/learner/default_policy/total_loss": 20.910151958465576, "info/learner/default_policy/policy_loss": -0.08882142277434468, "info/learner/default_policy/vf_loss": 20.978651317683134, "info/learner/default_policy/vf_explained_var": 0.9876020550727844, "info/learner/default_policy/kl": 0.013438588473945856, "info/learner/default_policy/entropy": 0.8789963275194168, "info/learner/default_policy/entropy_coeff": 0.00010000000000000003, "_step": 13, "_runtime": 624, "_timestamp": 1601914731, "custom_metrics/time_step_mean": 2348.3690476190477, "custom_metrics/time_step_min": 0, "custom_metrics/time_step_max": 3818, "sampler_perf/mean_env_wait_ms": 1.302869246852282, "sampler_perf/mean_raw_obs_processing_ms": 0.2418822838037954, "sampler_perf/mean_inference_ms": 1.842237591044449, "sampler_perf/mean_action_processing_ms": 0.09756995572038935}