{"time_step_min": 3090, "_step": 7, "_runtime": 630, "_timestamp": 1602496959, "time_step_max": 4199, "time_step_mean": 3408.1869694397283, "episode_reward_max": 297.8383838383839, "episode_reward_min": 129.8080808080803, "episode_reward_mean": 250.02007415931465, "episodes_total": 4740, "training_iteration": 24}