{"episode_reward_max": 258.84848484848493, "episode_reward_min": 174.96969696969623, "episode_reward_mean": 223.25613275613253, "episode_len_mean": 919.3214285714286, "episodes_this_iter": 0, "num_healthy_workers": 7, "timesteps_total": 33600, "episodes_total": 28, "training_iteration": 6, "timestamp": 1601917204, "time_this_iter_s": 105.34699869155884, "time_total_s": 638.2711350917816, "time_since_restore": 638.2711350917816, "timesteps_since_restore": 0, "iterations_since_restore": 6, "timers/sample_time_ms": 2526.992, "timers/sample_throughput": 2216.074, "timers/learn_time_ms": 103816.613, "timers/learn_throughput": 53.941, "timers/update_time_ms": 6.738, "info/num_steps_sampled": 33600, "info/num_steps_trained": 33600, "perf/cpu_util_percent": 18.072727272727278, "perf/ram_util_percent": 3.1601398601398594, "info/learner/default_policy/allreduce_latency": 0.0, "info/learner/default_policy/cur_kl_coeff": 0.759375, "info/learner/default_policy/cur_lr": 0.00010000000000000003, "info/learner/default_policy/total_loss": 1.4760640575127169, "info/learner/default_policy/policy_loss": -0.15175737118856472, "info/learner/default_policy/vf_loss": 1.6027539860118518, "info/learner/default_policy/vf_explained_var": 0.9401124715805054, "info/learner/default_policy/kl": 0.03312968018210747, "info/learner/default_policy/entropy": 0.9044343422759663, "info/learner/default_policy/entropy_coeff": 0.00010000000000000003, "_step": 5, "_runtime": 640, "_timestamp": 1601917204, "custom_metrics/time_step_mean": 2744.035714285714, "custom_metrics/time_step_min": 0, "custom_metrics/time_step_max": 3898, "sampler_perf/mean_env_wait_ms": 1.279189389218659, "sampler_perf/mean_raw_obs_processing_ms": 0.27216792094035996, "sampler_perf/mean_inference_ms": 2.9407253836685525, "sampler_perf/mean_action_processing_ms": 0.11353970258458328}