{"time_step_min": 3190.0, "_step": 5, "_runtime": 631, "_timestamp": 1602203545, "episode_reward_max": 280.92929292929267, "episode_reward_min": 115.78787878787877, "episode_reward_mean": 230.172313855858, "episodes_total": 948, "training_iteration": 5}