{"episode_reward_max": 290.71717171717165, "episode_reward_min": 148.59595959595978, "episode_reward_mean": 251.13535353535343, "episode_len_mean": 832.572, "episodes_this_iter": 99, "num_healthy_workers": 11, "timesteps_total": 3384068, "episodes_total": 4057, "training_iteration": 41, "timestamp": 1605842567, "time_this_iter_s": 31.996657609939575, "time_total_s": 1427.6631741523743, "time_since_restore": 1427.6631741523743, "timesteps_since_restore": 0, "iterations_since_restore": 41, "custom_metrics/time_step_mean": 3386.338, "custom_metrics/time_step_min": 3221, "custom_metrics/time_step_max": 3718, "sampler_perf/mean_env_wait_ms": 4.573752912257553, "sampler_perf/mean_raw_obs_processing_ms": 1.0617441151268854, "sampler_perf/mean_inference_ms": 9.774696218933983, "sampler_perf/mean_action_processing_ms": 0.30671319316089796, "timers/sample_time_ms": 18911.317, "timers/sample_throughput": 4359.754, "timers/learn_time_ms": 16061.811, "timers/learn_throughput": 5133.213, "timers/update_time_ms": 15.659, "info/num_steps_sampled": 3384068, "info/num_steps_trained": 3384068, "perf/cpu_util_percent": 47.230000000000004, "perf/ram_util_percent": 21.202499999999997, "perf/gpu_util_percent0": 0.3555, "perf/vram_util_percent0": 0.6120894422147596, "info/learner/default_policy/allreduce_latency": 0.0, "info/learner/default_policy/cur_kl_coeff": 3.441823439419532e-13, "info/learner/default_policy/cur_lr": 0.0001452200650883927, "info/learner/default_policy/total_loss": 4.34961089220914, "info/learner/default_policy/policy_loss": -0.03713444992899895, "info/learner/default_policy/vf_loss": 3.078426729549061, "info/learner/default_policy/vf_explained_var": 0.9996498227119446, "info/learner/default_policy/kl": 0.029076448557051746, "info/learner/default_policy/entropy": 0.6893589442426508, "info/learner/default_policy/entropy_coeff": 0.0008835543887133198, "_step": 40, "_runtime": 1447, "_timestamp": 1605842567}