{"episode_reward_max": 140.7878787878786, "episode_reward_min": 6.2424242424238745, "episode_reward_mean": 85.70010101010081, "episode_len_mean": 753.755, "episodes_this_iter": 91, "num_healthy_workers": 80, "timesteps_total": 5181120, "episodes_total": 6807, "training_iteration": 63, "timestamp": 1606837463, "time_this_iter_s": 9.012248754501343, "time_total_s": 584.8340973854065, "time_since_restore": 584.8340973854065, "timesteps_since_restore": 0, "iterations_since_restore": 63, "timers/sample_time_ms": 4110.864, "timers/sample_throughput": 20005.525, "timers/load_time_ms": 192.369, "timers/load_throughput": 427512.274, "timers/learn_time_ms": 4810.008, "timers/learn_throughput": 17097.684, "timers/update_time_ms": 38.895, "info/num_steps_sampled": 5181120, "info/num_steps_trained": 5181120, "perf/cpu_util_percent": 44.41818181818182, "perf/ram_util_percent": 6.990909090909091, "perf/gpu_util_percent0": 0.30818181818181817, "perf/vram_util_percent0": 0.06649721220072156, "info/learner/default_policy/cur_kl_coeff": 3.255114684170139e-20, "info/learner/default_policy/cur_lr": 0.0004961347440257668, "info/learner/default_policy/total_loss": 67.43974304199219, "info/learner/default_policy/policy_loss": -0.09461373835802078, "info/learner/default_policy/vf_loss": 120.73966217041016, "info/learner/default_policy/vf_explained_var": 0.9341483116149902, "info/learner/default_policy/kl": 0.06617126613855362, "info/learner/default_policy/entropy": 0.3894093930721283, "info/learner/default_policy/entropy_coeff": 0.0013648923486471176, "_step": 62, "_runtime": 610, "_timestamp": 1606837463, "custom_metrics/time_step_mean": 2704.2795, "custom_metrics/time_step_min": 2431, "custom_metrics/time_step_max": 3097, "sampler_perf/mean_env_wait_ms": 1.812238572781597, "sampler_perf/mean_raw_obs_processing_ms": 0.5000048621073085, "sampler_perf/mean_inference_ms": 4.801496841402244, "sampler_perf/mean_action_processing_ms": 0.2073520160585178}