{"episode_reward_max": 251.828282828283, "episode_reward_min": 188.51515151515105, "episode_reward_mean": 226.19336219336196, "episode_len_mean": 909.8928571428571, "episodes_this_iter": 0, "num_healthy_workers": 7, "timesteps_total": 33600, "episodes_total": 28, "training_iteration": 6, "timestamp": 1601917099, "time_this_iter_s": 103.4719443321228, "time_total_s": 620.0123796463013, "time_since_restore": 620.0123796463013, "timesteps_since_restore": 0, "iterations_since_restore": 6, "timers/sample_time_ms": 2486.9, "timers/sample_throughput": 2251.799, "timers/learn_time_ms": 100810.922, "timers/learn_throughput": 55.55, "timers/update_time_ms": 10.77, "info/num_steps_sampled": 33600, "info/num_steps_trained": 33600, "perf/cpu_util_percent": 17.515277777777776, "perf/ram_util_percent": 3.1999999999999997, "info/learner/default_policy/allreduce_latency": 0.0, "info/learner/default_policy/cur_kl_coeff": 1.51875, "info/learner/default_policy/cur_lr": 0.00010000000000000003, "info/learner/default_policy/total_loss": 1.2365581582893024, "info/learner/default_policy/policy_loss": -0.1469943675170229, "info/learner/default_policy/vf_loss": 1.3510838042606006, "info/learner/default_policy/vf_explained_var": 0.9450681209564209, "info/learner/default_policy/kl": 0.02137859631329775, "info/learner/default_policy/entropy": 0.944940519603816, "info/learner/default_policy/entropy_coeff": 0.0, "_step": 5, "_runtime": 628, "_timestamp": 1601917102, "custom_metrics/time_step_mean": 2129.714285714286, "custom_metrics/time_step_min": 0, "custom_metrics/time_step_max": 3807, "sampler_perf/mean_env_wait_ms": 1.264670649408521, "sampler_perf/mean_raw_obs_processing_ms": 0.26593374753674004, "sampler_perf/mean_inference_ms": 2.85663947409462, "sampler_perf/mean_action_processing_ms": 0.11088507781639535}