{"episode_reward_max": 263.5252525252522, "episode_reward_min": 160.78787878787855, "episode_reward_mean": 226.58597883597864, "episode_len_mean": 881.297619047619, "episodes_this_iter": 7, "num_healthy_workers": 7, "timesteps_total": 75600, "episodes_total": 84, "training_iteration": 18, "timestamp": 1601907137, "time_this_iter_s": 34.31048345565796, "time_total_s": 617.6418073177338, "time_since_restore": 617.6418073177338, "timesteps_since_restore": 0, "iterations_since_restore": 18, "timers/sample_time_ms": 1732.397, "timers/sample_throughput": 2424.386, "timers/learn_time_ms": 32390.637, "timers/learn_throughput": 129.667, "timers/update_time_ms": 7.036, "info/num_steps_sampled": 75600, "info/num_steps_trained": 75600, "perf/cpu_util_percent": 21.438297872340424, "perf/ram_util_percent": 2.6872340425531913, "info/learner/default_policy/allreduce_latency": 0.0, "info/learner/default_policy/cur_kl_coeff": 1.5187500000000003, "info/learner/default_policy/cur_lr": 0.0001, "info/learner/default_policy/total_loss": 5.913112358613447, "info/learner/default_policy/policy_loss": -0.09982804350103393, "info/learner/default_policy/vf_loss": 5.991215012290261, "info/learner/default_policy/vf_explained_var": 0.9932888150215149, "info/learner/default_policy/kl": 0.014359073318315275, "info/learner/default_policy/entropy": 0.8255846030784376, "info/learner/default_policy/entropy_coeff": 0.0001, "_step": 17, "_runtime": 620, "_timestamp": 1601907137, "custom_metrics/time_step_mean": 3553.095238095238, "custom_metrics/time_step_min": 3309, "custom_metrics/time_step_max": 3990, "sampler_perf/mean_env_wait_ms": 0.7196258120475139, "sampler_perf/mean_raw_obs_processing_ms": 0.14915477093780607, "sampler_perf/mean_inference_ms": 1.6842633838330645, "sampler_perf/mean_action_processing_ms": 0.07050263843103108}