{"episode_reward_max": 275.5757575757572, "episode_reward_min": 164.87878787878776, "episode_reward_mean": 226.94336219336196, "episode_len_mean": 876.0238095238095, "episodes_this_iter": 14, "num_healthy_workers": 7, "timesteps_total": 78400, "episodes_total": 84, "training_iteration": 14, "timestamp": 1601915295, "time_this_iter_s": 44.498138666152954, "time_total_s": 624.4474539756775, "time_since_restore": 624.4474539756775, "timesteps_since_restore": 0, "iterations_since_restore": 14, "timers/sample_time_ms": 1569.082, "timers/sample_throughput": 3568.965, "timers/learn_time_ms": 42803.854, "timers/learn_throughput": 130.829, "timers/update_time_ms": 8.879, "info/num_steps_sampled": 78400, "info/num_steps_trained": 78400, "perf/cpu_util_percent": 17.45692307692308, "perf/ram_util_percent": 3.013846153846154, "info/learner/default_policy/allreduce_latency": 0.0, "info/learner/default_policy/cur_kl_coeff": 0.759375, "info/learner/default_policy/cur_lr": 5.0000000000000016e-05, "info/learner/default_policy/total_loss": 12.88300364667719, "info/learner/default_policy/policy_loss": -0.058813421881165014, "info/learner/default_policy/vf_loss": 12.932937329465693, "info/learner/default_policy/vf_explained_var": 0.9824907183647156, "info/learner/default_policy/kl": 0.011821035316891292, "info/learner/default_policy/entropy": 0.9686361022970893, "info/learner/default_policy/entropy_coeff": 0.00010000000000000003, "_step": 13, "_runtime": 633, "_timestamp": 1601915298, "custom_metrics/time_step_mean": 2847.6666666666665, "custom_metrics/time_step_min": 0, "custom_metrics/time_step_max": 3905, "sampler_perf/mean_env_wait_ms": 1.3143517571898584, "sampler_perf/mean_raw_obs_processing_ms": 0.2529311338709914, "sampler_perf/mean_inference_ms": 1.9070390737438518, "sampler_perf/mean_action_processing_ms": 0.10061089667826861}