{"episode_reward_max": 268.41414141414094, "episode_reward_min": 159.8888888888888, "episode_reward_mean": 227.87493987493977, "episode_len_mean": 859.0952380952381, "episodes_this_iter": 0, "num_healthy_workers": 7, "timesteps_total": 78400, "episodes_total": 84, "training_iteration": 14, "timestamp": 1601913873, "time_this_iter_s": 44.473435163497925, "time_total_s": 625.1195909976959, "time_since_restore": 625.1195909976959, "timesteps_since_restore": 0, "iterations_since_restore": 14, "timers/sample_time_ms": 1529.361, "timers/sample_throughput": 3661.66, "timers/learn_time_ms": 42661.211, "timers/learn_throughput": 131.267, "timers/update_time_ms": 8.769, "info/num_steps_sampled": 78400, "info/num_steps_trained": 78400, "perf/cpu_util_percent": 18.618032786885244, "perf/ram_util_percent": 3.0, "info/learner/default_policy/allreduce_latency": 0.0, "info/learner/default_policy/cur_kl_coeff": 0.30000000000000004, "info/learner/default_policy/cur_lr": 5.0000000000000016e-05, "info/learner/default_policy/total_loss": 0.835619950836355, "info/learner/default_policy/policy_loss": -0.09854349889792502, "info/learner/default_policy/vf_loss": 0.9289698465303942, "info/learner/default_policy/vf_explained_var": 0.851535975933075, "info/learner/default_policy/kl": 0.017312027831477197, "info/learner/default_policy/entropy": 0.9895542738112536, "info/learner/default_policy/entropy_coeff": 0.0, "_step": 13, "_runtime": 629, "_timestamp": 1601913873, "custom_metrics/time_step_mean": 2461.654761904762, "custom_metrics/time_step_min": 0, "custom_metrics/time_step_max": 3999, "sampler_perf/mean_env_wait_ms": 1.3186532064674439, "sampler_perf/mean_raw_obs_processing_ms": 0.2421970107842869, "sampler_perf/mean_inference_ms": 1.8364443877632821, "sampler_perf/mean_action_processing_ms": 0.09760668735738712}