{"episode_reward_max": 301.1717171717167, "episode_reward_min": 212.3838383838379, "episode_reward_mean": 269.1559595959593, "episode_len_mean": 897.03, "episodes_this_iter": 161, "num_healthy_workers": 80, "timesteps_total": 6403964, "episodes_total": 7045, "training_iteration": 44, "timestamp": 1606757938, "time_this_iter_s": 14.595535516738892, "time_total_s": 585.6136150360107, "time_since_restore": 585.6136150360107, "timesteps_since_restore": 0, "iterations_since_restore": 44, "custom_metrics/time_step_mean": 3287.861, "custom_metrics/time_step_min": 3068, "custom_metrics/time_step_max": 3712, "sampler_perf/mean_env_wait_ms": 2.6779969266566512, "sampler_perf/mean_raw_obs_processing_ms": 0.6426227090001351, "sampler_perf/mean_inference_ms": 4.218189912610381, "sampler_perf/mean_action_processing_ms": 0.24567007065122953, "timers/sample_time_ms": 6146.975, "timers/sample_throughput": 23465.33, "timers/load_time_ms": 499.471, "timers/load_throughput": 288786.918, "timers/learn_time_ms": 6810.426, "timers/learn_throughput": 21179.408, "timers/update_time_ms": 41.123, "info/num_steps_sampled": 6403964, "info/num_steps_trained": 6403964, "perf/cpu_util_percent": 44.12777777777778, "perf/ram_util_percent": 7.3500000000000005, "perf/gpu_util_percent0": 0.39111111111111113, "perf/vram_util_percent0": 0.1922761561167596, "info/learner/default_policy/cur_kl_coeff": 3.4937506989025924e-14, "info/learner/default_policy/cur_lr": 5.6556898925919086e-05, "info/learner/default_policy/total_loss": 168.81524658203125, "info/learner/default_policy/policy_loss": -0.014873008243739605, "info/learner/default_policy/vf_loss": 181.84983825683594, "info/learner/default_policy/vf_explained_var": 0.9798873662948608, "info/learner/default_policy/kl": 0.007672064937651157, "info/learner/default_policy/entropy": 0.9020150303840637, "info/learner/default_policy/entropy_coeff": 0.003185826586559415, "_step": 43, "_runtime": 606, "_timestamp": 1606757939}