{"episode_reward_max": 258.5757575757578, "episode_reward_min": 122.59595959595957, "episode_reward_mean": 219.17821067821058, "episode_len_mean": 857.5952380952381, "episodes_this_iter": 7, "num_healthy_workers": 7, "timesteps_total": 75600, "episodes_total": 84, "training_iteration": 18, "timestamp": 1601906504, "time_this_iter_s": 34.12048935890198, "time_total_s": 615.214793920517, "time_since_restore": 615.214793920517, "timesteps_since_restore": 0, "iterations_since_restore": 18, "timers/sample_time_ms": 1786.847, "timers/sample_throughput": 2350.509, "timers/learn_time_ms": 32159.749, "timers/learn_throughput": 130.598, "timers/update_time_ms": 6.684, "info/num_steps_sampled": 75600, "info/num_steps_trained": 75600, "perf/cpu_util_percent": 20.865957446808512, "perf/ram_util_percent": 2.7191489361702126, "info/learner/default_policy/allreduce_latency": 0.0, "info/learner/default_policy/cur_kl_coeff": 0.30000000000000004, "info/learner/default_policy/cur_lr": 5e-05, "info/learner/default_policy/total_loss": 12.563905824314464, "info/learner/default_policy/policy_loss": -0.06668016732190594, "info/learner/default_policy/vf_loss": 12.625475442770755, "info/learner/default_policy/vf_explained_var": 0.9871880412101746, "info/learner/default_policy/kl": 0.017312844509653973, "info/learner/default_policy/entropy": 0.8347903526190555, "info/learner/default_policy/entropy_coeff": 0.0001, "_step": 17, "_runtime": 618, "_timestamp": 1601906504, "custom_metrics/time_step_mean": 3602.5238095238096, "custom_metrics/time_step_min": 3344, "custom_metrics/time_step_max": 4243, "sampler_perf/mean_env_wait_ms": 0.7311530666219687, "sampler_perf/mean_raw_obs_processing_ms": 0.15221371396184752, "sampler_perf/mean_inference_ms": 1.7211544534169083, "sampler_perf/mean_action_processing_ms": 0.07183967602962961}