{"time_step_min": 3149.0, "_step": 5, "_runtime": 621, "_timestamp": 1602195765, "episode_reward_max": 287.69696969696963, "episode_reward_min": 127.45454545454521, "episode_reward_mean": 230.3266206367471, "episodes_total": 1264, "training_iteration": 4}