{"time_step_min": 3167.0, "_step": 5, "_runtime": 634, "_timestamp": 1602204191, "episode_reward_max": 284.6969696969698, "episode_reward_min": 115.78787878787877, "episode_reward_mean": 233.06976409666268, "episodes_total": 1264, "training_iteration": 7}