{"episode_reward_max": 262.7272727272725, "episode_reward_min": 150.57575757575694, "episode_reward_mean": 222.2031024531023, "episode_len_mean": 905.0, "episodes_this_iter": 0, "num_healthy_workers": 7, "timesteps_total": 33600, "episodes_total": 28, "training_iteration": 6, "timestamp": 1601915801, "time_this_iter_s": 110.12757229804993, "time_total_s": 662.016811132431, "time_since_restore": 662.016811132431, "timesteps_since_restore": 0, "iterations_since_restore": 6, "timers/sample_time_ms": 2297.491, "timers/sample_throughput": 2437.442, "timers/learn_time_ms": 108000.701, "timers/learn_throughput": 51.852, "timers/update_time_ms": 7.856, "info/num_steps_sampled": 33600, "info/num_steps_trained": 33600, "perf/cpu_util_percent": 17.650993377483445, "perf/ram_util_percent": 3.1999999999999993, "info/learner/default_policy/allreduce_latency": 0.0, "info/learner/default_policy/cur_kl_coeff": 1.5187499999999998, "info/learner/default_policy/cur_lr": 0.00010000000000000003, "info/learner/default_policy/total_loss": 4.575078747489235, "info/learner/default_policy/policy_loss": -0.17925269088961862, "info/learner/default_policy/vf_loss": 4.725003930655393, "info/learner/default_policy/vf_explained_var": 0.9387272000312805, "info/learner/default_policy/kl": 0.019310382300649177, "info/learner/default_policy/entropy": 1.0564236857674338, "info/learner/default_policy/entropy_coeff": 0.0, "_step": 5, "_runtime": 665, "_timestamp": 1601915801, "custom_metrics/time_step_mean": 2133.1071428571427, "custom_metrics/time_step_min": 0, "custom_metrics/time_step_max": 3778, "sampler_perf/mean_env_wait_ms": 1.2693508588824451, "sampler_perf/mean_raw_obs_processing_ms": 0.26663604787910333, "sampler_perf/mean_inference_ms": 2.779975212446767, "sampler_perf/mean_action_processing_ms": 0.10665829304234913}