{"time_step_min": 3114, "_step": 7, "_runtime": 628, "_timestamp": 1602513556, "time_step_max": 4459, "time_step_mean": 3435.027068661972, "episode_reward_max": 279.6262626262625, "episode_reward_min": 74.77777777777752, "episode_reward_mean": 230.303748969397, "episodes_total": 4582, "training_iteration": 24}