{"nb_episodes": 1, "avg_best_result": 197.64646464646484, "best_episode": 197.64646464646484, "best_timestep": 3735, "_step": 0, "_runtime": 1, "_timestamp": 1602708313}