{"time_step_min": 3198, "_step": 7, "_runtime": 1029, "_timestamp": 1602596535, "time_step_max": 4712, "time_step_mean": 3610.752367813652, "episode_reward_max": 283.4444444444439, "episode_reward_min": 52.08080808080807, "episode_reward_mean": 218.8942116345517, "episodes_total": 37734, "training_iteration": 1065}