{"episode_reward_max": 260.27272727272697, "episode_reward_min": 155.333333333333, "episode_reward_mean": 219.84401154401138, "episode_len_mean": 882.3714285714286, "episodes_this_iter": 0, "num_healthy_workers": 7, "timesteps_total": 72800, "episodes_total": 70, "training_iteration": 13, "timestamp": 1601913383, "time_this_iter_s": 52.56827998161316, "time_total_s": 617.2969965934753, "time_since_restore": 617.2969965934753, "timesteps_since_restore": 0, "iterations_since_restore": 13, "timers/sample_time_ms": 1500.818, "timers/sample_throughput": 3731.298, "timers/learn_time_ms": 45905.896, "timers/learn_throughput": 121.989, "timers/update_time_ms": 7.469, "info/num_steps_sampled": 72800, "info/num_steps_trained": 72800, "perf/cpu_util_percent": 18.183333333333334, "perf/ram_util_percent": 2.9486111111111106, "info/learner/default_policy/allreduce_latency": 0.0, "info/learner/default_policy/cur_kl_coeff": 2.5628906249999996, "info/learner/default_policy/cur_lr": 0.0005, "info/learner/default_policy/total_loss": 3.0011136640201914, "info/learner/default_policy/policy_loss": -0.17259290740317243, "info/learner/default_policy/vf_loss": 3.1302433095195075, "info/learner/default_policy/vf_explained_var": 0.9940977692604065, "info/learner/default_policy/kl": 0.0169977149926126, "info/learner/default_policy/entropy": 1.0002042231234638, "info/learner/default_policy/entropy_coeff": 0.00010000000000000003, "_step": 12, "_runtime": 622, "_timestamp": 1601913384, "custom_metrics/time_step_mean": 2599.9, "custom_metrics/time_step_min": 0, "custom_metrics/time_step_max": 4028, "sampler_perf/mean_env_wait_ms": 1.308676537326894, "sampler_perf/mean_raw_obs_processing_ms": 0.24381589528961303, "sampler_perf/mean_inference_ms": 1.819289808429782, "sampler_perf/mean_action_processing_ms": 0.09754786105982491}