{"time_step_min": 3199, "_step": 7, "_runtime": 624, "_timestamp": 1602468603, "time_step_max": 4269, "time_step_mean": 3502.689429928741, "episode_reward_max": 286.77777777777754, "episode_reward_min": 119.20202020201998, "episode_reward_mean": 235.29573116322229, "episodes_total": 3396, "training_iteration": 18}