{"episode_reward_max": 266.969696969697, "episode_reward_min": 156.65656565656548, "episode_reward_mean": 227.2051948051947, "episode_len_mean": 860.4, "episodes_this_iter": 7, "num_healthy_workers": 7, "timesteps_total": 33600, "episodes_total": 35, "training_iteration": 8, "timestamp": 1601909065, "time_this_iter_s": 81.79217004776001, "time_total_s": 654.6083397865295, "time_since_restore": 654.6083397865295, "timesteps_since_restore": 0, "iterations_since_restore": 8, "timers/sample_time_ms": 2835.145, "timers/sample_throughput": 1481.406, "timers/learn_time_ms": 78957.095, "timers/learn_throughput": 53.193, "timers/update_time_ms": 8.024, "info/num_steps_sampled": 33600, "info/num_steps_trained": 33600, "perf/cpu_util_percent": 19.639639639639647, "perf/ram_util_percent": 2.973873873873874, "info/learner/default_policy/allreduce_latency": 0.0, "info/learner/default_policy/cur_kl_coeff": 0.5062500000000001, "info/learner/default_policy/cur_lr": 5e-05, "info/learner/default_policy/total_loss": 116.32342529296875, "info/learner/default_policy/policy_loss": -0.08865492999779456, "info/learner/default_policy/vf_loss": 116.4036513819839, "info/learner/default_policy/vf_explained_var": 0.8921351432800293, "info/learner/default_policy/kl": 0.016856293024664574, "info/learner/default_policy/entropy": 1.0402509281129548, "info/learner/default_policy/entropy_coeff": 0.0001, "_step": 7, "_runtime": 658, "_timestamp": 1601909065, "custom_metrics/time_step_mean": 3548.9714285714285, "custom_metrics/time_step_min": 3283, "custom_metrics/time_step_max": 4017, "sampler_perf/mean_env_wait_ms": 0.7164683749258117, "sampler_perf/mean_raw_obs_processing_ms": 0.1723961787975134, "sampler_perf/mean_inference_ms": 2.7915409769010022, "sampler_perf/mean_action_processing_ms": 0.08350293094340677}