{"time_step_min": 3313, "_step": 7, "_runtime": 633, "_timestamp": 1602375835, "time_step_max": 4056, "time_step_mean": 3599.8811341330425, "episode_reward_max": 265.4141414141417, "episode_reward_min": 128.14141414141417, "episode_reward_mean": 220.62177328843975, "episodes_total": 945, "training_iteration": 5}