{"time_step_min": 3238, "_step": 7, "_runtime": 635, "_timestamp": 1602375191, "time_step_max": 4378, "time_step_mean": 3549.5276211950395, "episode_reward_max": 279.0505050505051, "episode_reward_min": 81.92929292929283, "episode_reward_mean": 228.2979289539692, "episodes_total": 3576, "training_iteration": 18}