{"episode_reward_max": 122.80808080808065, "episode_reward_min": -35.171717171717326, "episode_reward_mean": 62.99868686868671, "episode_len_mean": 792.5065, "episodes_this_iter": 794, "num_healthy_workers": 80, "timesteps_total": 4952086, "episodes_total": 6334, "training_iteration": 8, "timestamp": 1606825566, "time_this_iter_s": 77.65958571434021, "time_total_s": 612.437872171402, "time_since_restore": 612.437872171402, "timesteps_since_restore": 0, "iterations_since_restore": 8, "custom_metrics/time_step_mean": 2817.983, "custom_metrics/time_step_min": 2535, "custom_metrics/time_step_max": 3302, "sampler_perf/mean_env_wait_ms": 4.922879252957375, "sampler_perf/mean_raw_obs_processing_ms": 1.2113791353574608, "sampler_perf/mean_inference_ms": 5.5058870788567145, "sampler_perf/mean_action_processing_ms": 0.37979249221397826, "timers/sample_time_ms": 17897.785, "timers/sample_throughput": 34585.886, "timers/load_time_ms": 1589.716, "timers/load_throughput": 389384.432, "timers/learn_time_ms": 56806.146, "timers/learn_throughput": 10896.898, "timers/update_time_ms": 54.483, "info/num_steps_sampled": 4952086, "info/num_steps_trained": 4952086, "perf/cpu_util_percent": 27.03548387096775, "perf/ram_util_percent": 8.678494623655919, "perf/gpu_util_percent0": 0.5687096774193549, "perf/vram_util_percent0": 0.381354542472942, "info/learner/default_policy/cur_kl_coeff": 0.002533979481086135, "info/learner/default_policy/cur_lr": 0.00032343302154913545, "info/learner/default_policy/total_loss": 150.28025817871094, "info/learner/default_policy/policy_loss": -0.1279602348804474, "info/learner/default_policy/vf_loss": 209.98809814453125, "info/learner/default_policy/vf_explained_var": 0.908380389213562, "info/learner/default_policy/kl": 0.0734214261174202, "info/learner/default_policy/entropy": 0.67469322681427, "info/learner/default_policy/entropy_coeff": 0.0026740296743810177, "_step": 7, "_runtime": 632, "_timestamp": 1606825566}