{"time_step_min": 3194.0, "_step": 5, "_runtime": 649, "_timestamp": 1602190423, "episode_reward_max": 284.79797979798, "episode_reward_min": 131.9090909090908, "episode_reward_mean": 233.11023061454586, "episodes_total": 3476, "training_iteration": 9}