{"episode_reward_max": 263.07070707070704, "episode_reward_min": 144.38383838383803, "episode_reward_mean": 218.05916305916293, "episode_len_mean": 872.8571428571429, "episodes_this_iter": 0, "num_healthy_workers": 7, "timesteps_total": 29400, "episodes_total": 28, "training_iteration": 7, "timestamp": 1601907774, "time_this_iter_s": 93.7674388885498, "time_total_s": 619.9215366840363, "time_since_restore": 619.9215366840363, "timesteps_since_restore": 0, "iterations_since_restore": 7, "timers/sample_time_ms": 2745.274, "timers/sample_throughput": 1529.902, "timers/learn_time_ms": 85779.789, "timers/learn_throughput": 48.963, "timers/update_time_ms": 7.649, "info/num_steps_sampled": 29400, "info/num_steps_trained": 29400, "perf/cpu_util_percent": 19.582677165354333, "perf/ram_util_percent": 2.8724409448818893, "info/learner/default_policy/allreduce_latency": 0.0, "info/learner/default_policy/cur_kl_coeff": 1.5187500000000003, "info/learner/default_policy/cur_lr": 0.0005, "info/learner/default_policy/total_loss": 1.6097235679626465, "info/learner/default_policy/policy_loss": -0.2135410306580139, "info/learner/default_policy/vf_loss": 1.7832861885879978, "info/learner/default_policy/vf_explained_var": 0.9909237027168274, "info/learner/default_policy/kl": 0.026395290582017464, "info/learner/default_policy/entropy": 1.0939859296336318, "info/learner/default_policy/entropy_coeff": 0.0001, "_step": 6, "_runtime": 623, "_timestamp": 1601907774, "custom_metrics/time_step_mean": 3610.25, "custom_metrics/time_step_min": 3317, "custom_metrics/time_step_max": 4098, "sampler_perf/mean_env_wait_ms": 0.7396529653705386, "sampler_perf/mean_raw_obs_processing_ms": 0.1718160238703883, "sampler_perf/mean_inference_ms": 2.6723130465727327, "sampler_perf/mean_action_processing_ms": 0.08495822348610356}