{"time_step_min": 3108.0, "_step": 5, "_runtime": 640, "_timestamp": 1602231507, "episode_reward_max": 294.6161616161612, "episode_reward_min": 115.78787878787877, "episode_reward_mean": 245.70029744480098, "episodes_total": 3002, "training_iteration": 16}