{"time_step_min": 3168.0, "_step": 5, "_runtime": 614, "_timestamp": 1602221712, "episode_reward_max": 290.0505050505048, "episode_reward_min": 125.78787878787873, "episode_reward_mean": 240.61831156976777, "episodes_total": 5356, "training_iteration": 14}