{"time_step_min": 3169, "_step": 7, "_runtime": 630, "_timestamp": 1602394429, "time_step_max": 4157, "time_step_mean": 3491.456838905775, "episode_reward_max": 285.86868686868684, "episode_reward_min": 136.17171717171695, "episode_reward_mean": 237.42502785540748, "episodes_total": 3318, "training_iteration": 17}