{"episode_reward_max": 257.8282828282826, "episode_reward_min": 177.78787878787858, "episode_reward_mean": 225.38636363636348, "episode_len_mean": 876.4642857142857, "episodes_this_iter": 0, "num_healthy_workers": 7, "timesteps_total": 29400, "episodes_total": 28, "training_iteration": 7, "timestamp": 1601908374, "time_this_iter_s": 94.53543615341187, "time_total_s": 628.5969417095184, "time_since_restore": 628.5969417095184, "timesteps_since_restore": 0, "iterations_since_restore": 7, "timers/sample_time_ms": 2640.833, "timers/sample_throughput": 1590.407, "timers/learn_time_ms": 87125.562, "timers/learn_throughput": 48.206, "timers/update_time_ms": 7.187, "info/num_steps_sampled": 29400, "info/num_steps_trained": 29400, "perf/cpu_util_percent": 17.834883720930232, "perf/ram_util_percent": 2.987596899224806, "info/learner/default_policy/allreduce_latency": 0.0, "info/learner/default_policy/cur_kl_coeff": 1.1390625, "info/learner/default_policy/cur_lr": 0.0005, "info/learner/default_policy/total_loss": 3.1308736187039, "info/learner/default_policy/policy_loss": -0.20645968367656073, "info/learner/default_policy/vf_loss": 3.3024890567317153, "info/learner/default_policy/vf_explained_var": 0.9809726476669312, "info/learner/default_policy/kl": 0.030684348478010208, "info/learner/default_policy/entropy": 1.071699478409507, "info/learner/default_policy/entropy_coeff": 0.0001, "_step": 6, "_runtime": 631, "_timestamp": 1601908374, "custom_metrics/time_step_mean": 3561.5714285714284, "custom_metrics/time_step_min": 3343, "custom_metrics/time_step_max": 3875, "sampler_perf/mean_env_wait_ms": 0.6963376719598438, "sampler_perf/mean_raw_obs_processing_ms": 0.1587618851154533, "sampler_perf/mean_inference_ms": 2.565201838539609, "sampler_perf/mean_action_processing_ms": 0.07556305505169529}