{"episode_reward_max": 270.56565656565675, "episode_reward_min": 146.92929292929273, "episode_reward_mean": 228.93141414141417, "episode_len_mean": 820.044, "episodes_this_iter": 99, "num_healthy_workers": 11, "timesteps_total": 3273087, "episodes_total": 4016, "training_iteration": 40, "timestamp": 1605836732, "time_this_iter_s": 37.226897954940796, "time_total_s": 1405.421457529068, "time_since_restore": 1405.421457529068, "timesteps_since_restore": 0, "iterations_since_restore": 40, "custom_metrics/time_step_mean": 3533.385, "custom_metrics/time_step_min": 3294, "custom_metrics/time_step_max": 3986, "sampler_perf/mean_env_wait_ms": 4.59757008583758, "sampler_perf/mean_raw_obs_processing_ms": 1.0301547788522296, "sampler_perf/mean_inference_ms": 9.3884807530198, "sampler_perf/mean_action_processing_ms": 0.2962714128546513, "timers/sample_time_ms": 18940.152, "timers/sample_throughput": 4286.36, "timers/learn_time_ms": 15672.513, "timers/learn_throughput": 5180.044, "timers/update_time_ms": 11.479, "info/num_steps_sampled": 3273087, "info/num_steps_trained": 3273087, "perf/cpu_util_percent": 49.95434782608696, "perf/ram_util_percent": 21.14782608695652, "perf/gpu_util_percent0": 0.30500000000000005, "perf/vram_util_percent0": 0.6120894422147597, "info/learner/default_policy/allreduce_latency": 0.0, "info/learner/default_policy/cur_kl_coeff": 5.554371818119388e-13, "info/learner/default_policy/cur_lr": 0.0004286575095710978, "info/learner/default_policy/total_loss": 0.6627400040626525, "info/learner/default_policy/policy_loss": -0.07940385937690735, "info/learner/default_policy/vf_loss": 1.1524551391601563, "info/learner/default_policy/vf_explained_var": 0.9995557069778442, "info/learner/default_policy/kl": 0.03170461878180504, "info/learner/default_policy/entropy": 0.42737839221954343, "info/learner/default_policy/entropy_coeff": 2.8189334982660657e-05, "_step": 39, "_runtime": 1423, "_timestamp": 1605836732}