{"episode_reward_max": 308.5959595959595, "episode_reward_min": 188.44444444444417, "episode_reward_mean": 269.1271717171714, "episode_len_mean": 816.291, "episodes_this_iter": 99, "num_healthy_workers": 11, "timesteps_total": 3466739, "episodes_total": 4057, "training_iteration": 41, "timestamp": 1605861971, "time_this_iter_s": 31.514182806015015, "time_total_s": 1457.0472450256348, "time_since_restore": 1457.0472450256348, "timesteps_since_restore": 0, "iterations_since_restore": 41, "custom_metrics/time_step_mean": 3277.407, "custom_metrics/time_step_min": 3054, "custom_metrics/time_step_max": 3562, "sampler_perf/mean_env_wait_ms": 4.402770850437069, "sampler_perf/mean_raw_obs_processing_ms": 1.0508752793981957, "sampler_perf/mean_inference_ms": 9.744949720166057, "sampler_perf/mean_action_processing_ms": 0.3058920816433817, "timers/sample_time_ms": 18389.98, "timers/sample_throughput": 4407.172, "timers/learn_time_ms": 15837.841, "timers/learn_throughput": 5117.352, "timers/update_time_ms": 12.399, "info/num_steps_sampled": 3466739, "info/num_steps_trained": 3466739, "perf/cpu_util_percent": 46.06341463414635, "perf/ram_util_percent": 21.160975609756097, "perf/gpu_util_percent0": 0.3353658536585366, "perf/vram_util_percent0": 0.6120894422147596, "info/learner/default_policy/allreduce_latency": 0.0, "info/learner/default_policy/cur_kl_coeff": 1.8398342223036707e-13, "info/learner/default_policy/cur_lr": 4.762472492468484e-05, "info/learner/default_policy/total_loss": 5.610639810562134, "info/learner/default_policy/policy_loss": -0.018157813837751745, "info/learner/default_policy/vf_loss": 9.7609299659729, "info/learner/default_policy/vf_explained_var": 0.9988690614700317, "info/learner/default_policy/kl": 0.008435849845409394, "info/learner/default_policy/entropy": 0.8174644708633423, "info/learner/default_policy/entropy_coeff": 1.6502394081338605e-05, "_step": 40, "_runtime": 1480, "_timestamp": 1605861972}