{"episode_reward_max": 271.85858585858614, "episode_reward_min": 153.36363636363592, "episode_reward_mean": 230.85233285233267, "episode_len_mean": 888.9047619047619, "episodes_this_iter": 14, "num_healthy_workers": 7, "timesteps_total": 78400, "episodes_total": 84, "training_iteration": 14, "timestamp": 1601913407, "time_this_iter_s": 42.854246854782104, "time_total_s": 614.8726017475128, "time_since_restore": 614.8726017475128, "timesteps_since_restore": 0, "iterations_since_restore": 14, "timers/sample_time_ms": 1511.519, "timers/sample_throughput": 3704.882, "timers/learn_time_ms": 41904.315, "timers/learn_throughput": 133.638, "timers/update_time_ms": 7.3, "info/num_steps_sampled": 78400, "info/num_steps_trained": 78400, "perf/cpu_util_percent": 18.756451612903227, "perf/ram_util_percent": 2.8758064516129034, "info/learner/default_policy/allreduce_latency": 0.0, "info/learner/default_policy/cur_kl_coeff": 1.5187499999999998, "info/learner/default_policy/cur_lr": 0.00010000000000000003, "info/learner/default_policy/total_loss": 47.863244100050494, "info/learner/default_policy/policy_loss": -0.12161555238576098, "info/learner/default_policy/vf_loss": 47.962834098122336, "info/learner/default_policy/vf_explained_var": 0.9718732833862305, "info/learner/default_policy/kl": 0.014501835685223341, "info/learner/default_policy/entropy": 0.9409725151278756, "info/learner/default_policy/entropy_coeff": 0.0, "_step": 13, "_runtime": 622, "_timestamp": 1601913407, "custom_metrics/time_step_mean": 2612.1666666666665, "custom_metrics/time_step_min": 0, "custom_metrics/time_step_max": 4033, "sampler_perf/mean_env_wait_ms": 1.3013769949334004, "sampler_perf/mean_raw_obs_processing_ms": 0.24092402316073985, "sampler_perf/mean_inference_ms": 1.8138227086020329, "sampler_perf/mean_action_processing_ms": 0.09814029187093212}