{"time_step_min": 3172.0, "_step": 5, "_runtime": 614, "_timestamp": 1602197734, "episode_reward_max": 284.90909090909093, "episode_reward_min": 115.78787878787877, "episode_reward_mean": 228.10593274517302, "episodes_total": 316, "training_iteration": 2}