{"time_step_min": 3142.0, "_step": 5, "_runtime": 677, "_timestamp": 1602242627, "episode_reward_max": 288.21212121212113, "episode_reward_min": 131.2424242424242, "episode_reward_mean": 234.91448846512122, "episodes_total": 2212, "training_iteration": 6}