{"time_step_min": 3164.0, "_step": 5, "_runtime": 642, "_timestamp": 1602185253, "episode_reward_max": 285.3333333333336, "episode_reward_min": 115.78787878787877, "episode_reward_mean": 233.52702431183442, "episodes_total": 3318, "training_iteration": 17}