{"time_step_min": 3098, "_step": 7, "_runtime": 629, "_timestamp": 1602461574, "time_step_max": 4172, "time_step_mean": 3414.4957691473205, "episode_reward_max": 296.62626262626276, "episode_reward_min": 133.89898989898964, "episode_reward_mean": 248.46065137029112, "episodes_total": 4637, "training_iteration": 24}