{"episode_reward_max": 266.1313131313123, "episode_reward_min": 177.36363636363612, "episode_reward_mean": 222.4700577200575, "episode_len_mean": 869.6190476190476, "episodes_this_iter": 11, "num_healthy_workers": 7, "timesteps_total": 78400, "episodes_total": 84, "training_iteration": 14, "timestamp": 1601913482, "time_this_iter_s": 43.945247411727905, "time_total_s": 621.2144498825073, "time_since_restore": 621.2144498825073, "timesteps_since_restore": 0, "iterations_since_restore": 14, "timers/sample_time_ms": 1597.871, "timers/sample_throughput": 3504.664, "timers/learn_time_ms": 42464.941, "timers/learn_throughput": 131.873, "timers/update_time_ms": 7.738, "info/num_steps_sampled": 78400, "info/num_steps_trained": 78400, "perf/cpu_util_percent": 18.036666666666665, "perf/ram_util_percent": 2.891666666666667, "info/learner/default_policy/allreduce_latency": 0.0, "info/learner/default_policy/cur_kl_coeff": 1.0125000000000004, "info/learner/default_policy/cur_lr": 0.00010000000000000003, "info/learner/default_policy/total_loss": 5.188700368458575, "info/learner/default_policy/policy_loss": -0.11150283973918042, "info/learner/default_policy/vf_loss": 5.283924124457619, "info/learner/default_policy/vf_explained_var": 0.9869258999824524, "info/learner/default_policy/kl": 0.016077936203642326, "info/learner/default_policy/entropy": 0.960277100855654, "info/learner/default_policy/entropy_coeff": 0.0, "_step": 13, "_runtime": 624, "_timestamp": 1601913482, "custom_metrics/time_step_mean": 2958.0, "custom_metrics/time_step_min": 0, "custom_metrics/time_step_max": 3862, "sampler_perf/mean_env_wait_ms": 1.338176664423735, "sampler_perf/mean_raw_obs_processing_ms": 0.24959258171148202, "sampler_perf/mean_inference_ms": 1.8738946680337951, "sampler_perf/mean_action_processing_ms": 0.10167923362227486}