{"episode_reward_max": 141.99999999999974, "episode_reward_min": 7.2525252525249595, "episode_reward_mean": 94.03222222222203, "episode_len_mean": 770.0395, "episodes_this_iter": 158, "num_healthy_workers": 80, "timesteps_total": 6201406, "episodes_total": 8008, "training_iteration": 51, "timestamp": 1606832455, "time_this_iter_s": 11.242046356201172, "time_total_s": 583.7060792446136, "time_since_restore": 583.7060792446136, "timesteps_since_restore": 0, "iterations_since_restore": 51, "custom_metrics/time_step_mean": 2662.4405, "custom_metrics/time_step_min": 2425, "custom_metrics/time_step_max": 3092, "sampler_perf/mean_env_wait_ms": 0.7441736206569162, "sampler_perf/mean_raw_obs_processing_ms": 0.251919866884745, "sampler_perf/mean_inference_ms": 3.300313971011489, "sampler_perf/mean_action_processing_ms": 0.12167345098471533, "timers/sample_time_ms": 7770.768, "timers/sample_throughput": 15613.012, "timers/load_time_ms": 277.446, "timers/load_throughput": 437292.838, "timers/learn_time_ms": 3194.808, "timers/learn_throughput": 37975.713, "timers/update_time_ms": 51.062, "info/num_steps_sampled": 6201406, "info/num_steps_trained": 6201406, "perf/cpu_util_percent": 68.275, "perf/ram_util_percent": 6.8, "perf/gpu_util_percent0": 0.25833333333333336, "perf/vram_util_percent0": 0.10831420137750085, "info/learner/default_policy/cur_kl_coeff": 1.112942794479231e-16, "info/learner/default_policy/cur_lr": 0.00024769367882981896, "info/learner/default_policy/total_loss": 190.6544647216797, "info/learner/default_policy/policy_loss": -0.023146232590079308, "info/learner/default_policy/vf_loss": 207.1363525390625, "info/learner/default_policy/vf_explained_var": 0.9045851826667786, "info/learner/default_policy/kl": 0.006964180618524551, "info/learner/default_policy/entropy": 0.6285508871078491, "info/learner/default_policy/entropy_coeff": 0.0008623707690276206, "_step": 50, "_runtime": 607, "_timestamp": 1606832455}