{"episode_reward_max": 269.1313131313129, "episode_reward_min": 187.01010101010007, "episode_reward_mean": 222.36652236652213, "episode_len_mean": 897.1785714285714, "episodes_this_iter": 0, "num_healthy_workers": 7, "timesteps_total": 33600, "episodes_total": 28, "training_iteration": 6, "timestamp": 1601917335, "time_this_iter_s": 103.79068112373352, "time_total_s": 632.832281589508, "time_since_restore": 632.832281589508, "timesteps_since_restore": 0, "iterations_since_restore": 6, "timers/sample_time_ms": 2458.608, "timers/sample_throughput": 2277.711, "timers/learn_time_ms": 102969.569, "timers/learn_throughput": 54.385, "timers/update_time_ms": 7.326, "info/num_steps_sampled": 33600, "info/num_steps_trained": 33600, "perf/cpu_util_percent": 17.55886524822695, "perf/ram_util_percent": 3.335460992907801, "info/learner/default_policy/allreduce_latency": 0.0, "info/learner/default_policy/cur_kl_coeff": 1.0125000000000004, "info/learner/default_policy/cur_lr": 5.0000000000000016e-05, "info/learner/default_policy/total_loss": 2.868690463629636, "info/learner/default_policy/policy_loss": -0.14464812988246029, "info/learner/default_policy/vf_loss": 2.9906961782412096, "info/learner/default_policy/vf_explained_var": 0.9416036009788513, "info/learner/default_policy/kl": 0.022463923955166883, "info/learner/default_policy/entropy": 1.023031627590006, "info/learner/default_policy/entropy_coeff": 0.00010000000000000003, "_step": 5, "_runtime": 635, "_timestamp": 1601917335, "custom_metrics/time_step_mean": 2536.0714285714284, "custom_metrics/time_step_min": 0, "custom_metrics/time_step_max": 3810, "sampler_perf/mean_env_wait_ms": 1.2862537664701232, "sampler_perf/mean_raw_obs_processing_ms": 0.2668003906539823, "sampler_perf/mean_inference_ms": 2.8780484716136514, "sampler_perf/mean_action_processing_ms": 0.10937282097799925}