{"episode_reward_max": 262.1616161616157, "episode_reward_min": 161.1818181818179, "episode_reward_mean": 219.90175565175545, "episode_len_mean": 872.5, "episodes_this_iter": 13, "num_healthy_workers": 7, "timesteps_total": 78400, "episodes_total": 84, "training_iteration": 14, "timestamp": 1601913895, "time_this_iter_s": 43.80418610572815, "time_total_s": 615.1079890727997, "time_since_restore": 615.1079890727997, "timesteps_since_restore": 0, "iterations_since_restore": 14, "timers/sample_time_ms": 1549.811, "timers/sample_throughput": 3613.344, "timers/learn_time_ms": 42012.438, "timers/learn_throughput": 133.294, "timers/update_time_ms": 6.821, "info/num_steps_sampled": 78400, "info/num_steps_trained": 78400, "perf/cpu_util_percent": 18.696666666666665, "perf/ram_util_percent": 2.9650000000000003, "info/learner/default_policy/allreduce_latency": 0.0, "info/learner/default_policy/cur_kl_coeff": 0.30000000000000004, "info/learner/default_policy/cur_lr": 5.0000000000000016e-05, "info/learner/default_policy/total_loss": 32.98194196549329, "info/learner/default_policy/policy_loss": -0.05157609667036344, "info/learner/default_policy/vf_loss": 33.03004025871103, "info/learner/default_policy/vf_explained_var": 0.954282820224762, "info/learner/default_policy/kl": 0.011930769203569402, "info/learner/default_policy/entropy": 1.010669314048507, "info/learner/default_policy/entropy_coeff": 0.00010000000000000003, "_step": 13, "_runtime": 619, "_timestamp": 1601913895, "custom_metrics/time_step_mean": 2567.2023809523807, "custom_metrics/time_step_min": 0, "custom_metrics/time_step_max": 3989, "sampler_perf/mean_env_wait_ms": 1.3380811785686508, "sampler_perf/mean_raw_obs_processing_ms": 0.2512125079849386, "sampler_perf/mean_inference_ms": 1.9286540053102672, "sampler_perf/mean_action_processing_ms": 0.10230079642933514}