{"time_step_min": 3158, "_step": 7, "_runtime": 628, "_timestamp": 1602449392, "time_step_max": 4327, "time_step_mean": 3488.101369064958, "episode_reward_max": 287.53535353535375, "episode_reward_min": 106.77777777777801, "episode_reward_mean": 237.6940920327224, "episodes_total": 3461, "training_iteration": 18}