{"episode_reward_max": 262.01010101010064, "episode_reward_min": 144.87878787878716, "episode_reward_mean": 219.9220779220777, "episode_len_mean": 905.3571428571429, "episodes_this_iter": 0, "num_healthy_workers": 7, "timesteps_total": 33600, "episodes_total": 28, "training_iteration": 6, "timestamp": 1601916857, "time_this_iter_s": 103.29814791679382, "time_total_s": 628.3652591705322, "time_since_restore": 628.3652591705322, "timesteps_since_restore": 0, "iterations_since_restore": 6, "timers/sample_time_ms": 2455.544, "timers/sample_throughput": 2280.554, "timers/learn_time_ms": 102232.463, "timers/learn_throughput": 54.777, "timers/update_time_ms": 8.666, "info/num_steps_sampled": 33600, "info/num_steps_trained": 33600, "perf/cpu_util_percent": 17.233571428571427, "perf/ram_util_percent": 3.1000000000000005, "info/learner/default_policy/allreduce_latency": 0.0, "info/learner/default_policy/cur_kl_coeff": 1.5187499999999998, "info/learner/default_policy/cur_lr": 0.00010000000000000003, "info/learner/default_policy/total_loss": 1.7953154851089825, "info/learner/default_policy/policy_loss": -0.14918309869244695, "info/learner/default_policy/vf_loss": 1.91254092075608, "info/learner/default_policy/vf_explained_var": 0.9535024166107178, "info/learner/default_policy/kl": 0.021105904343791983, "info/learner/default_policy/entropy": 0.9692703702233054, "info/learner/default_policy/entropy_coeff": 0.00010000000000000003, "_step": 5, "_runtime": 631, "_timestamp": 1601916857, "custom_metrics/time_step_mean": 2404.964285714286, "custom_metrics/time_step_min": 0, "custom_metrics/time_step_max": 3818, "sampler_perf/mean_env_wait_ms": 1.2653158147911387, "sampler_perf/mean_raw_obs_processing_ms": 0.26876586369797145, "sampler_perf/mean_inference_ms": 2.8790307011293033, "sampler_perf/mean_action_processing_ms": 0.11030251690682406}