{"time_step_min": 3194, "_step": 7, "_runtime": 621, "_timestamp": 1602374546, "time_step_max": 4319, "time_step_mean": 3588.7201986754967, "episode_reward_max": 282.08080808080786, "episode_reward_min": 111.62626262626269, "episode_reward_mean": 221.46204129906639, "episodes_total": 632, "training_iteration": 4}