{"episode_reward_max": 253.72727272727306, "episode_reward_min": 178.60606060606037, "episode_reward_mean": 223.4350649350648, "episode_len_mean": 882.0714285714286, "episodes_this_iter": 7, "num_healthy_workers": 7, "timesteps_total": 12600, "episodes_total": 14, "training_iteration": 3, "timestamp": 1601911125, "time_this_iter_s": 269.7008640766144, "time_total_s": 828.9988341331482, "time_since_restore": 828.9988341331482, "timesteps_since_restore": 0, "iterations_since_restore": 3, "timers/sample_time_ms": 4971.113, "timers/sample_throughput": 844.881, "timers/learn_time_ms": 271297.084, "timers/learn_throughput": 15.481, "timers/update_time_ms": 18.275, "info/num_steps_sampled": 12600, "info/num_steps_trained": 12600, "perf/cpu_util_percent": 17.090833333333336, "perf/ram_util_percent": 3.58638888888889, "info/learner/default_policy/allreduce_latency": 0.0, "info/learner/default_policy/cur_kl_coeff": 0.45000000000000007, "info/learner/default_policy/cur_lr": 0.0001, "info/learner/default_policy/total_loss": 241.87473089044744, "info/learner/default_policy/policy_loss": -0.18831944126974454, "info/learner/default_policy/vf_loss": 242.0455303770123, "info/learner/default_policy/vf_explained_var": 0.7888525724411011, "info/learner/default_policy/kl": 0.03914775981596022, "info/learner/default_policy/entropy": 1.0141780791860637, "info/learner/default_policy/entropy_coeff": 0.0001, "_step": 2, "_runtime": 833, "_timestamp": 1601911127, "custom_metrics/time_step_mean": 3576.285714285714, "custom_metrics/time_step_min": 3381, "custom_metrics/time_step_max": 3868, "sampler_perf/mean_env_wait_ms": 0.6810615455502893, "sampler_perf/mean_raw_obs_processing_ms": 0.18749712073562078, "sampler_perf/mean_inference_ms": 5.609430950796819, "sampler_perf/mean_action_processing_ms": 0.08939149960548384}