{"time_step_min": 3218, "_step": 7, "_runtime": 628, "_timestamp": 1602360448, "time_step_max": 4214, "time_step_mean": 3537.1296296296296, "episode_reward_max": 278.44444444444474, "episode_reward_min": 127.53535353535341, "episode_reward_mean": 229.99200869454037, "episodes_total": 3160, "training_iteration": 16}