{"time_step_min": 3282, "_step": 7, "_runtime": 633, "_timestamp": 1602523333, "time_step_max": 4229, "time_step_mean": 3622.492929739284, "episode_reward_max": 280.34343434343396, "episode_reward_min": 130.34343434343387, "episode_reward_mean": 227.47578143641104, "episodes_total": 4572, "training_iteration": 24}