{"nb_episodes": 1, "avg_best_result": 209.4343434343432, "best_episode": 209.4343434343432, "best_timestep": 3742, "_step": 0, "_runtime": 1, "_timestamp": 1602708279}