{"time_step_min": 3007, "_step": 7, "_runtime": 626, "_timestamp": 1602522047, "time_step_max": 3975, "time_step_mean": 3335.469293418446, "episode_reward_max": 290.43434343434376, "episode_reward_min": 142.55555555555537, "episode_reward_mean": 239.60990525067356, "episodes_total": 4582, "training_iteration": 23}