{"time_step_min": 3202, "_step": 7, "_runtime": 954, "_timestamp": 1602592037, "time_step_max": 4466, "time_step_mean": 3608.6527337785174, "episode_reward_max": 280.86868686868655, "episode_reward_min": 78.89898989898968, "episode_reward_mean": 218.94788276834575, "episodes_total": 43952, "training_iteration": 828}