{"time_step_min": 3253, "_step": 7, "_runtime": 643, "_timestamp": 1602381013, "time_step_max": 4512, "time_step_mean": 3547.1896, "episode_reward_max": 275.11111111111063, "episode_reward_min": 82.3838383838378, "episode_reward_mean": 228.5915843562204, "episodes_total": 2528, "training_iteration": 13}