{"time_step_min": 3233, "_step": 7, "_runtime": 641, "_timestamp": 1602389339, "time_step_max": 4175, "time_step_mean": 3535.5812720848053, "episode_reward_max": 277.68686868686825, "episode_reward_min": 133.4444444444443, "episode_reward_mean": 229.929907896318, "episodes_total": 2858, "training_iteration": 15}