{"episode_reward_max": 148.46464646464636, "episode_reward_min": 11.494949494949328, "episode_reward_mean": 98.63202020202013, "episode_len_mean": 673.0185, "episodes_this_iter": 240, "num_healthy_workers": 80, "timesteps_total": 8075452, "episodes_total": 11518, "training_iteration": 49, "timestamp": 1606830587, "time_this_iter_s": 11.567967891693115, "time_total_s": 590.4898056983948, "time_since_restore": 590.4898056983948, "timesteps_since_restore": 0, "iterations_since_restore": 49, "custom_metrics/time_step_mean": 2639.9085, "custom_metrics/time_step_min": 2393, "custom_metrics/time_step_max": 3071, "sampler_perf/mean_env_wait_ms": 1.6044020429133203, "sampler_perf/mean_raw_obs_processing_ms": 0.3973597140052225, "sampler_perf/mean_inference_ms": 2.9034250198168543, "sampler_perf/mean_action_processing_ms": 0.17197992111426344, "timers/sample_time_ms": 6797.365, "timers/sample_throughput": 23730.812, "timers/load_time_ms": 377.01, "timers/load_throughput": 427858.394, "timers/learn_time_ms": 4568.999, "timers/learn_throughput": 35304.668, "timers/update_time_ms": 42.507, "info/num_steps_sampled": 8075452, "info/num_steps_trained": 8075452, "perf/cpu_util_percent": 44.96428571428571, "perf/ram_util_percent": 6.642857142857144, "perf/gpu_util_percent0": 0.32857142857142857, "perf/vram_util_percent0": 0.19752377828796328, "info/learner/default_policy/cur_kl_coeff": 1.2088052718287035e-15, "info/learner/default_policy/cur_lr": 1.409966716892086e-05, "info/learner/default_policy/total_loss": 336.9152526855469, "info/learner/default_policy/policy_loss": -0.003112681210041046, "info/learner/default_policy/vf_loss": 376.3099365234375, "info/learner/default_policy/vf_explained_var": 0.8569814562797546, "info/learner/default_policy/kl": 0.005762395914644003, "info/learner/default_policy/entropy": 0.7086248397827148, "info/learner/default_policy/entropy_coeff": 0.004415484610944986, "_step": 48, "_runtime": 613, "_timestamp": 1606830587}