{"episode_reward_max": 289.5050505050501, "episode_reward_min": 186.92929292929296, "episode_reward_mean": 247.34505050505035, "episode_len_mean": 833.615, "episodes_this_iter": 99, "num_healthy_workers": 11, "timesteps_total": 3382537, "episodes_total": 4058, "training_iteration": 41, "timestamp": 1605866575, "time_this_iter_s": 31.947674036026, "time_total_s": 1433.8197655677795, "time_since_restore": 1433.8197655677795, "timesteps_since_restore": 0, "iterations_since_restore": 41, "custom_metrics/time_step_mean": 3430.573, "custom_metrics/time_step_min": 3189, "custom_metrics/time_step_max": 3784, "sampler_perf/mean_env_wait_ms": 4.613055626283306, "sampler_perf/mean_raw_obs_processing_ms": 1.0670313038353183, "sampler_perf/mean_inference_ms": 9.913353134632365, "sampler_perf/mean_action_processing_ms": 0.311777526825869, "timers/sample_time_ms": 19113.212, "timers/sample_throughput": 4318.489, "timers/learn_time_ms": 16307.538, "timers/learn_throughput": 5061.475, "timers/update_time_ms": 12.592, "info/num_steps_sampled": 3382537, "info/num_steps_trained": 3382537, "perf/cpu_util_percent": 45.54761904761905, "perf/ram_util_percent": 21.20714285714286, "perf/gpu_util_percent0": 0.35285714285714287, "perf/vram_util_percent0": 0.6120894422147596, "info/learner/default_policy/allreduce_latency": 0.0, "info/learner/default_policy/cur_kl_coeff": 9.835352533577734e-13, "info/learner/default_policy/cur_lr": 0.0002456278792874103, "info/learner/default_policy/total_loss": 2.369559331373735, "info/learner/default_policy/policy_loss": -0.030739093305204402, "info/learner/default_policy/vf_loss": 2.480158654126254, "info/learner/default_policy/vf_explained_var": 0.9997066855430603, "info/learner/default_policy/kl": 0.019033756107091904, "info/learner/default_policy/entropy": 0.7929409092122858, "info/learner/default_policy/entropy_coeff": 3.9107244134252755e-05, "_step": 40, "_runtime": 1457, "_timestamp": 1605866575}