{"time_step_min": 3092.0, "_step": 5, "_runtime": 634, "_timestamp": 1602237294, "episode_reward_max": 305.71717171717154, "episode_reward_min": 136.75757575757572, "episode_reward_mean": 247.06343592289227, "episodes_total": 5372, "training_iteration": 14}