{"episode_reward_max": 266.29292929292905, "episode_reward_min": 145.63636363636365, "episode_reward_mean": 225.8554112554111, "episode_len_mean": 852.2857142857143, "episodes_this_iter": 7, "num_healthy_workers": 7, "timesteps_total": 33600, "episodes_total": 35, "training_iteration": 8, "timestamp": 1601908408, "time_this_iter_s": 79.36839962005615, "time_total_s": 646.8183529376984, "time_since_restore": 646.8183529376984, "timesteps_since_restore": 0, "iterations_since_restore": 8, "timers/sample_time_ms": 2773.926, "timers/sample_throughput": 1514.099, "timers/learn_time_ms": 78045.281, "timers/learn_throughput": 53.815, "timers/update_time_ms": 7.768, "info/num_steps_sampled": 33600, "info/num_steps_trained": 33600, "perf/cpu_util_percent": 18.50277777777778, "perf/ram_util_percent": 2.9574074074074077, "info/learner/default_policy/allreduce_latency": 0.0, "info/learner/default_policy/cur_kl_coeff": 1.5187500000000003, "info/learner/default_policy/cur_lr": 0.0001, "info/learner/default_policy/total_loss": 28.424135237029105, "info/learner/default_policy/policy_loss": -0.12501916108709393, "info/learner/default_policy/vf_loss": 28.52708932125207, "info/learner/default_policy/vf_explained_var": 0.9673282504081726, "info/learner/default_policy/kl": 0.014596766538240692, "info/learner/default_policy/entropy": 1.0355002789786367, "info/learner/default_policy/entropy_coeff": 0.0001, "_step": 7, "_runtime": 650, "_timestamp": 1601908408, "custom_metrics/time_step_mean": 3557.4857142857145, "custom_metrics/time_step_min": 3279, "custom_metrics/time_step_max": 4084, "sampler_perf/mean_env_wait_ms": 0.7257162926184672, "sampler_perf/mean_raw_obs_processing_ms": 0.17689498673386553, "sampler_perf/mean_inference_ms": 2.8492286599588224, "sampler_perf/mean_action_processing_ms": 0.08533076617516804}