{"episode_reward_max": 254.49494949494934, "episode_reward_min": 160.4747474747475, "episode_reward_mean": 220.62886002885978, "episode_len_mean": 903.5428571428571, "episodes_this_iter": 7, "num_healthy_workers": 7, "timesteps_total": 33600, "episodes_total": 35, "training_iteration": 8, "timestamp": 1601909094, "time_this_iter_s": 79.6783332824707, "time_total_s": 641.311705827713, "time_since_restore": 641.311705827713, "timesteps_since_restore": 0, "iterations_since_restore": 8, "timers/sample_time_ms": 2661.773, "timers/sample_throughput": 1577.896, "timers/learn_time_ms": 77467.587, "timers/learn_throughput": 54.216, "timers/update_time_ms": 8.671, "info/num_steps_sampled": 33600, "info/num_steps_trained": 33600, "perf/cpu_util_percent": 20.166666666666668, "perf/ram_util_percent": 2.9092592592592603, "info/learner/default_policy/allreduce_latency": 0.0, "info/learner/default_policy/cur_kl_coeff": 1.7085937500000001, "info/learner/default_policy/cur_lr": 0.0005, "info/learner/default_policy/total_loss": 7.264942581003362, "info/learner/default_policy/policy_loss": -0.11429989885425929, "info/learner/default_policy/vf_loss": 7.337689291347157, "info/learner/default_policy/vf_explained_var": 0.9945600032806396, "info/learner/default_policy/kl": 0.02436881529336626, "info/learner/default_policy/entropy": 0.8325149471109564, "info/learner/default_policy/entropy_coeff": 0.0001, "_step": 7, "_runtime": 644, "_timestamp": 1601909094, "custom_metrics/time_step_mean": 3593.2, "custom_metrics/time_step_min": 3367, "custom_metrics/time_step_max": 3993, "sampler_perf/mean_env_wait_ms": 0.703887172068925, "sampler_perf/mean_raw_obs_processing_ms": 0.1749668596071986, "sampler_perf/mean_inference_ms": 2.6713786033931686, "sampler_perf/mean_action_processing_ms": 0.08396488791876096}