{"time_step_min": 3208, "_step": 7, "_runtime": 1011, "_timestamp": 1602599603, "time_step_max": 4374, "time_step_mean": 3611.0149241861945, "episode_reward_max": 279.9595959595957, "episode_reward_min": 85.71717171717164, "episode_reward_mean": 218.94728645711248, "episodes_total": 37756, "training_iteration": 1066}