{"episode_reward_max": 272.38383838383817, "episode_reward_min": 136.62626262626222, "episode_reward_mean": 209.90688131313104, "episode_len_mean": 924.79375, "episodes_this_iter": 98, "num_healthy_workers": 80, "timesteps_total": 534240, "episodes_total": 480, "training_iteration": 6, "timestamp": 1606750948, "time_this_iter_s": 9.697672367095947, "time_total_s": 58.898890256881714, "time_since_restore": 58.898890256881714, "timesteps_since_restore": 0, "iterations_since_restore": 6, "timers/sample_time_ms": 3986.69, "timers/sample_throughput": 22334.32, "timers/load_time_ms": 409.28, "timers/load_throughput": 217553.017, "timers/learn_time_ms": 5297.629, "timers/learn_throughput": 16807.518, "timers/update_time_ms": 40.857, "info/num_steps_sampled": 534240, "info/num_steps_trained": 534240, "perf/cpu_util_percent": 52.833333333333336, "perf/ram_util_percent": 7.2, "perf/gpu_util_percent0": 0.3875, "perf/vram_util_percent0": 0.11880944571990819, "info/learner/default_policy/cur_kl_coeff": 0.00748417479917407, "info/learner/default_policy/cur_lr": 0.0009732767939567566, "info/learner/default_policy/total_loss": 717.3089599609375, "info/learner/default_policy/policy_loss": -0.17665936052799225, "info/learner/default_policy/vf_loss": 1067.0550537109375, "info/learner/default_policy/vf_explained_var": 0.821563720703125, "info/learner/default_policy/kl": 0.11428948491811752, "info/learner/default_policy/entropy": 0.7935889363288879, "info/learner/default_policy/entropy_coeff": 0.006009959150105715, "_step": 5, "_runtime": 78, "_timestamp": 1606750948, "custom_metrics/time_step_mean": 3655.2303921568628, "custom_metrics/time_step_min": 3309, "custom_metrics/time_step_max": 4154, "sampler_perf/mean_env_wait_ms": 2.947207995365603, "sampler_perf/mean_raw_obs_processing_ms": 0.7646370556260091, "sampler_perf/mean_inference_ms": 5.523482394667593, "sampler_perf/mean_action_processing_ms": 0.2636063908852779}