{"episode_reward_max": 265.2727272727268, "episode_reward_min": 180.09090909090853, "episode_reward_mean": 224.47474747474723, "episode_len_mean": 879.1538461538462, "episodes_this_iter": 6, "num_healthy_workers": 7, "timesteps_total": 12600, "episodes_total": 13, "training_iteration": 3, "timestamp": 1601911406, "time_this_iter_s": 281.5112364292145, "time_total_s": 819.4192247390747, "time_since_restore": 819.4192247390747, "timesteps_since_restore": 0, "iterations_since_restore": 3, "timers/sample_time_ms": 5148.699, "timers/sample_throughput": 815.74, "timers/learn_time_ms": 267938.01, "timers/learn_throughput": 15.675, "timers/update_time_ms": 9.884, "info/num_steps_sampled": 12600, "info/num_steps_trained": 12600, "perf/cpu_util_percent": 18.11190476190476, "perf/ram_util_percent": 3.5698412698412705, "info/learner/default_policy/allreduce_latency": 0.0, "info/learner/default_policy/cur_kl_coeff": 0.22500000000000003, "info/learner/default_policy/cur_lr": 5e-05, "info/learner/default_policy/total_loss": 244.98812542539653, "info/learner/default_policy/policy_loss": -0.14707314883443443, "info/learner/default_policy/vf_loss": 245.1275398947976, "info/learner/default_policy/vf_explained_var": 0.7488078474998474, "info/learner/default_policy/kl": 0.034488314536936356, "info/learner/default_policy/entropy": 1.0221672618027888, "info/learner/default_policy/entropy_coeff": 0.0001, "_step": 2, "_runtime": 821, "_timestamp": 1601911406, "custom_metrics/time_step_mean": 3567.769230769231, "custom_metrics/time_step_min": 3292, "custom_metrics/time_step_max": 3859, "sampler_perf/mean_env_wait_ms": 0.6947202840941864, "sampler_perf/mean_raw_obs_processing_ms": 0.18935470607724586, "sampler_perf/mean_inference_ms": 5.548152265126082, "sampler_perf/mean_action_processing_ms": 0.08849652942849638}