{"time_step_min": 3260, "_step": 7, "_runtime": 628, "_timestamp": 1602373917, "time_step_max": 4246, "time_step_mean": 3593.2022653721688, "episode_reward_max": 273.747474747475, "episode_reward_min": 122.68686868686844, "episode_reward_mean": 221.7343849891317, "episodes_total": 1264, "training_iteration": 7}