{"episode_reward_max": 148.26262626262607, "episode_reward_min": 9.878787878787877, "episode_reward_mean": 100.31515151515137, "episode_len_mean": 735.0685, "episodes_this_iter": 558, "num_healthy_workers": 80, "timesteps_total": 8038398, "episodes_total": 10734, "training_iteration": 20, "timestamp": 1606826816, "time_this_iter_s": 29.97717046737671, "time_total_s": 588.881306886673, "time_since_restore": 588.881306886673, "timesteps_since_restore": 0, "iterations_since_restore": 20, "custom_metrics/time_step_mean": 2634.036, "custom_metrics/time_step_min": 2410, "custom_metrics/time_step_max": 3079, "sampler_perf/mean_env_wait_ms": 3.0788076216448763, "sampler_perf/mean_raw_obs_processing_ms": 0.7506521484022375, "sampler_perf/mean_inference_ms": 3.727130885360496, "sampler_perf/mean_action_processing_ms": 0.266977057088558, "timers/sample_time_ms": 11970.596, "timers/sample_throughput": 34475.961, "timers/load_time_ms": 986.73, "timers/load_throughput": 418248.05, "timers/learn_time_ms": 16611.071, "timers/learn_throughput": 24844.744, "timers/update_time_ms": 44.247, "info/num_steps_sampled": 8038398, "info/num_steps_trained": 8038398, "perf/cpu_util_percent": 40.15714285714286, "perf/ram_util_percent": 7.5600000000000005, "perf/gpu_util_percent0": 0.3754285714285714, "perf/vram_util_percent0": 0.3811905542800919, "info/learner/default_policy/cur_kl_coeff": 1.1267853778917925e-06, "info/learner/default_policy/cur_lr": 5.3353418479673564e-05, "info/learner/default_policy/total_loss": 265.8587341308594, "info/learner/default_policy/policy_loss": -0.008462810888886452, "info/learner/default_policy/vf_loss": 272.74420166015625, "info/learner/default_policy/vf_explained_var": 0.8876874446868896, "info/learner/default_policy/kl": 0.008966304361820221, "info/learner/default_policy/entropy": 0.7015628218650818, "info/learner/default_policy/entropy_coeff": 0.00016760466678533703, "_step": 19, "_runtime": 608, "_timestamp": 1606826816}