{"time_step_min": 3128, "_step": 7, "_runtime": 616, "_timestamp": 1602469867, "time_step_max": 4088, "time_step_mean": 3426.510584034685, "episode_reward_max": 295.26262626262576, "episode_reward_min": 145.7171717171716, "episode_reward_mean": 246.96133019227466, "episodes_total": 3949, "training_iteration": 20}