{"episode_reward_max": 277.4040404040402, "episode_reward_min": 183.60606060606037, "episode_reward_mean": 228.29321789321773, "episode_len_mean": 888.1428571428571, "episodes_this_iter": 7, "num_healthy_workers": 7, "timesteps_total": 33600, "episodes_total": 35, "training_iteration": 8, "timestamp": 1601909040, "time_this_iter_s": 78.54537296295166, "time_total_s": 621.0585367679596, "time_since_restore": 621.0585367679596, "timesteps_since_restore": 0, "iterations_since_restore": 8, "timers/sample_time_ms": 2609.415, "timers/sample_throughput": 1609.556, "timers/learn_time_ms": 74990.51, "timers/learn_throughput": 56.007, "timers/update_time_ms": 8.122, "info/num_steps_sampled": 33600, "info/num_steps_trained": 33600, "perf/cpu_util_percent": 18.350467289719628, "perf/ram_util_percent": 3.0046728971962624, "info/learner/default_policy/allreduce_latency": 0.0, "info/learner/default_policy/cur_kl_coeff": 3.4171875, "info/learner/default_policy/cur_lr": 0.0005, "info/learner/default_policy/total_loss": 6.6834664200291485, "info/learner/default_policy/policy_loss": -0.11148426444693045, "info/learner/default_policy/vf_loss": 6.75136212869124, "info/learner/default_policy/vf_explained_var": 0.9935353398323059, "info/learner/default_policy/kl": 0.012783764438195662, "info/learner/default_policy/entropy": 0.9591172247221975, "info/learner/default_policy/entropy_coeff": 0.0001, "_step": 7, "_runtime": 625, "_timestamp": 1601909041, "custom_metrics/time_step_mean": 3542.2, "custom_metrics/time_step_min": 3218, "custom_metrics/time_step_max": 3841, "sampler_perf/mean_env_wait_ms": 0.700203368510281, "sampler_perf/mean_raw_obs_processing_ms": 0.17060279101039927, "sampler_perf/mean_inference_ms": 2.652319932881679, "sampler_perf/mean_action_processing_ms": 0.08080488978135458}