{"time_step_min": 3170, "_step": 7, "_runtime": 621, "_timestamp": 1602368793, "time_step_max": 4303, "time_step_mean": 3469.8751660026564, "episode_reward_max": 290.2626262626263, "episode_reward_min": 114.05050505050473, "episode_reward_mean": 240.2475266772656, "episodes_total": 3793, "training_iteration": 20}