{"time_step_min": 3214, "_step": 7, "_runtime": 646, "_timestamp": 1602379733, "time_step_max": 4351, "time_step_mean": 3540.192003948667, "episode_reward_max": 285.5656565656571, "episode_reward_min": 106.77777777777763, "episode_reward_mean": 229.40885977594826, "episodes_total": 2054, "training_iteration": 11}