{"time_step_min": 3015, "_step": 7, "_runtime": 638, "_timestamp": 1602508372, "time_step_max": 4129, "time_step_mean": 3373.2557397959185, "episode_reward_max": 290.4747474747476, "episode_reward_min": 121.68686868686854, "episode_reward_mean": 236.49167982845972, "episodes_total": 4739, "training_iteration": 24}