{"time_step_min": 3032, "_step": 7, "_runtime": 626, "_timestamp": 1602509012, "time_step_max": 4009, "time_step_mean": 3340.55448787945, "episode_reward_max": 286.1919191919197, "episode_reward_min": 121.49494949494925, "episode_reward_mean": 238.4608077308381, "episodes_total": 4618, "training_iteration": 24}