{"episode_reward_max": 267.21212121212113, "episode_reward_min": 179.45454545454496, "episode_reward_mean": 226.36471861471838, "episode_len_mean": 905.6785714285714, "episodes_this_iter": 0, "num_healthy_workers": 7, "timesteps_total": 33600, "episodes_total": 28, "training_iteration": 6, "timestamp": 1601916700, "time_this_iter_s": 104.41387867927551, "time_total_s": 630.530962228775, "time_since_restore": 630.530962228775, "timesteps_since_restore": 0, "iterations_since_restore": 6, "timers/sample_time_ms": 2444.262, "timers/sample_throughput": 2291.08, "timers/learn_time_ms": 102607.505, "timers/learn_throughput": 54.577, "timers/update_time_ms": 9.044, "info/num_steps_sampled": 33600, "info/num_steps_trained": 33600, "perf/cpu_util_percent": 17.82323943661972, "perf/ram_util_percent": 3.079577464788733, "info/learner/default_policy/allreduce_latency": 0.0, "info/learner/default_policy/cur_kl_coeff": 1.5187499999999998, "info/learner/default_policy/cur_lr": 0.00010000000000000003, "info/learner/default_policy/total_loss": 2.139861602674831, "info/learner/default_policy/policy_loss": -0.15203616975552656, "info/learner/default_policy/vf_loss": 2.2593471705913544, "info/learner/default_policy/vf_explained_var": 0.9228225350379944, "info/learner/default_policy/kl": 0.021432489156723022, "info/learner/default_policy/entropy": 0.9772004837339575, "info/learner/default_policy/entropy_coeff": 0.0, "_step": 5, "_runtime": 633, "_timestamp": 1601916700, "custom_metrics/time_step_mean": 2131.25, "custom_metrics/time_step_min": 0, "custom_metrics/time_step_max": 3797, "sampler_perf/mean_env_wait_ms": 1.3058201207731919, "sampler_perf/mean_raw_obs_processing_ms": 0.27228971492977605, "sampler_perf/mean_inference_ms": 2.860062114425419, "sampler_perf/mean_action_processing_ms": 0.11247292481688127}