{"time_step_min": 3182.0, "_step": 5, "_runtime": 635, "_timestamp": 1602202905, "episode_reward_max": 282.0707070707074, "episode_reward_min": 115.78787878787877, "episode_reward_mean": 236.16680635074508, "episodes_total": 3001, "training_iteration": 15}