{"time_step_min": 3186.0, "_step": 5, "_runtime": 678, "_timestamp": 1602210046, "episode_reward_max": 284.79797979798, "episode_reward_min": 147.0606060606061, "episode_reward_mean": 230.7496164173378, "episodes_total": 948, "training_iteration": 3}