{"episode_reward_max": 278.4343434343432, "episode_reward_min": 150.37373737373744, "episode_reward_mean": 223.32515632515623, "episode_len_mean": 859.8690476190476, "episodes_this_iter": 7, "num_healthy_workers": 7, "timesteps_total": 75600, "episodes_total": 84, "training_iteration": 18, "timestamp": 1601906488, "time_this_iter_s": 34.16709041595459, "time_total_s": 617.3023405075073, "time_since_restore": 617.3023405075073, "timesteps_since_restore": 0, "iterations_since_restore": 18, "timers/sample_time_ms": 1794.184, "timers/sample_throughput": 2340.897, "timers/learn_time_ms": 32295.068, "timers/learn_throughput": 130.051, "timers/update_time_ms": 7.685, "info/num_steps_sampled": 75600, "info/num_steps_trained": 75600, "perf/cpu_util_percent": 19.304255319148936, "perf/ram_util_percent": 2.8574468085106384, "info/learner/default_policy/allreduce_latency": 0.0, "info/learner/default_policy/cur_kl_coeff": 1.1390625, "info/learner/default_policy/cur_lr": 0.0001, "info/learner/default_policy/total_loss": 5.17090414870869, "info/learner/default_policy/policy_loss": -0.10371904515407303, "info/learner/default_policy/vf_loss": 5.256774504979451, "info/learner/default_policy/vf_explained_var": 0.9955349564552307, "info/learner/default_policy/kl": 0.015669704725344975, "info/learner/default_policy/entropy": 0.8812113621018149, "info/learner/default_policy/entropy_coeff": 0.0, "_step": 17, "_runtime": 623, "_timestamp": 1601906490, "custom_metrics/time_step_mean": 3574.559523809524, "custom_metrics/time_step_min": 3213, "custom_metrics/time_step_max": 4058, "sampler_perf/mean_env_wait_ms": 0.7299759649537305, "sampler_perf/mean_raw_obs_processing_ms": 0.15141951965602016, "sampler_perf/mean_inference_ms": 1.713793817042612, "sampler_perf/mean_action_processing_ms": 0.0715779146576695}