{"time_step_min": 2917, "_step": 7, "_runtime": 11182, "_timestamp": 1602731715, "time_step_max": 4459, "time_step_mean": 3034.7133621989315, "episode_reward_max": 309.32323232323205, "episode_reward_min": 74.77777777777752, "episode_reward_mean": 290.62612453816905, "episodes_total": 82951, "training_iteration": 409}