{"episode_reward_max": 296.32323232323205, "episode_reward_min": 195.56565656565635, "episode_reward_mean": 261.5473232323229, "episode_len_mean": 895.927, "episodes_this_iter": 160, "num_healthy_workers": 80, "timesteps_total": 5061396, "episodes_total": 5600, "training_iteration": 35, "timestamp": 1606760502, "time_this_iter_s": 16.951822519302368, "time_total_s": 590.7612495422363, "time_since_restore": 590.7612495422363, "timesteps_since_restore": 0, "iterations_since_restore": 35, "custom_metrics/time_step_mean": 3329.85, "custom_metrics/time_step_min": 3100, "custom_metrics/time_step_max": 3765, "sampler_perf/mean_env_wait_ms": 2.0244196867972613, "sampler_perf/mean_raw_obs_processing_ms": 0.5423686922760478, "sampler_perf/mean_inference_ms": 5.436196919063417, "sampler_perf/mean_action_processing_ms": 0.21765264583847022, "timers/sample_time_ms": 8654.004, "timers/sample_throughput": 16728.858, "timers/load_time_ms": 477.579, "timers/load_throughput": 303136.325, "timers/learn_time_ms": 7594.669, "timers/learn_throughput": 19062.267, "timers/update_time_ms": 44.089, "info/num_steps_sampled": 5061396, "info/num_steps_trained": 5061396, "perf/cpu_util_percent": 58.268421052631574, "perf/ram_util_percent": 7.473684210526316, "perf/gpu_util_percent0": 0.3763157894736842, "perf/vram_util_percent0": 0.11880944571990816, "info/learner/default_policy/cur_kl_coeff": 2.0548328663605453e-11, "info/learner/default_policy/cur_lr": 0.00015982400509528816, "info/learner/default_policy/total_loss": 110.30376434326172, "info/learner/default_policy/policy_loss": -0.0490952804684639, "info/learner/default_policy/vf_loss": 120.6475830078125, "info/learner/default_policy/vf_explained_var": 0.9860898852348328, "info/learner/default_policy/kl": 0.01289896946400404, "info/learner/default_policy/entropy": 0.820407509803772, "info/learner/default_policy/entropy_coeff": 0.0038648853078484535, "_step": 34, "_runtime": 612, "_timestamp": 1606760502}