{"time_step_min": 3123.0, "_step": 5, "_runtime": 622, "_timestamp": 1602234718, "episode_reward_max": 293.01010101010115, "episode_reward_min": 115.78787878787877, "episode_reward_mean": 245.15253093523117, "episodes_total": 2844, "training_iteration": 15}