{"episode_reward_max": 154.32323232323205, "episode_reward_min": 17.959595959596015, "episode_reward_mean": 112.73838383838363, "episode_len_mean": 720.5085, "episodes_this_iter": 70, "num_healthy_workers": 80, "timesteps_total": 7466240, "episodes_total": 10232, "training_iteration": 152, "timestamp": 1606829960, "time_this_iter_s": 3.811959743499756, "time_total_s": 576.1413404941559, "time_since_restore": 576.1413404941559, "timesteps_since_restore": 0, "iterations_since_restore": 152, "timers/sample_time_ms": 2770.819, "timers/sample_throughput": 17727.611, "timers/load_time_ms": 87.825, "timers/load_throughput": 559294.277, "timers/learn_time_ms": 815.045, "timers/learn_throughput": 60266.632, "timers/update_time_ms": 38.306, "info/num_steps_sampled": 7466240, "info/num_steps_trained": 7466240, "perf/cpu_util_percent": 70.225, "perf/ram_util_percent": 6.7, "perf/gpu_util_percent0": 0.125, "perf/vram_util_percent0": 0.10831420137750082, "info/learner/default_policy/cur_kl_coeff": 0.0, "info/learner/default_policy/cur_lr": 0.0001986036222660914, "info/learner/default_policy/total_loss": 169.6297607421875, "info/learner/default_policy/policy_loss": -0.010255711153149605, "info/learner/default_policy/vf_loss": 182.2043914794922, "info/learner/default_policy/vf_explained_var": 0.9426050186157227, "info/learner/default_policy/kl": 0.006475419271737337, "info/learner/default_policy/entropy": 0.3214452564716339, "info/learner/default_policy/entropy_coeff": 0.002839231863617897, "_step": 151, "_runtime": 608, "_timestamp": 1606829960, "custom_metrics/time_step_mean": 2569.845, "custom_metrics/time_step_min": 2364, "custom_metrics/time_step_max": 3039, "sampler_perf/mean_env_wait_ms": 0.7588138835870741, "sampler_perf/mean_raw_obs_processing_ms": 0.23767077857438823, "sampler_perf/mean_inference_ms": 2.758802530890521, "sampler_perf/mean_action_processing_ms": 0.11636758980175162}