{"time_step_min": 3098, "_step": 7, "_runtime": 629, "_timestamp": 1602500747, "time_step_max": 4172, "time_step_mean": 3418.63762511374, "episode_reward_max": 296.62626262626276, "episode_reward_min": 133.89898989898964, "episode_reward_mean": 247.84626098233684, "episodes_total": 4424, "training_iteration": 23}