{"time_step_min": 3187, "_step": 7, "_runtime": 643, "_timestamp": 1602377113, "time_step_max": 4176, "time_step_mean": 3551.8683908045978, "episode_reward_max": 288.29292929292933, "episode_reward_min": 133.29292929292936, "episode_reward_mean": 228.39173979615143, "episodes_total": 1768, "training_iteration": 10}