{"episode_reward_max": 243.1010101010102, "episode_reward_min": 215.02020202020194, "episode_reward_mean": 230.4083694083692, "episode_len_mean": 889.7142857142857, "episodes_this_iter": 7, "num_healthy_workers": 7, "timesteps_total": 8400, "episodes_total": 7, "training_iteration": 2, "timestamp": 1601910317, "time_this_iter_s": 309.32406401634216, "time_total_s": 603.7999060153961, "time_since_restore": 603.7999060153961, "timesteps_since_restore": 0, "iterations_since_restore": 2, "timers/sample_time_ms": 6318.897, "timers/sample_throughput": 664.673, "timers/learn_time_ms": 295509.994, "timers/learn_throughput": 14.213, "timers/update_time_ms": 15.991, "info/num_steps_sampled": 8400, "info/num_steps_trained": 8400, "perf/cpu_util_percent": 17.76053268765133, "perf/ram_util_percent": 3.5818401937046014, "info/learner/default_policy/allreduce_latency": 0.0, "info/learner/default_policy/cur_kl_coeff": 0.15000000000000002, "info/learner/default_policy/cur_lr": 0.0005, "info/learner/default_policy/total_loss": 169.08200720584753, "info/learner/default_policy/policy_loss": -0.16699929332191293, "info/learner/default_policy/vf_loss": 169.23928463097775, "info/learner/default_policy/vf_explained_var": 0.717836856842041, "info/learner/default_policy/kl": 0.06549705971371043, "info/learner/default_policy/entropy": 1.019106028657971, "info/learner/default_policy/entropy_coeff": 0.0001, "_step": 1, "_runtime": 606, "_timestamp": 1601910317, "custom_metrics/time_step_mean": 3526.8571428571427, "custom_metrics/time_step_min": 3445, "custom_metrics/time_step_max": 3625, "sampler_perf/mean_env_wait_ms": 0.678082659310615, "sampler_perf/mean_raw_obs_processing_ms": 0.19847902883541232, "sampler_perf/mean_inference_ms": 6.230005033095327, "sampler_perf/mean_action_processing_ms": 0.09438678741001326}