{"episode_reward_max": 277.35353535353573, "episode_reward_min": 167.60606060606037, "episode_reward_mean": 219.91305916305896, "episode_len_mean": 891.5357142857143, "episodes_this_iter": 14, "num_healthy_workers": 7, "timesteps_total": 78400, "episodes_total": 84, "training_iteration": 14, "timestamp": 1601914624, "time_this_iter_s": 43.70858073234558, "time_total_s": 617.9467959403992, "time_since_restore": 617.9467959403992, "timesteps_since_restore": 0, "iterations_since_restore": 14, "timers/sample_time_ms": 1529.11, "timers/sample_throughput": 3662.261, "timers/learn_time_ms": 42397.873, "timers/learn_throughput": 132.082, "timers/update_time_ms": 8.221, "info/num_steps_sampled": 78400, "info/num_steps_trained": 78400, "perf/cpu_util_percent": 18.146666666666665, "perf/ram_util_percent": 2.9, "info/learner/default_policy/allreduce_latency": 0.0, "info/learner/default_policy/cur_kl_coeff": 1.5187499999999998, "info/learner/default_policy/cur_lr": 0.00010000000000000003, "info/learner/default_policy/total_loss": 62.33968314257535, "info/learner/default_policy/policy_loss": -0.07621142615310171, "info/learner/default_policy/vf_loss": 62.397558038884945, "info/learner/default_policy/vf_explained_var": 0.9670476317405701, "info/learner/default_policy/kl": 0.01207244821654802, "info/learner/default_policy/entropy": 0.8838165415958925, "info/learner/default_policy/entropy_coeff": 0.0, "_step": 13, "_runtime": 624, "_timestamp": 1601914624, "custom_metrics/time_step_mean": 2773.2976190476193, "custom_metrics/time_step_min": 0, "custom_metrics/time_step_max": 3939, "sampler_perf/mean_env_wait_ms": 1.3063735434234243, "sampler_perf/mean_raw_obs_processing_ms": 0.24072847440990885, "sampler_perf/mean_inference_ms": 1.8242363594132018, "sampler_perf/mean_action_processing_ms": 0.09852592247722275}