{"episode_reward_max": 254.18181818181776, "episode_reward_min": 161.49494949494942, "episode_reward_mean": 215.05230880230846, "episode_len_mean": 919.9285714285714, "episodes_this_iter": 0, "num_healthy_workers": 7, "timesteps_total": 33600, "episodes_total": 28, "training_iteration": 6, "timestamp": 1601916692, "time_this_iter_s": 104.67839527130127, "time_total_s": 630.7564160823822, "time_since_restore": 630.7564160823822, "timesteps_since_restore": 0, "iterations_since_restore": 6, "timers/sample_time_ms": 2278.686, "timers/sample_throughput": 2457.557, "timers/learn_time_ms": 102810.952, "timers/learn_throughput": 54.469, "timers/update_time_ms": 8.497, "info/num_steps_sampled": 33600, "info/num_steps_trained": 33600, "perf/cpu_util_percent": 18.010563380281692, "perf/ram_util_percent": 3.0929577464788736, "info/learner/default_policy/allreduce_latency": 0.0, "info/learner/default_policy/cur_kl_coeff": 0.759375, "info/learner/default_policy/cur_lr": 0.0005, "info/learner/default_policy/total_loss": 0.9268926341425289, "info/learner/default_policy/policy_loss": -0.17591774501753124, "info/learner/default_policy/vf_loss": 1.0599574087695642, "info/learner/default_policy/vf_explained_var": 0.9883321523666382, "info/learner/default_policy/kl": 0.056543365798213265, "info/learner/default_policy/entropy": 0.8465187698602676, "info/learner/default_policy/entropy_coeff": 0.00010000000000000003, "_step": 5, "_runtime": 632, "_timestamp": 1601916692, "custom_metrics/time_step_mean": 2403.6785714285716, "custom_metrics/time_step_min": 0, "custom_metrics/time_step_max": 3978, "sampler_perf/mean_env_wait_ms": 1.2467280173168735, "sampler_perf/mean_raw_obs_processing_ms": 0.2658655001193167, "sampler_perf/mean_inference_ms": 2.7715822378133526, "sampler_perf/mean_action_processing_ms": 0.10735964756387435}