{"episode_reward_max": 264.919191919192, "episode_reward_min": 172.66666666666686, "episode_reward_mean": 220.02366522366506, "episode_len_mean": 878.1142857142858, "episodes_this_iter": 7, "num_healthy_workers": 7, "timesteps_total": 33600, "episodes_total": 35, "training_iteration": 8, "timestamp": 1601909670, "time_this_iter_s": 75.10921931266785, "time_total_s": 624.384064912796, "time_since_restore": 624.384064912796, "timesteps_since_restore": 0, "iterations_since_restore": 8, "timers/sample_time_ms": 2717.812, "timers/sample_throughput": 1545.36, "timers/learn_time_ms": 75287.685, "timers/learn_throughput": 55.786, "timers/update_time_ms": 9.135, "info/num_steps_sampled": 33600, "info/num_steps_trained": 33600, "perf/cpu_util_percent": 18.397058823529413, "perf/ram_util_percent": 3.001960784313725, "info/learner/default_policy/allreduce_latency": 0.0, "info/learner/default_policy/cur_kl_coeff": 2.278125, "info/learner/default_policy/cur_lr": 0.0001, "info/learner/default_policy/total_loss": 37.09791195031369, "info/learner/default_policy/policy_loss": -0.1000613435877092, "info/learner/default_policy/vf_loss": 37.169270139752015, "info/learner/default_policy/vf_explained_var": 0.9707358479499817, "info/learner/default_policy/kl": 0.012640174196073503, "info/learner/default_policy/entropy": 0.9296806183728304, "info/learner/default_policy/entropy_coeff": 0.0001, "_step": 7, "_runtime": 634, "_timestamp": 1601909675, "custom_metrics/time_step_mean": 3596.542857142857, "custom_metrics/time_step_min": 3296, "custom_metrics/time_step_max": 3908, "sampler_perf/mean_env_wait_ms": 0.7108004906284408, "sampler_perf/mean_raw_obs_processing_ms": 0.16961659785353733, "sampler_perf/mean_inference_ms": 2.6927281526434483, "sampler_perf/mean_action_processing_ms": 0.08183293653009001}