{"time_step_min": 3228, "_step": 7, "_runtime": 637, "_timestamp": 1602388032, "time_step_max": 4292, "time_step_mean": 3522.831306990881, "episode_reward_max": 278.1414141414141, "episode_reward_min": 95.71717171717165, "episode_reward_mean": 232.85719765466598, "episodes_total": 3318, "training_iteration": 17}