{"nb_episodes": 1, "avg_best_result": 222.76767676767625, "best_episode": 222.76767676767625, "best_timestep": 3654, "_step": 0, "_runtime": 2, "_timestamp": 1602708077}