{"time_step_min": 3178.0, "_step": 5, "_runtime": 627, "_timestamp": 1602169005, "episode_reward_max": 283.40404040404024, "episode_reward_min": 115.78787878787877, "episode_reward_mean": 229.2969523444206, "episodes_total": 2212, "training_iteration": 12}