{"episode_reward_max": 155.1313131313132, "episode_reward_min": 49.6767676767673, "episode_reward_mean": 115.4263636363635, "episode_len_mean": 654.19, "episodes_this_iter": 61, "num_healthy_workers": 80, "timesteps_total": 5969600, "episodes_total": 8654, "training_iteration": 140, "timestamp": 1606828087, "time_this_iter_s": 4.0986175537109375, "time_total_s": 577.4783279895782, "time_since_restore": 577.4783279895782, "timesteps_since_restore": 0, "iterations_since_restore": 140, "timers/sample_time_ms": 2736.883, "timers/sample_throughput": 15579.767, "timers/load_time_ms": 79.709, "timers/load_throughput": 534944.07, "timers/learn_time_ms": 1228.742, "timers/learn_throughput": 34702.15, "timers/update_time_ms": 40.457, "info/num_steps_sampled": 5969600, "info/num_steps_trained": 5969600, "perf/cpu_util_percent": 57.9, "perf/ram_util_percent": 7.040000000000001, "perf/gpu_util_percent0": 0.172, "perf/vram_util_percent0": 0.10847818957035094, "info/learner/default_policy/cur_kl_coeff": 0.0, "info/learner/default_policy/cur_lr": 0.00015825990703888237, "info/learner/default_policy/total_loss": 56.252803802490234, "info/learner/default_policy/policy_loss": -0.017165467143058777, "info/learner/default_policy/vf_loss": 63.878719329833984, "info/learner/default_policy/vf_explained_var": 0.976934015750885, "info/learner/default_policy/kl": 0.005884040612727404, "info/learner/default_policy/entropy": 0.27297407388687134, "info/learner/default_policy/entropy_coeff": 0.0008667262154631317, "_step": 139, "_runtime": 609, "_timestamp": 1606828087, "custom_metrics/time_step_mean": 2556.5395, "custom_metrics/time_step_min": 2360, "custom_metrics/time_step_max": 2882, "sampler_perf/mean_env_wait_ms": 0.8138156314062621, "sampler_perf/mean_raw_obs_processing_ms": 0.2549867835915871, "sampler_perf/mean_inference_ms": 3.19729848453135, "sampler_perf/mean_action_processing_ms": 0.12489224557660947}