{"time_step_min": 3152.0, "_step": 5, "_runtime": 616, "_timestamp": 1602168365, "episode_reward_max": 287.616161616161, "episode_reward_min": 115.78787878787877, "episode_reward_mean": 226.6772151898732, "episodes_total": 316, "training_iteration": 2}