{"episode_reward_max": 257.62626262626287, "episode_reward_min": 154.72727272727244, "episode_reward_mean": 219.1619047619045, "episode_len_mean": 888.2571428571429, "episodes_this_iter": 7, "num_healthy_workers": 7, "timesteps_total": 33600, "episodes_total": 35, "training_iteration": 8, "timestamp": 1601908411, "time_this_iter_s": 82.132981300354, "time_total_s": 662.0685439109802, "time_since_restore": 662.0685439109802, "timesteps_since_restore": 0, "iterations_since_restore": 8, "timers/sample_time_ms": 2652.649, "timers/sample_throughput": 1583.323, "timers/learn_time_ms": 80073.911, "timers/learn_throughput": 52.452, "timers/update_time_ms": 8.154, "info/num_steps_sampled": 33600, "info/num_steps_trained": 33600, "perf/cpu_util_percent": 18.52410714285714, "perf/ram_util_percent": 2.944642857142857, "info/learner/default_policy/allreduce_latency": 0.0, "info/learner/default_policy/cur_kl_coeff": 1.5187499999999998, "info/learner/default_policy/cur_lr": 0.0001, "info/learner/default_policy/total_loss": 105.53135230324484, "info/learner/default_policy/policy_loss": -0.1174976598245628, "info/learner/default_policy/vf_loss": 105.62687509710139, "info/learner/default_policy/vf_explained_var": 0.8477213382720947, "info/learner/default_policy/kl": 0.01446858768097379, "info/learner/default_policy/entropy": 0.9717098041014238, "info/learner/default_policy/entropy_coeff": 0.0, "_step": 7, "_runtime": 664, "_timestamp": 1601908411, "custom_metrics/time_step_mean": 3603.285714285714, "custom_metrics/time_step_min": 3346, "custom_metrics/time_step_max": 4024, "sampler_perf/mean_env_wait_ms": 0.7038294128163626, "sampler_perf/mean_raw_obs_processing_ms": 0.16163730710604396, "sampler_perf/mean_inference_ms": 2.584011594928898, "sampler_perf/mean_action_processing_ms": 0.0773468781179503}