{"episode_reward_max": 292.08080808080814, "episode_reward_min": 166.9292929292928, "episode_reward_mean": 257.0508080808079, "episode_len_mean": 829.471, "episodes_this_iter": 99, "num_healthy_workers": 11, "timesteps_total": 3420451, "episodes_total": 4057, "training_iteration": 41, "timestamp": 1605850107, "time_this_iter_s": 31.517966747283936, "time_total_s": 1445.5583353042603, "time_since_restore": 1445.5583353042603, "timesteps_since_restore": 0, "iterations_since_restore": 41, "custom_metrics/time_step_mean": 3369.813, "custom_metrics/time_step_min": 3174, "custom_metrics/time_step_max": 3738, "sampler_perf/mean_env_wait_ms": 4.553425612210176, "sampler_perf/mean_raw_obs_processing_ms": 1.0660702884517201, "sampler_perf/mean_inference_ms": 9.836155546828337, "sampler_perf/mean_action_processing_ms": 0.3110678556092392, "timers/sample_time_ms": 18893.494, "timers/sample_throughput": 4347.063, "timers/learn_time_ms": 16128.095, "timers/learn_throughput": 5092.43, "timers/update_time_ms": 12.219, "info/num_steps_sampled": 3420451, "info/num_steps_trained": 3420451, "perf/cpu_util_percent": 45.62439024390244, "perf/ram_util_percent": 21.180487804878048, "perf/gpu_util_percent0": 0.3436585365853658, "perf/vram_util_percent0": 0.6120894422147596, "info/learner/default_policy/allreduce_latency": 0.0, "info/learner/default_policy/cur_kl_coeff": 2.965566273912397e-13, "info/learner/default_policy/cur_lr": 5.881815355255372e-05, "info/learner/default_policy/total_loss": 6.948912763595581, "info/learner/default_policy/policy_loss": -0.01551060676574707, "info/learner/default_policy/vf_loss": 6.829850578308106, "info/learner/default_policy/vf_explained_var": 0.9991685748100281, "info/learner/default_policy/kl": 0.010618402902036906, "info/learner/default_policy/entropy": 0.7621250927448273, "info/learner/default_policy/entropy_coeff": 0.0004358794621663816, "_step": 40, "_runtime": 1467, "_timestamp": 1605850107}