{"time_step_min": 3142, "_step": 7, "_runtime": 622, "_timestamp": 1602361078, "time_step_max": 4170, "time_step_mean": 3467.5526827912154, "episode_reward_max": 294.95959595959613, "episode_reward_min": 133.5959595959594, "episode_reward_mean": 240.82362939742242, "episodes_total": 3625, "training_iteration": 19}