{"episode_reward_max": 262.6262626262624, "episode_reward_min": 162.37373737373747, "episode_reward_mean": 220.1880248265789, "episode_len_mean": 892.6746987951807, "episodes_this_iter": 6, "num_healthy_workers": 7, "timesteps_total": 75600, "episodes_total": 83, "training_iteration": 18, "timestamp": 1601907099, "time_this_iter_s": 33.74271202087402, "time_total_s": 605.215339422226, "time_since_restore": 605.215339422226, "timesteps_since_restore": 0, "iterations_since_restore": 18, "timers/sample_time_ms": 1733.53, "timers/sample_throughput": 2422.802, "timers/learn_time_ms": 32016.925, "timers/learn_throughput": 131.181, "timers/update_time_ms": 7.663, "info/num_steps_sampled": 75600, "info/num_steps_trained": 75600, "perf/cpu_util_percent": 19.417021276595747, "perf/ram_util_percent": 2.797872340425532, "info/learner/default_policy/allreduce_latency": 0.0, "info/learner/default_policy/cur_kl_coeff": 3.4171875000000003, "info/learner/default_policy/cur_lr": 0.0005, "info/learner/default_policy/total_loss": 8.855334643161658, "info/learner/default_policy/policy_loss": -0.10967270510666298, "info/learner/default_policy/vf_loss": 8.921750007253705, "info/learner/default_policy/vf_explained_var": 0.9912163615226746, "info/learner/default_policy/kl": 0.012685583255281954, "info/learner/default_policy/entropy": 0.9167132684678743, "info/learner/default_policy/entropy_coeff": 0.0001, "_step": 17, "_runtime": 609, "_timestamp": 1601907099, "custom_metrics/time_step_mean": 3596.9638554216867, "custom_metrics/time_step_min": 3319, "custom_metrics/time_step_max": 3979, "sampler_perf/mean_env_wait_ms": 0.7128709618351188, "sampler_perf/mean_raw_obs_processing_ms": 0.1504321022778632, "sampler_perf/mean_inference_ms": 1.7177079738593921, "sampler_perf/mean_action_processing_ms": 0.0729835310569396}