{"episode_reward_max": 308.8989898989896, "episode_reward_min": 195.86868686868664, "episode_reward_mean": 267.63974747474725, "episode_len_mean": 800.288, "episodes_this_iter": 108, "num_healthy_workers": 11, "timesteps_total": 3434175, "episodes_total": 4086, "training_iteration": 41, "timestamp": 1605856053, "time_this_iter_s": 37.912819623947144, "time_total_s": 1454.1380195617676, "time_since_restore": 1454.1380195617676, "timesteps_since_restore": 0, "iterations_since_restore": 41, "custom_metrics/time_step_mean": 3296.634, "custom_metrics/time_step_min": 3067, "custom_metrics/time_step_max": 3763, "sampler_perf/mean_env_wait_ms": 4.502268960699886, "sampler_perf/mean_raw_obs_processing_ms": 1.070763220079356, "sampler_perf/mean_inference_ms": 9.845593280598859, "sampler_perf/mean_action_processing_ms": 0.309005045602537, "timers/sample_time_ms": 19489.673, "timers/sample_throughput": 4184.842, "timers/learn_time_ms": 15868.485, "timers/learn_throughput": 5139.823, "timers/update_time_ms": 15.715, "info/num_steps_sampled": 3434175, "info/num_steps_trained": 3434175, "perf/cpu_util_percent": 48.59166666666666, "perf/ram_util_percent": 21.316666666666666, "perf/gpu_util_percent0": 0.298125, "perf/vram_util_percent0": 0.6120894422147596, "info/learner/default_policy/allreduce_latency": 0.0, "info/learner/default_policy/cur_kl_coeff": 1.9917131977712447e-13, "info/learner/default_policy/cur_lr": 0.00010783451214267156, "info/learner/default_policy/total_loss": 4.2815797979181465, "info/learner/default_policy/policy_loss": -0.026475480762945317, "info/learner/default_policy/vf_loss": 5.871616146781228, "info/learner/default_policy/vf_explained_var": 0.9993118643760681, "info/learner/default_policy/kl": 0.018481724641539833, "info/learner/default_policy/entropy": 0.6796473698182539, "info/learner/default_policy/entropy_coeff": 0.00022871819620702766, "_step": 40, "_runtime": 1476, "_timestamp": 1605856053}