{"episode_reward_max": 296.92929292929267, "episode_reward_min": 178.14141414141363, "episode_reward_mean": 260.4144444444442, "episode_len_mean": 867.508, "episodes_this_iter": 243, "num_healthy_workers": 80, "timesteps_total": 4766720, "episodes_total": 5262, "training_iteration": 28, "timestamp": 1606754323, "time_this_iter_s": 20.86195731163025, "time_total_s": 586.7552828788757, "time_since_restore": 586.7552828788757, "timesteps_since_restore": 0, "iterations_since_restore": 28, "custom_metrics/time_step_mean": 3338.604, "custom_metrics/time_step_min": 3099, "custom_metrics/time_step_max": 3732, "sampler_perf/mean_env_wait_ms": 2.0695352881802647, "sampler_perf/mean_raw_obs_processing_ms": 0.5490729531814064, "sampler_perf/mean_inference_ms": 5.454113414100051, "sampler_perf/mean_action_processing_ms": 0.21913375832438453, "timers/sample_time_ms": 9678.179, "timers/sample_throughput": 17590.085, "timers/load_time_ms": 633.929, "timers/load_throughput": 268547.236, "timers/learn_time_ms": 10443.056, "timers/learn_throughput": 16301.741, "timers/update_time_ms": 47.783, "info/num_steps_sampled": 4766720, "info/num_steps_trained": 4766720, "perf/cpu_util_percent": 57.92916666666667, "perf/ram_util_percent": 7.516666666666667, "perf/gpu_util_percent0": 0.33166666666666667, "perf/vram_util_percent0": 0.21326664480157428, "info/learner/default_policy/cur_kl_coeff": 3.7409364495033515e-09, "info/learner/default_policy/cur_lr": 0.00017980000120587647, "info/learner/default_policy/total_loss": 56.3131217956543, "info/learner/default_policy/policy_loss": -0.08111481368541718, "info/learner/default_policy/vf_loss": 60.03224182128906, "info/learner/default_policy/vf_explained_var": 0.9945724606513977, "info/learner/default_policy/kl": 0.025497373193502426, "info/learner/default_policy/entropy": 0.6709495782852173, "info/learner/default_policy/entropy_coeff": 7.393999840132892e-05, "_step": 27, "_runtime": 607, "_timestamp": 1606754323}