{"time_step_min": 2778, "_step": 7, "_runtime": 11198, "_timestamp": 1602742925, "time_step_max": 3927, "time_step_mean": 2924.8430985497657, "episode_reward_max": 334.262626262626, "episode_reward_min": 160.17171717171726, "episode_reward_mean": 312.01601406904575, "episodes_total": 87683, "training_iteration": 421}