{"time_step_min": 3200, "_step": 7, "_runtime": 640, "_timestamp": 1602381662, "time_step_max": 4228, "time_step_mean": 3558.907947911989, "episode_reward_max": 281.1717171717167, "episode_reward_min": 125.41414141414124, "episode_reward_mean": 226.3945889045667, "episodes_total": 2255, "training_iteration": 12}