{"nb_episodes": 4238, "avg_best_result": 252.04482323232304, "best_episode": 266.53535353535347, "time_step_min": 3173, "_step": 0, "_runtime": 607, "_timestamp": 1602576892}