{"time_step_min": 3083, "_step": 7, "_runtime": 636, "_timestamp": 1602491854, "time_step_max": 4054, "time_step_mean": 3412.3495331069607, "episode_reward_max": 298.8989898989898, "episode_reward_min": 145.7171717171716, "episode_reward_mean": 249.11699271192933, "episodes_total": 4740, "training_iteration": 24}