{"time_step_min": 3247, "_step": 7, "_runtime": 629, "_timestamp": 1602352816, "time_step_max": 4282, "time_step_mean": 3553.8104386807563, "episode_reward_max": 281.62626262626304, "episode_reward_min": 106.77777777777766, "episode_reward_mean": 227.59132422286976, "episodes_total": 3151, "training_iteration": 16}