{"episode_reward_max": 132.30303030303, "episode_reward_min": -5.474747474747629, "episode_reward_mean": 75.85828282828265, "episode_len_mean": 770.689, "episodes_this_iter": 400, "num_healthy_workers": 80, "timesteps_total": 10653400, "episodes_total": 13600, "training_iteration": 34, "timestamp": 1606836835, "time_this_iter_s": 17.627211093902588, "time_total_s": 585.9478712081909, "time_since_restore": 585.9478712081909, "timesteps_since_restore": 0, "iterations_since_restore": 34, "custom_metrics/time_step_mean": 2751.4525, "custom_metrics/time_step_min": 2503, "custom_metrics/time_step_max": 3155, "sampler_perf/mean_env_wait_ms": 4.381309198189226, "sampler_perf/mean_raw_obs_processing_ms": 1.0564623496053798, "sampler_perf/mean_inference_ms": 3.7292592170820575, "sampler_perf/mean_action_processing_ms": 0.3197576430172463, "timers/sample_time_ms": 7352.717, "timers/sample_throughput": 42143.958, "timers/load_time_ms": 787.257, "timers/load_throughput": 393610.59, "timers/learn_time_ms": 8927.264, "timers/learn_throughput": 34710.813, "timers/update_time_ms": 35.852, "info/num_steps_sampled": 10653400, "info/num_steps_trained": 10653400, "perf/cpu_util_percent": 56.35, "perf/ram_util_percent": 6.850000000000001, "perf/gpu_util_percent0": 0.30900000000000005, "perf/vram_util_percent0": 0.19752377828796328, "info/learner/default_policy/cur_kl_coeff": 0.00019581425294745713, "info/learner/default_policy/cur_lr": 0.0008188788197003305, "info/learner/default_policy/total_loss": 106.79366302490234, "info/learner/default_policy/policy_loss": -0.12140219658613205, "info/learner/default_policy/vf_loss": 197.4632568359375, "info/learner/default_policy/vf_explained_var": 0.9319562911987305, "info/learner/default_policy/kl": 0.1915610283613205, "info/learner/default_policy/entropy": 0.38775089383125305, "info/learner/default_policy/entropy_coeff": 0.009205523878335953, "_step": 33, "_runtime": 606, "_timestamp": 1606836835}