{"time_step_min": 3246, "_step": 7, "_runtime": 618, "_timestamp": 1602390594, "time_step_max": 4294, "time_step_mean": 3556.4589665653493, "episode_reward_max": 275.7171717171716, "episode_reward_min": 115.41414141414137, "episode_reward_mean": 226.86061336694252, "episodes_total": 3318, "training_iteration": 17}