{"episode_reward_max": 262.1010101010103, "episode_reward_min": 134.7676767676764, "episode_reward_mean": 217.4118326118325, "episode_len_mean": 866.6571428571428, "episodes_this_iter": 7, "num_healthy_workers": 7, "timesteps_total": 33600, "episodes_total": 35, "training_iteration": 8, "timestamp": 1601908419, "time_this_iter_s": 81.67955994606018, "time_total_s": 653.3924736976624, "time_since_restore": 653.3924736976624, "timesteps_since_restore": 0, "iterations_since_restore": 8, "timers/sample_time_ms": 2826.367, "timers/sample_throughput": 1486.007, "timers/learn_time_ms": 78812.427, "timers/learn_throughput": 53.291, "timers/update_time_ms": 7.906, "info/num_steps_sampled": 33600, "info/num_steps_trained": 33600, "perf/cpu_util_percent": 19.144642857142856, "perf/ram_util_percent": 2.924107142857143, "info/learner/default_policy/allreduce_latency": 0.0, "info/learner/default_policy/cur_kl_coeff": 1.7085937500000001, "info/learner/default_policy/cur_lr": 0.0001, "info/learner/default_policy/total_loss": 54.103058670506336, "info/learner/default_policy/policy_loss": -0.1326212263524984, "info/learner/default_policy/vf_loss": 54.20916568871701, "info/learner/default_policy/vf_explained_var": 0.9590542912483215, "info/learner/default_policy/kl": 0.0155183474222819, "info/learner/default_policy/entropy": 0.9747295885375051, "info/learner/default_policy/entropy_coeff": 0.0, "_step": 7, "_runtime": 657, "_timestamp": 1601908419, "custom_metrics/time_step_mean": 3613.2285714285713, "custom_metrics/time_step_min": 3314, "custom_metrics/time_step_max": 4156, "sampler_perf/mean_env_wait_ms": 0.7198242507941952, "sampler_perf/mean_raw_obs_processing_ms": 0.17087608181290012, "sampler_perf/mean_inference_ms": 2.729179142335746, "sampler_perf/mean_action_processing_ms": 0.0840261211556954}