{"episode_reward_max": 269.95959595959613, "episode_reward_min": 111.77777777777834, "episode_reward_mean": 227.21474747474758, "episode_len_mean": 841.661, "episodes_this_iter": 99, "num_healthy_workers": 11, "timesteps_total": 3381932, "episodes_total": 4071, "training_iteration": 41, "timestamp": 1605839656, "time_this_iter_s": 32.130072832107544, "time_total_s": 1446.1301581859589, "time_since_restore": 1446.1301581859589, "timesteps_since_restore": 0, "iterations_since_restore": 41, "custom_metrics/time_step_mean": 3566.921, "custom_metrics/time_step_min": 3316, "custom_metrics/time_step_max": 4092, "sampler_perf/mean_env_wait_ms": 4.562950633777951, "sampler_perf/mean_raw_obs_processing_ms": 1.0470733285323819, "sampler_perf/mean_inference_ms": 9.552812111072685, "sampler_perf/mean_action_processing_ms": 0.30049008080320416, "timers/sample_time_ms": 18716.435, "timers/sample_throughput": 4448.0, "timers/learn_time_ms": 16250.376, "timers/learn_throughput": 5123.002, "timers/update_time_ms": 15.535, "info/num_steps_sampled": 3381932, "info/num_steps_trained": 3381932, "perf/cpu_util_percent": 46.55609756097561, "perf/ram_util_percent": 21.053658536585367, "perf/gpu_util_percent0": 0.35341463414634144, "perf/vram_util_percent0": 0.6120894422147596, "info/learner/default_policy/allreduce_latency": 0.0, "info/learner/default_policy/cur_kl_coeff": 1.3883584539853207e-12, "info/learner/default_policy/cur_lr": 0.00040725114912523676, "info/learner/default_policy/total_loss": 0.7374997301535173, "info/learner/default_policy/policy_loss": -0.07518417523665862, "info/learner/default_policy/vf_loss": 1.5145025578412143, "info/learner/default_policy/vf_explained_var": 0.9996856451034546, "info/learner/default_policy/kl": 0.04840145734223453, "info/learner/default_policy/entropy": 0.554208820516413, "info/learner/default_policy/entropy_coeff": 0.0008785467849225446, "_step": 40, "_runtime": 1465, "_timestamp": 1605839656}