{"time_step_min": 2878, "_step": 7, "_runtime": 11175, "_timestamp": 1602810064, "time_step_max": 3996, "time_step_mean": 3007.085829479426, "episode_reward_max": 308.6666666666666, "episode_reward_min": 136.24242424242374, "episode_reward_mean": 289.1824424459368, "episodes_total": 84366, "training_iteration": 419}