{"time_step_min": 3084.0, "_step": 5, "_runtime": 628, "_timestamp": 1602228931, "episode_reward_max": 303.9595959595958, "episode_reward_min": 115.78787878787877, "episode_reward_mean": 251.71598591055505, "episodes_total": 4898, "training_iteration": 25}