{"time_step_min": 3206.0, "_step": 5, "_runtime": 640, "_timestamp": 1602172217, "episode_reward_max": 279.4343434343436, "episode_reward_min": 115.78787878787877, "episode_reward_mean": 233.24988530126274, "episodes_total": 2686, "training_iteration": 14}