{"episode_reward_max": 274.98989898989845, "episode_reward_min": 139.04040404040404, "episode_reward_mean": 220.66991341991314, "episode_len_mean": 908.6428571428571, "episodes_this_iter": 0, "num_healthy_workers": 7, "timesteps_total": 33600, "episodes_total": 28, "training_iteration": 6, "timestamp": 1601916612, "time_this_iter_s": 101.45126676559448, "time_total_s": 608.9902818202972, "time_since_restore": 608.9902818202972, "timesteps_since_restore": 0, "iterations_since_restore": 6, "timers/sample_time_ms": 2400.131, "timers/sample_throughput": 2333.206, "timers/learn_time_ms": 99061.972, "timers/learn_throughput": 56.53, "timers/update_time_ms": 7.689, "info/num_steps_sampled": 33600, "info/num_steps_trained": 33600, "perf/cpu_util_percent": 18.067391304347826, "perf/ram_util_percent": 3.1079710144927533, "info/learner/default_policy/allreduce_latency": 0.0, "info/learner/default_policy/cur_kl_coeff": 1.51875, "info/learner/default_policy/cur_lr": 0.0005, "info/learner/default_policy/total_loss": 4.282304780049757, "info/learner/default_policy/policy_loss": -0.17266500648111105, "info/learner/default_policy/vf_loss": 4.403402892026034, "info/learner/default_policy/vf_explained_var": 0.9721172451972961, "info/learner/default_policy/kl": 0.03401395729319616, "info/learner/default_policy/entropy": 0.9183098131960089, "info/learner/default_policy/entropy_coeff": 0.00010000000000000003, "_step": 5, "_runtime": 611, "_timestamp": 1601916612, "custom_metrics/time_step_mean": 2491.535714285714, "custom_metrics/time_step_min": 0, "custom_metrics/time_step_max": 4129, "sampler_perf/mean_env_wait_ms": 1.2877676494321353, "sampler_perf/mean_raw_obs_processing_ms": 0.26802599823691414, "sampler_perf/mean_inference_ms": 2.8094337620495184, "sampler_perf/mean_action_processing_ms": 0.11006641448366085}