{"episode_reward_max": 251.93939393939408, "episode_reward_min": 158.51515151515102, "episode_reward_mean": 216.15007215007196, "episode_len_mean": 913.9285714285714, "episodes_this_iter": 0, "num_healthy_workers": 7, "timesteps_total": 33600, "episodes_total": 28, "training_iteration": 6, "timestamp": 1601917106, "time_this_iter_s": 97.59791421890259, "time_total_s": 610.7300536632538, "time_since_restore": 610.7300536632538, "timesteps_since_restore": 0, "iterations_since_restore": 6, "timers/sample_time_ms": 2337.786, "timers/sample_throughput": 2395.428, "timers/learn_time_ms": 99413.312, "timers/learn_throughput": 56.33, "timers/update_time_ms": 7.279, "info/num_steps_sampled": 33600, "info/num_steps_trained": 33600, "perf/cpu_util_percent": 17.45255474452555, "perf/ram_util_percent": 3.192700729927007, "info/learner/default_policy/allreduce_latency": 0.0, "info/learner/default_policy/cur_kl_coeff": 1.51875, "info/learner/default_policy/cur_lr": 0.00010000000000000003, "info/learner/default_policy/total_loss": 1.3079447759823366, "info/learner/default_policy/policy_loss": -0.14768656609918585, "info/learner/default_policy/vf_loss": 1.4225299277088859, "info/learner/default_policy/vf_explained_var": 0.9147773385047913, "info/learner/default_policy/kl": 0.021856832572005012, "info/learner/default_policy/entropy": 0.9364700574766506, "info/learner/default_policy/entropy_coeff": 0.00010000000000000003, "_step": 5, "_runtime": 616, "_timestamp": 1601917106, "custom_metrics/time_step_mean": 2164.8928571428573, "custom_metrics/time_step_min": 0, "custom_metrics/time_step_max": 4005, "sampler_perf/mean_env_wait_ms": 1.269204705111562, "sampler_perf/mean_raw_obs_processing_ms": 0.2681766946703915, "sampler_perf/mean_inference_ms": 2.923947915984949, "sampler_perf/mean_action_processing_ms": 0.11031968565507018}