{"time_step_min": 3168.0, "_step": 5, "_runtime": 637, "_timestamp": 1602199034, "episode_reward_max": 285.8787878787876, "episode_reward_min": 115.78787878787877, "episode_reward_mean": 228.69907940161085, "episodes_total": 316, "training_iteration": 2}