{"episode_reward_max": 251.57575757575725, "episode_reward_min": 159.96969696969668, "episode_reward_mean": 221.61976911976893, "episode_len_mean": 880.7857142857143, "episodes_this_iter": 7, "num_healthy_workers": 7, "timesteps_total": 12600, "episodes_total": 14, "training_iteration": 3, "timestamp": 1601912704, "time_this_iter_s": 266.0574834346771, "time_total_s": 786.4533836841583, "time_since_restore": 786.4533836841583, "timesteps_since_restore": 0, "iterations_since_restore": 3, "timers/sample_time_ms": 4856.043, "timers/sample_throughput": 864.902, "timers/learn_time_ms": 257227.528, "timers/learn_throughput": 16.328, "timers/update_time_ms": 25.213, "info/num_steps_sampled": 12600, "info/num_steps_trained": 12600, "perf/cpu_util_percent": 17.41176470588235, "perf/ram_util_percent": 3.4308123249299713, "info/learner/default_policy/allreduce_latency": 0.0, "info/learner/default_policy/cur_kl_coeff": 0.6749999999999999, "info/learner/default_policy/cur_lr": 5e-05, "info/learner/default_policy/total_loss": 157.9434234156753, "info/learner/default_policy/policy_loss": -0.1462858799054767, "info/learner/default_policy/vf_loss": 158.0694062204072, "info/learner/default_policy/vf_explained_var": 0.8414284586906433, "info/learner/default_policy/kl": 0.030084433203393764, "info/learner/default_policy/entropy": 1.0128504651965518, "info/learner/default_policy/entropy_coeff": 0.0, "_step": 2, "_runtime": 789, "_timestamp": 1601912704, "custom_metrics/time_step_mean": 3586.1428571428573, "custom_metrics/time_step_min": 3388, "custom_metrics/time_step_max": 3991, "sampler_perf/mean_env_wait_ms": 0.6966336259996797, "sampler_perf/mean_raw_obs_processing_ms": 0.19032224935210756, "sampler_perf/mean_inference_ms": 5.632748663481002, "sampler_perf/mean_action_processing_ms": 0.09159660190097096}