{"time_step_min": 3139, "_step": 7, "_runtime": 628, "_timestamp": 1602519487, "time_step_max": 4191, "time_step_mean": 3442.2172429481348, "episode_reward_max": 293.14141414141415, "episode_reward_min": 131.02020202020162, "episode_reward_mean": 244.47097329534026, "episodes_total": 4424, "training_iteration": 23}