{"time_step_min": 3176, "_step": 7, "_runtime": 639, "_timestamp": 1602369442, "time_step_max": 4054, "time_step_mean": 3478.366569767442, "episode_reward_max": 286.02020202020213, "episode_reward_min": 117.232323232323, "episode_reward_mean": 238.8074167278318, "episodes_total": 3468, "training_iteration": 18}