{"time_step_min": 3190.0, "_step": 5, "_runtime": 631, "_timestamp": 1602182036, "episode_reward_max": 293.0404040404038, "episode_reward_min": 115.78787878787877, "episode_reward_mean": 231.42350722414008, "episodes_total": 2528, "training_iteration": 13}