{"time_step_min": 3129, "_step": 7, "_runtime": 632, "_timestamp": 1602467964, "time_step_max": 4199, "time_step_mean": 3449.094362745098, "episode_reward_max": 291.92929292929324, "episode_reward_min": 129.8080808080806, "episode_reward_mean": 243.82286349374954, "episodes_total": 4108, "training_iteration": 21}