{"episode_reward_max": 283.4444444444439, "episode_reward_min": 165.7171717171712, "episode_reward_mean": 241.93095959595934, "episode_len_mean": 884.806, "episodes_this_iter": 94, "num_healthy_workers": 11, "timesteps_total": 3523646, "episodes_total": 4046, "training_iteration": 41, "timestamp": 1605835304, "time_this_iter_s": 32.61398458480835, "time_total_s": 1485.5749325752258, "time_since_restore": 1485.5749325752258, "timesteps_since_restore": 0, "iterations_since_restore": 41, "custom_metrics/time_step_mean": 3465.225, "custom_metrics/time_step_min": 3243, "custom_metrics/time_step_max": 3901, "sampler_perf/mean_env_wait_ms": 4.499328681761614, "sampler_perf/mean_raw_obs_processing_ms": 1.0689693976273855, "sampler_perf/mean_inference_ms": 9.846584639147183, "sampler_perf/mean_action_processing_ms": 0.3095086040936521, "timers/sample_time_ms": 19753.309, "timers/sample_throughput": 4381.514, "timers/learn_time_ms": 16788.507, "timers/learn_throughput": 5155.277, "timers/update_time_ms": 12.118, "info/num_steps_sampled": 3523646, "info/num_steps_trained": 3523646, "perf/cpu_util_percent": 48.40731707317074, "perf/ram_util_percent": 21.073170731707318, "perf/gpu_util_percent0": 0.34292682926829277, "perf/vram_util_percent0": 0.6120894422147596, "info/learner/default_policy/allreduce_latency": 0.0, "info/learner/default_policy/cur_kl_coeff": 3.4742328244726896e-10, "info/learner/default_policy/cur_lr": 0.0004386045691959731, "info/learner/default_policy/total_loss": 1.9968473477797075, "info/learner/default_policy/policy_loss": -0.11478637294335799, "info/learner/default_policy/vf_loss": 2.5929442752491343, "info/learner/default_policy/vf_explained_var": 0.9996883273124695, "info/learner/default_policy/kl": 0.09895735030824487, "info/learner/default_policy/entropy": 0.6782776550813154, "info/learner/default_policy/entropy_coeff": 0.0001075374267817757, "_step": 40, "_runtime": 1503, "_timestamp": 1605835304}