{"episode_reward_max": 249.84848484848425, "episode_reward_min": 196.19191919191886, "episode_reward_mean": 222.37373737373719, "episode_len_mean": 887.4615384615385, "episodes_this_iter": 6, "num_healthy_workers": 7, "timesteps_total": 12600, "episodes_total": 13, "training_iteration": 3, "timestamp": 1601910566, "time_this_iter_s": 301.5663249492645, "time_total_s": 876.9588823318481, "time_since_restore": 876.9588823318481, "timesteps_since_restore": 0, "iterations_since_restore": 3, "timers/sample_time_ms": 5481.338, "timers/sample_throughput": 766.236, "timers/learn_time_ms": 286765.686, "timers/learn_throughput": 14.646, "timers/update_time_ms": 20.126, "info/num_steps_sampled": 12600, "info/num_steps_trained": 12600, "perf/cpu_util_percent": 17.441336633663365, "perf/ram_util_percent": 3.5631188118811887, "info/learner/default_policy/allreduce_latency": 0.0, "info/learner/default_policy/cur_kl_coeff": 0.45000000000000007, "info/learner/default_policy/cur_lr": 0.0005, "info/learner/default_policy/total_loss": 97.84456010298295, "info/learner/default_policy/policy_loss": -0.21464886392156282, "info/learner/default_policy/vf_loss": 98.03788179339784, "info/learner/default_policy/vf_explained_var": 0.8954293131828308, "info/learner/default_policy/kl": 0.047390094083366974, "info/learner/default_policy/entropy": 1.0256600217385725, "info/learner/default_policy/entropy_coeff": 0.0, "_step": 2, "_runtime": 879, "_timestamp": 1601910566, "custom_metrics/time_step_mean": 3581.6923076923076, "custom_metrics/time_step_min": 3401, "custom_metrics/time_step_max": 3757, "sampler_perf/mean_env_wait_ms": 0.6851136641050218, "sampler_perf/mean_raw_obs_processing_ms": 0.19328669780203264, "sampler_perf/mean_inference_ms": 5.824414006238009, "sampler_perf/mean_action_processing_ms": 0.0934712369799357}