{"time_step_min": 3124, "_step": 7, "_runtime": 634, "_timestamp": 1602460306, "time_step_max": 4307, "time_step_mean": 3433.3708333333334, "episode_reward_max": 292.6868686868685, "episode_reward_min": 113.44444444444365, "episode_reward_mean": 246.1808641428894, "episodes_total": 4108, "training_iteration": 21}