{"nb_episodes": 1, "avg_best_result": 163.86868686868684, "best_episode": 163.86868686868684, "best_timestep": 3871, "_step": 0, "_runtime": 2, "_timestamp": 1602708225}