{"episode_reward_max": 117.1515151515147, "episode_reward_min": -77.59595959595954, "episode_reward_mean": 55.96242424242405, "episode_len_mean": 795.278, "episodes_this_iter": 227, "num_healthy_workers": 80, "timesteps_total": 2284800, "episodes_total": 2867, "training_iteration": 20, "timestamp": 1606821042, "time_this_iter_s": 9.070115327835083, "time_total_s": 181.3594470024109, "time_since_restore": 181.3594470024109, "timesteps_since_restore": 0, "iterations_since_restore": 20, "timers/sample_time_ms": 3603.336, "timers/sample_throughput": 31703.958, "timers/load_time_ms": 263.48, "timers/load_throughput": 433581.696, "timers/learn_time_ms": 5067.788, "timers/learn_throughput": 22542.379, "timers/update_time_ms": 37.659, "info/num_steps_sampled": 2284800, "info/num_steps_trained": 2284800, "perf/cpu_util_percent": 39.527272727272724, "perf/ram_util_percent": 6.763636363636363, "perf/gpu_util_percent0": 0.40363636363636357, "perf/vram_util_percent0": 0.10831420137750083, "info/learner/default_policy/cur_kl_coeff": 9.252086101696477e-07, "info/learner/default_policy/cur_lr": 0.00033441733103245497, "info/learner/default_policy/total_loss": 2688.100830078125, "info/learner/default_policy/policy_loss": -0.05823252722620964, "info/learner/default_policy/vf_loss": 3288.725830078125, "info/learner/default_policy/vf_explained_var": 0.7297372221946716, "info/learner/default_policy/kl": 0.020955437794327736, "info/learner/default_policy/entropy": 0.6195458769798279, "info/learner/default_policy/entropy_coeff": 0.00017332557763438672, "_step": 19, "_runtime": 198, "_timestamp": 1606821042, "custom_metrics/time_step_mean": 2851.21, "custom_metrics/time_step_min": 2593, "custom_metrics/time_step_max": 3512, "sampler_perf/mean_env_wait_ms": 2.3153686181797006, "sampler_perf/mean_raw_obs_processing_ms": 0.582109257059151, "sampler_perf/mean_inference_ms": 3.4482830902074664, "sampler_perf/mean_action_processing_ms": 0.22615877423387876}