{"episode_reward_max": 127.05050505050478, "episode_reward_min": -19.616161616161502, "episode_reward_mean": 71.04404040404023, "episode_len_mean": 767.67, "episodes_this_iter": 80, "num_healthy_workers": 80, "timesteps_total": 5035412, "episodes_total": 6480, "training_iteration": 81, "timestamp": 1606818167, "time_this_iter_s": 6.491897106170654, "time_total_s": 521.780375957489, "time_since_restore": 521.780375957489, "timesteps_since_restore": 0, "iterations_since_restore": 81, "custom_metrics/time_step_mean": 2776.232, "custom_metrics/time_step_min": 2499, "custom_metrics/time_step_max": 3225, "sampler_perf/mean_env_wait_ms": 0.7610187228425596, "sampler_perf/mean_raw_obs_processing_ms": 0.2525692891831954, "sampler_perf/mean_inference_ms": 3.3549459864567623, "sampler_perf/mean_action_processing_ms": 0.1267311243651062, "timers/sample_time_ms": 4123.748, "timers/sample_throughput": 14916.213, "timers/load_time_ms": 126.725, "timers/load_throughput": 485386.228, "timers/learn_time_ms": 1975.791, "timers/learn_throughput": 31132.195, "timers/update_time_ms": 48.031, "info/num_steps_sampled": 5035412, "info/num_steps_trained": 5035412, "perf/cpu_util_percent": 55.675000000000004, "perf/ram_util_percent": 7.1, "perf/gpu_util_percent0": 0.1925, "perf/vram_util_percent0": 0.10831420137750082, "info/learner/default_policy/cur_kl_coeff": 0.008884058333933353, "info/learner/default_policy/cur_lr": 0.003441357286646962, "info/learner/default_policy/total_loss": 245.76734924316406, "info/learner/default_policy/policy_loss": -0.11040863394737244, "info/learner/default_policy/vf_loss": 315.41619873046875, "info/learner/default_policy/vf_explained_var": 0.8531872034072876, "info/learner/default_policy/kl": 0.35421502590179443, "info/learner/default_policy/entropy": 0.25963956117630005, "info/learner/default_policy/entropy_coeff": 0.004922324791550636, "_step": 80, "_runtime": 546, "_timestamp": 1606818167}