{"time_step_min": 3102, "_step": 7, "_runtime": 626, "_timestamp": 1602422852, "time_step_max": 4264, "time_step_mean": 3449.796576531878, "episode_reward_max": 296.0202020202016, "episode_reward_min": 119.95959595959576, "episode_reward_mean": 243.79704659305537, "episodes_total": 4059, "training_iteration": 21}