{"time_step_min": 2992, "_step": 7, "_runtime": 629, "_timestamp": 1602515497, "time_step_max": 4000, "time_step_mean": 3346.508729281768, "episode_reward_max": 291.4949494949492, "episode_reward_min": 138.7676767676767, "episode_reward_mean": 237.67161536486694, "episodes_total": 4564, "training_iteration": 23}