{"time_step_min": 3241, "_step": 7, "_runtime": 623, "_timestamp": 1602510281, "time_step_max": 4219, "time_step_mean": 3581.884422110553, "episode_reward_max": 287.6161616161611, "episode_reward_min": 123.22222222222149, "episode_reward_mean": 233.8832515936943, "episodes_total": 4424, "training_iteration": 23}