{"episode_reward_max": 247.80808080808092, "episode_reward_min": 191.78787878787838, "episode_reward_mean": 226.23310023309998, "episode_len_mean": 881.1538461538462, "episodes_this_iter": 6, "num_healthy_workers": 7, "timesteps_total": 12600, "episodes_total": 13, "training_iteration": 3, "timestamp": 1601912127, "time_this_iter_s": 259.24001240730286, "time_total_s": 777.9417135715485, "time_since_restore": 777.9417135715485, "timesteps_since_restore": 0, "iterations_since_restore": 3, "timers/sample_time_ms": 5869.877, "timers/sample_throughput": 715.518, "timers/learn_time_ms": 253352.771, "timers/learn_throughput": 16.578, "timers/update_time_ms": 20.263, "info/num_steps_sampled": 12600, "info/num_steps_trained": 12600, "perf/cpu_util_percent": 17.80520231213873, "perf/ram_util_percent": 3.5696531791907526, "info/learner/default_policy/allreduce_latency": 0.0, "info/learner/default_policy/cur_kl_coeff": 0.6749999999999999, "info/learner/default_policy/cur_lr": 0.0001, "info/learner/default_policy/total_loss": 62.96456111561168, "info/learner/default_policy/policy_loss": -0.16791860787480167, "info/learner/default_policy/vf_loss": 63.1058024782123, "info/learner/default_policy/vf_explained_var": 0.9316027164459229, "info/learner/default_policy/kl": 0.03966323004075975, "info/learner/default_policy/entropy": 0.9567551811536154, "info/learner/default_policy/entropy_coeff": 0.0001, "_step": 2, "_runtime": 785, "_timestamp": 1601912132, "custom_metrics/time_step_mean": 3556.846153846154, "custom_metrics/time_step_min": 3414, "custom_metrics/time_step_max": 3781, "sampler_perf/mean_env_wait_ms": 0.679068064105162, "sampler_perf/mean_raw_obs_processing_ms": 0.18793624432072242, "sampler_perf/mean_inference_ms": 5.920835502616029, "sampler_perf/mean_action_processing_ms": 0.08807664160663564}