{"time_step_min": 3164, "_step": 7, "_runtime": 646, "_timestamp": 1602379076, "time_step_max": 4134, "time_step_mean": 3556.0050215208034, "episode_reward_max": 286.6262626262628, "episode_reward_min": 108.44444444444453, "episode_reward_mean": 226.6314836124961, "episodes_total": 1422, "training_iteration": 8}