{"time_step_min": 3137.0, "_step": 5, "_runtime": 618, "_timestamp": 1602234086, "episode_reward_max": 291.34343434343447, "episode_reward_min": 115.78787878787877, "episode_reward_mean": 239.11227038315627, "episodes_total": 2370, "training_iteration": 13}