{"time_step_min": 3231, "_step": 7, "_runtime": 618, "_timestamp": 1602382292, "time_step_max": 4161, "time_step_mean": 3540.8440276406714, "episode_reward_max": 277.08080808080797, "episode_reward_min": 132.2323232323232, "episode_reward_mean": 228.9071779135069, "episodes_total": 2054, "training_iteration": 11}