{"episode_reward_max": 152.90909090909074, "episode_reward_min": 34.72727272727242, "episode_reward_mean": 110.2590909090907, "episode_len_mean": 728.544, "episodes_this_iter": 260, "num_healthy_workers": 80, "timesteps_total": 9841920, "episodes_total": 13213, "training_iteration": 44, "timestamp": 1606833711, "time_this_iter_s": 13.358256340026855, "time_total_s": 587.9066054821014, "time_since_restore": 587.9066054821014, "timesteps_since_restore": 0, "iterations_since_restore": 44, "custom_metrics/time_step_mean": 2583.754, "custom_metrics/time_step_min": 2393, "custom_metrics/time_step_max": 2956, "sampler_perf/mean_env_wait_ms": 2.4035565128887733, "sampler_perf/mean_raw_obs_processing_ms": 0.6033795371920381, "sampler_perf/mean_inference_ms": 3.802916360428022, "sampler_perf/mean_action_processing_ms": 0.2234962936271757, "timers/sample_time_ms": 7528.048, "timers/sample_throughput": 29712.883, "timers/load_time_ms": 541.434, "timers/load_throughput": 413124.926, "timers/learn_time_ms": 5111.528, "timers/learn_throughput": 43759.906, "timers/update_time_ms": 42.833, "info/num_steps_sampled": 9841920, "info/num_steps_trained": 9841920, "perf/cpu_util_percent": 62.35625, "perf/ram_util_percent": 6.8, "perf/gpu_util_percent0": 0.32125, "perf/vram_util_percent0": 0.11356182354870449, "info/learner/default_policy/cur_kl_coeff": 6.152796506878402e-14, "info/learner/default_policy/cur_lr": 0.00016470413538627326, "info/learner/default_policy/total_loss": 124.6606216430664, "info/learner/default_policy/policy_loss": -0.014232282526791096, "info/learner/default_policy/vf_loss": 170.8429412841797, "info/learner/default_policy/vf_explained_var": 0.9269688725471497, "info/learner/default_policy/kl": 0.009226431138813496, "info/learner/default_policy/entropy": 0.5433932542800903, "info/learner/default_policy/entropy_coeff": 0.009976525790989399, "_step": 43, "_runtime": 610, "_timestamp": 1606833711}