{"episode_reward_max": 260.4545454545453, "episode_reward_min": 170.62626262626284, "episode_reward_mean": 227.00317460317441, "episode_len_mean": 880.9142857142857, "episodes_this_iter": 7, "num_healthy_workers": 7, "timesteps_total": 33600, "episodes_total": 35, "training_iteration": 8, "timestamp": 1601909697, "time_this_iter_s": 80.60404682159424, "time_total_s": 645.2363500595093, "time_since_restore": 645.2363500595093, "timesteps_since_restore": 0, "iterations_since_restore": 8, "timers/sample_time_ms": 2724.528, "timers/sample_throughput": 1541.552, "timers/learn_time_ms": 77899.561, "timers/learn_throughput": 53.916, "timers/update_time_ms": 8.869, "info/num_steps_sampled": 33600, "info/num_steps_trained": 33600, "perf/cpu_util_percent": 19.819999999999993, "perf/ram_util_percent": 2.968181818181818, "info/learner/default_policy/allreduce_latency": 0.0, "info/learner/default_policy/cur_kl_coeff": 1.7085937500000001, "info/learner/default_policy/cur_lr": 0.0001, "info/learner/default_policy/total_loss": 32.58876690720067, "info/learner/default_policy/policy_loss": -0.1050152915219466, "info/learner/default_policy/vf_loss": 32.666544422958836, "info/learner/default_policy/vf_explained_var": 0.9802805781364441, "info/learner/default_policy/kl": 0.015993999035069435, "info/learner/default_policy/entropy": 0.892887968005556, "info/learner/default_policy/entropy_coeff": 0.0001, "_step": 7, "_runtime": 648, "_timestamp": 1601909697, "custom_metrics/time_step_mean": 3551.714285714286, "custom_metrics/time_step_min": 3331, "custom_metrics/time_step_max": 3926, "sampler_perf/mean_env_wait_ms": 0.7050972724261447, "sampler_perf/mean_raw_obs_processing_ms": 0.16888033728587182, "sampler_perf/mean_inference_ms": 2.6747547251191137, "sampler_perf/mean_action_processing_ms": 0.08289681645988957}