{"time_step_min": 3003, "_step": 7, "_runtime": 11169, "_timestamp": 1602787674, "time_step_max": 4254, "time_step_mean": 3139.609020272244, "episode_reward_max": 321.40404040404013, "episode_reward_min": 126.55555555555502, "episode_reward_mean": 300.6988334607883, "episodes_total": 85631, "training_iteration": 420}