{"time_step_min": 3081, "_step": 7, "_runtime": 628, "_timestamp": 1602418907, "time_step_max": 4242, "time_step_mean": 3480.241764080765, "episode_reward_max": 299.20202020202044, "episode_reward_min": 123.29292929292907, "episode_reward_mean": 239.06057409538414, "episodes_total": 3792, "training_iteration": 20}