{"time_step_min": 3080.0, "_step": 5, "_runtime": 630, "_timestamp": 1602243271, "episode_reward_max": 296.6363636363636, "episode_reward_min": 115.78787878787877, "episode_reward_mean": 242.30281419584094, "episodes_total": 2524, "training_iteration": 13}