{"episode_reward_max": 273.9898989898984, "episode_reward_min": 171.33333333333314, "episode_reward_mean": 224.22907647907624, "episode_len_mean": 904.25, "episodes_this_iter": 0, "num_healthy_workers": 7, "timesteps_total": 33600, "episodes_total": 28, "training_iteration": 6, "timestamp": 1601915933, "time_this_iter_s": 102.87642168998718, "time_total_s": 626.0624258518219, "time_since_restore": 626.0624258518219, "timesteps_since_restore": 0, "iterations_since_restore": 6, "timers/sample_time_ms": 2349.428, "timers/sample_throughput": 2383.559, "timers/learn_time_ms": 101954.86, "timers/learn_throughput": 54.926, "timers/update_time_ms": 10.131, "info/num_steps_sampled": 33600, "info/num_steps_trained": 33600, "perf/cpu_util_percent": 17.484285714285715, "perf/ram_util_percent": 3.101428571428572, "info/learner/default_policy/allreduce_latency": 0.0, "info/learner/default_policy/cur_kl_coeff": 0.759375, "info/learner/default_policy/cur_lr": 0.00010000000000000003, "info/learner/default_policy/total_loss": 1.8626089868220417, "info/learner/default_policy/policy_loss": -0.18562096602876077, "info/learner/default_policy/vf_loss": 2.026588408784433, "info/learner/default_policy/vf_explained_var": 0.9725615978240967, "info/learner/default_policy/kl": 0.028499171307141132, "info/learner/default_policy/entropy": 0.9850096092982725, "info/learner/default_policy/entropy_coeff": 0.0, "_step": 5, "_runtime": 631, "_timestamp": 1601915933, "custom_metrics/time_step_mean": 2147.1785714285716, "custom_metrics/time_step_min": 0, "custom_metrics/time_step_max": 3777, "sampler_perf/mean_env_wait_ms": 1.2803699504144632, "sampler_perf/mean_raw_obs_processing_ms": 0.274230918762805, "sampler_perf/mean_inference_ms": 2.9761369979804013, "sampler_perf/mean_action_processing_ms": 0.1099117411184283}