{"time_step_min": 3165, "_step": 7, "_runtime": 631, "_timestamp": 1602459015, "time_step_max": 4330, "time_step_mean": 3482.912107623318, "episode_reward_max": 286.4747474747471, "episode_reward_min": 109.95959595959587, "episode_reward_mean": 238.1957224183728, "episodes_total": 3373, "training_iteration": 18}