{"episode_reward_max": 253.20202020202026, "episode_reward_min": 187.39393939393943, "episode_reward_mean": 228.72510822510804, "episode_len_mean": 878.5714285714286, "episodes_this_iter": 7, "num_healthy_workers": 7, "timesteps_total": 12600, "episodes_total": 14, "training_iteration": 3, "timestamp": 1601910503, "time_this_iter_s": 255.84560585021973, "time_total_s": 776.2914271354675, "time_since_restore": 776.2914271354675, "timesteps_since_restore": 0, "iterations_since_restore": 3, "timers/sample_time_ms": 5693.763, "timers/sample_throughput": 737.649, "timers/learn_time_ms": 252999.442, "timers/learn_throughput": 16.601, "timers/update_time_ms": 9.445, "info/num_steps_sampled": 12600, "info/num_steps_trained": 12600, "perf/cpu_util_percent": 17.074269005847952, "perf/ram_util_percent": 3.5818713450292403, "info/learner/default_policy/allreduce_latency": 0.0, "info/learner/default_policy/cur_kl_coeff": 0.6749999999999999, "info/learner/default_policy/cur_lr": 0.0001, "info/learner/default_policy/total_loss": 129.6241596106327, "info/learner/default_policy/policy_loss": -0.18625864505090498, "info/learner/default_policy/vf_loss": 129.78904608524206, "info/learner/default_policy/vf_explained_var": 0.8390116095542908, "info/learner/default_policy/kl": 0.03166080458146153, "info/learner/default_policy/entropy": 1.035656452178955, "info/learner/default_policy/entropy_coeff": 0.0, "_step": 2, "_runtime": 778, "_timestamp": 1601910503, "custom_metrics/time_step_mean": 3540.5714285714284, "custom_metrics/time_step_min": 3374, "custom_metrics/time_step_max": 3816, "sampler_perf/mean_env_wait_ms": 0.7033417664574394, "sampler_perf/mean_raw_obs_processing_ms": 0.20028389543642028, "sampler_perf/mean_inference_ms": 6.068973210954842, "sampler_perf/mean_action_processing_ms": 0.09331521249170824}