{"time_step_min": 3181, "_step": 7, "_runtime": 641, "_timestamp": 1602372000, "time_step_max": 4319, "time_step_mean": 3495.8945955018457, "episode_reward_max": 289.3535353535354, "episode_reward_min": 111.62626262626269, "episode_reward_mean": 236.97383546136447, "episodes_total": 3007, "training_iteration": 16}