{"time_step_min": 2911, "_step": 7, "_runtime": 11178, "_timestamp": 1602821255, "time_step_max": 3906, "time_step_mean": 3006.45324407344, "episode_reward_max": 322.949494949495, "episode_reward_min": 165.67676767676747, "episode_reward_mean": 308.06549046878587, "episodes_total": 85322, "training_iteration": 418}