{"time_step_min": 3206.0, "_step": 5, "_runtime": 636, "_timestamp": 1602183324, "episode_reward_max": 277.4747474747467, "episode_reward_min": 115.78787878787877, "episode_reward_mean": 228.3773600988789, "episodes_total": 474, "training_iteration": 3}