{"episode_reward_max": 271.6262626262625, "episode_reward_min": 161.47474747474766, "episode_reward_mean": 229.04459595959582, "episode_len_mean": 810.506, "episodes_this_iter": 99, "num_healthy_workers": 11, "timesteps_total": 3327966, "episodes_total": 4087, "training_iteration": 41, "timestamp": 1605830846, "time_this_iter_s": 36.377930641174316, "time_total_s": 1465.3229775428772, "time_since_restore": 1465.3229775428772, "timesteps_since_restore": 0, "iterations_since_restore": 41, "custom_metrics/time_step_mean": 3552.315, "custom_metrics/time_step_min": 3356, "custom_metrics/time_step_max": 3990, "sampler_perf/mean_env_wait_ms": 4.594897671446787, "sampler_perf/mean_raw_obs_processing_ms": 1.036922582405146, "sampler_perf/mean_inference_ms": 9.42109059506886, "sampler_perf/mean_action_processing_ms": 0.2942767343456168, "timers/sample_time_ms": 19874.068, "timers/sample_throughput": 4037.432, "timers/learn_time_ms": 15465.774, "timers/learn_throughput": 5188.243, "timers/update_time_ms": 12.522, "info/num_steps_sampled": 3327966, "info/num_steps_trained": 3327966, "perf/cpu_util_percent": 47.693617021276594, "perf/ram_util_percent": 21.055319148936167, "perf/gpu_util_percent0": 0.29382978723404257, "perf/vram_util_percent0": 0.6120894422147597, "info/learner/default_policy/allreduce_latency": 0.0, "info/learner/default_policy/cur_kl_coeff": 2.653978083157085e-13, "info/learner/default_policy/cur_lr": 0.0001543172872288869, "info/learner/default_policy/total_loss": 1.6333999037742615, "info/learner/default_policy/policy_loss": -0.03856328846886754, "info/learner/default_policy/vf_loss": 1.5989235997200013, "info/learner/default_policy/vf_explained_var": 0.9995890855789185, "info/learner/default_policy/kl": 0.024775998480618, "info/learner/default_policy/entropy": 0.5089176595211029, "info/learner/default_policy/entropy_coeff": 0.0009669128447072786, "_step": 40, "_runtime": 1482, "_timestamp": 1605830846}