{"episode_reward_max": 267.42424242424147, "episode_reward_min": 152.5454545454547, "episode_reward_mean": 230.92063492063474, "episode_len_mean": 887.5, "episodes_this_iter": 7, "num_healthy_workers": 7, "timesteps_total": 12600, "episodes_total": 14, "training_iteration": 3, "timestamp": 1601910506, "time_this_iter_s": 252.62981176376343, "time_total_s": 771.7248854637146, "time_since_restore": 771.7248854637146, "timesteps_since_restore": 0, "iterations_since_restore": 3, "timers/sample_time_ms": 5361.657, "timers/sample_throughput": 783.34, "timers/learn_time_ms": 251822.271, "timers/learn_throughput": 16.678, "timers/update_time_ms": 10.612, "info/num_steps_sampled": 12600, "info/num_steps_trained": 12600, "perf/cpu_util_percent": 16.84319526627219, "perf/ram_util_percent": 3.5816568047337287, "info/learner/default_policy/allreduce_latency": 0.0, "info/learner/default_policy/cur_kl_coeff": 0.6749999999999999, "info/learner/default_policy/cur_lr": 0.0001, "info/learner/default_policy/total_loss": 229.5766136863015, "info/learner/default_policy/policy_loss": -0.18396062533738036, "info/learner/default_policy/vf_loss": 229.7391602487275, "info/learner/default_policy/vf_explained_var": 0.7923691868782043, "info/learner/default_policy/kl": 0.031875632872635666, "info/learner/default_policy/entropy": 1.0201505115537932, "info/learner/default_policy/entropy_coeff": 0.0001, "_step": 2, "_runtime": 776, "_timestamp": 1601910508, "custom_metrics/time_step_mean": 3522.714285714286, "custom_metrics/time_step_min": 3273, "custom_metrics/time_step_max": 4046, "sampler_perf/mean_env_wait_ms": 0.6904272593335677, "sampler_perf/mean_raw_obs_processing_ms": 0.19536465095925465, "sampler_perf/mean_inference_ms": 5.877379538390518, "sampler_perf/mean_action_processing_ms": 0.09360092463600851}