{"episode_reward_max": 295.4141414141413, "episode_reward_min": 196.77777777777723, "episode_reward_mean": 254.9109595959593, "episode_len_mean": 888.276, "episodes_this_iter": 399, "num_healthy_workers": 80, "timesteps_total": 6365063, "episodes_total": 7150, "training_iteration": 18, "timestamp": 1606762099, "time_this_iter_s": 33.01910400390625, "time_total_s": 608.970865726471, "time_since_restore": 608.970865726471, "timesteps_since_restore": 0, "iterations_since_restore": 18, "custom_metrics/time_step_mean": 3374.597, "custom_metrics/time_step_min": 3106, "custom_metrics/time_step_max": 3757, "sampler_perf/mean_env_wait_ms": 2.697575929756773, "sampler_perf/mean_raw_obs_processing_ms": 0.648502818117278, "sampler_perf/mean_inference_ms": 4.264479927169997, "sampler_perf/mean_action_processing_ms": 0.23728694910514708, "timers/sample_time_ms": 14435.028, "timers/sample_throughput": 24375.498, "timers/load_time_ms": 1255.722, "timers/load_throughput": 280206.108, "timers/learn_time_ms": 17765.651, "timers/learn_throughput": 19805.692, "timers/update_time_ms": 45.167, "info/num_steps_sampled": 6365063, "info/num_steps_trained": 6365063, "perf/cpu_util_percent": 34.67948717948718, "perf/ram_util_percent": 8.017948717948721, "perf/gpu_util_percent0": 0.387948717948718, "perf/vram_util_percent0": 0.3706953099376844, "info/learner/default_policy/cur_kl_coeff": 3.126928731944645e-06, "info/learner/default_policy/cur_lr": 0.00019343345775268972, "info/learner/default_policy/total_loss": 120.62908935546875, "info/learner/default_policy/policy_loss": -0.06408780068159103, "info/learner/default_policy/vf_loss": 129.33961486816406, "info/learner/default_policy/vf_explained_var": 0.9849675893783569, "info/learner/default_policy/kl": 0.0219882782548666, "info/learner/default_policy/entropy": 0.897405743598938, "info/learner/default_policy/entropy_coeff": 0.003192183095961809, "_step": 17, "_runtime": 627, "_timestamp": 1606762099}