{"time_step_min": 3165, "_step": 7, "_runtime": 642, "_timestamp": 1602280016, "time_step_max": 4271, "time_step_mean": 3533.3935983996003, "episode_reward_max": 286.4747474747473, "episode_reward_min": 99.20202020201971, "episode_reward_mean": 231.9019626646208, "episodes_total": 4108, "training_iteration": 11}