{"episode_reward_max": 299.959595959595, "episode_reward_min": 166.77777777777754, "episode_reward_mean": 249.05747474747443, "episode_len_mean": 887.152, "episodes_this_iter": 80, "num_healthy_workers": 80, "timesteps_total": 2226973, "episodes_total": 2480, "training_iteration": 31, "timestamp": 1606760827, "time_this_iter_s": 8.491462707519531, "time_total_s": 286.77294158935547, "time_since_restore": 286.77294158935547, "timesteps_since_restore": 0, "iterations_since_restore": 31, "custom_metrics/time_step_mean": 3411.954, "custom_metrics/time_step_min": 3076, "custom_metrics/time_step_max": 3955, "sampler_perf/mean_env_wait_ms": 0.8977594651075388, "sampler_perf/mean_raw_obs_processing_ms": 0.29110985130080036, "sampler_perf/mean_inference_ms": 4.290918663861111, "sampler_perf/mean_action_processing_ms": 0.13616631565025938, "timers/sample_time_ms": 5735.278, "timers/sample_throughput": 12348.764, "timers/load_time_ms": 248.491, "timers/load_throughput": 285015.158, "timers/learn_time_ms": 2748.005, "timers/learn_throughput": 25772.732, "timers/update_time_ms": 54.931, "info/num_steps_sampled": 2226973, "info/num_steps_trained": 2226973, "perf/cpu_util_percent": 54.65999999999999, "perf/ram_util_percent": 7.3, "perf/gpu_util_percent0": 0.25, "perf/vram_util_percent0": 0.10831420137750083, "info/learner/default_policy/cur_kl_coeff": 2.805224941226925e-10, "info/learner/default_policy/cur_lr": 0.00038188829785212874, "info/learner/default_policy/total_loss": 127.95826721191406, "info/learner/default_policy/policy_loss": -0.07981502264738083, "info/learner/default_policy/vf_loss": 149.9334716796875, "info/learner/default_policy/vf_explained_var": 0.9822977781295776, "info/learner/default_policy/kl": 0.03702685981988907, "info/learner/default_policy/entropy": 0.5313133001327515, "info/learner/default_policy/entropy_coeff": 0.0010520840296521783, "_step": 30, "_runtime": 307, "_timestamp": 1606760827}