{"episode_reward_max": 283.89898989899, "episode_reward_min": 159.8080808080805, "episode_reward_mean": 252.14702020202017, "episode_len_mean": 808.567, "episodes_this_iter": 99, "num_healthy_workers": 11, "timesteps_total": 3353232, "episodes_total": 4059, "training_iteration": 41, "timestamp": 1605859014, "time_this_iter_s": 30.32491683959961, "time_total_s": 1415.355033159256, "time_since_restore": 1415.355033159256, "timesteps_since_restore": 0, "iterations_since_restore": 41, "custom_metrics/time_step_mean": 3400.323, "custom_metrics/time_step_min": 3202, "custom_metrics/time_step_max": 3805, "sampler_perf/mean_env_wait_ms": 4.657131051727211, "sampler_perf/mean_raw_obs_processing_ms": 1.0695655183725872, "sampler_perf/mean_inference_ms": 9.855331511275084, "sampler_perf/mean_action_processing_ms": 0.30672215600211983, "timers/sample_time_ms": 18504.999, "timers/sample_throughput": 4329.9, "timers/learn_time_ms": 15580.415, "timers/learn_throughput": 5142.661, "timers/update_time_ms": 15.332, "info/num_steps_sampled": 3353232, "info/num_steps_trained": 3353232, "perf/cpu_util_percent": 45.55, "perf/ram_util_percent": 21.115000000000002, "perf/gpu_util_percent0": 0.35025000000000006, "perf/vram_util_percent0": 0.6120894422147596, "info/learner/default_policy/allreduce_latency": 0.0, "info/learner/default_policy/cur_kl_coeff": 1.9753084320613892e-13, "info/learner/default_policy/cur_lr": 9.057197843713211e-05, "info/learner/default_policy/total_loss": 2.646278977394104, "info/learner/default_policy/policy_loss": -0.02295020336750895, "info/learner/default_policy/vf_loss": 3.622838830947876, "info/learner/default_policy/vf_explained_var": 0.9995337724685669, "info/learner/default_policy/kl": 0.011673029698431491, "info/learner/default_policy/entropy": 0.7584677636623383, "info/learner/default_policy/entropy_coeff": 0.00024388391734683586, "_step": 40, "_runtime": 1438, "_timestamp": 1605859014}