{"time_step_min": 3178.0, "_step": 5, "_runtime": 636, "_timestamp": 1602175434, "episode_reward_max": 295.2323232323231, "episode_reward_min": 111.5454545454545, "episode_reward_mean": 230.2177087740996, "episodes_total": 1862, "training_iteration": 5}