{"time_step_min": 3124.0, "_step": 5, "_runtime": 665, "_timestamp": 1602241302, "episode_reward_max": 290.53535353535284, "episode_reward_min": 136.75757575757595, "episode_reward_mean": 233.8345879682904, "episodes_total": 2528, "training_iteration": 7}