{"nb_episodes": 1, "avg_best_result": 265.63636363636385, "best_episode": 265.63636363636385, "best_timestep": 3162, "_step": 0, "_runtime": 3, "_timestamp": 1602835106}