{"nb_episodes": 4240, "avg_best_result": 255.18055555555506, "best_episode": 272.31313131313084, "time_step_min": 3327, "_step": 0, "_runtime": 607, "_timestamp": 1602578735}