{"time_step_min": 3137.0, "_step": 5, "_runtime": 627, "_timestamp": 1602182676, "episode_reward_max": 289.6363636363634, "episode_reward_min": 115.78787878787877, "episode_reward_mean": 235.84218769978256, "episodes_total": 1896, "training_iteration": 10}