{"nb_episodes": 1, "avg_best_result": 277.5959595959601, "best_episode": 277.5959595959601, "best_timestep": 3152, "_step": 0, "_runtime": 4, "_timestamp": 1602835043}