{"episode_reward_max": 287.8383838383832, "episode_reward_min": 134.65656565656508, "episode_reward_mean": 231.20005050505023, "episode_len_mean": 909.476, "episodes_this_iter": 400, "num_healthy_workers": 80, "timesteps_total": 3247096, "episodes_total": 3602, "training_iteration": 9, "timestamp": 1606730909, "time_this_iter_s": 71.38895511627197, "time_total_s": 612.5846254825592, "time_since_restore": 612.5846254825592, "timesteps_since_restore": 0, "iterations_since_restore": 9, "custom_metrics/time_step_mean": 3550.766, "custom_metrics/time_step_min": 3281, "custom_metrics/time_step_max": 3926, "sampler_perf/mean_env_wait_ms": 6.315400438104359, "sampler_perf/mean_raw_obs_processing_ms": 1.2817361731687738, "sampler_perf/mean_inference_ms": 7.810687699968403, "sampler_perf/mean_action_processing_ms": 0.36287827982300985, "timers/sample_time_ms": 11892.625, "timers/sample_throughput": 30337.157, "timers/learn_time_ms": 56012.398, "timers/learn_throughput": 6441.225, "timers/update_time_ms": 30.991, "info/num_steps_sampled": 3247096, "info/num_steps_trained": 3247096, "perf/cpu_util_percent": 30.084615384615383, "perf/ram_util_percent": 5.374358974358973, "perf/gpu_util_percent0": 0.19743589743589743, "perf/vram_util_percent0": 0.09617907510659231, "info/learner/default_policy/allreduce_latency": 0.0, "info/learner/default_policy/cur_kl_coeff": 0.001776848615075072, "info/learner/default_policy/cur_lr": 0.0001093985275106989, "info/learner/default_policy/total_loss": 176.92470734694908, "info/learner/default_policy/policy_loss": -0.04826326629724996, "info/learner/default_policy/vf_loss": 310.9320541908001, "info/learner/default_policy/vf_explained_var": 0.9710928201675415, "info/learner/default_policy/kl": 0.02536274974459204, "info/learner/default_policy/entropy": 1.044042287201717, "info/learner/default_policy/entropy_coeff": 0.006897949215513615, "_step": 8, "_runtime": 624, "_timestamp": 1606730909}