{"nb_episodes": 4411, "avg_best_result": 261.7152777777775, "best_episode": 280.7171717171716, "time_step_min": 3203, "_step": 0, "_runtime": 607, "_timestamp": 1602575045}