{"episode_reward_max": 274.1313131313128, "episode_reward_min": 126.24242424242391, "episode_reward_mean": 222.70339761248835, "episode_len_mean": 873.3295454545455, "episodes_this_iter": 4, "num_healthy_workers": 7, "timesteps_total": 79800, "episodes_total": 88, "training_iteration": 19, "timestamp": 1601905893, "time_this_iter_s": 33.343541622161865, "time_total_s": 632.4448707103729, "time_since_restore": 632.4448707103729, "timesteps_since_restore": 0, "iterations_since_restore": 19, "timers/sample_time_ms": 1731.211, "timers/sample_throughput": 2426.048, "timers/learn_time_ms": 31348.733, "timers/learn_throughput": 133.977, "timers/update_time_ms": 6.719, "info/num_steps_sampled": 79800, "info/num_steps_trained": 79800, "perf/cpu_util_percent": 21.5608695652174, "perf/ram_util_percent": 2.6152173913043475, "info/learner/default_policy/allreduce_latency": 0.0, "info/learner/default_policy/cur_kl_coeff": 1.0125000000000002, "info/learner/default_policy/cur_lr": 0.0001, "info/learner/default_policy/total_loss": 4.166446613542961, "info/learner/default_policy/policy_loss": -0.12179883510213006, "info/learner/default_policy/vf_loss": 4.269450527248961, "info/learner/default_policy/vf_explained_var": 0.9967420101165771, "info/learner/default_policy/kl": 0.018646305201180054, "info/learner/default_policy/entropy": 0.8447060765642108, "info/learner/default_policy/entropy_coeff": 0.0001, "_step": 18, "_runtime": 635, "_timestamp": 1601905894, "custom_metrics/time_step_mean": 3579.306818181818, "custom_metrics/time_step_min": 3241, "custom_metrics/time_step_max": 4212, "sampler_perf/mean_env_wait_ms": 0.7589427511093189, "sampler_perf/mean_raw_obs_processing_ms": 0.16044283342279272, "sampler_perf/mean_inference_ms": 1.774035117592034, "sampler_perf/mean_action_processing_ms": 0.07487318901828756}