{"episode_reward_max": 290.11111111111086, "episode_reward_min": 174.05050505050525, "episode_reward_mean": 248.9182323232321, "episode_len_mean": 866.769, "episodes_this_iter": 99, "num_healthy_workers": 11, "timesteps_total": 3523219, "episodes_total": 4058, "training_iteration": 41, "timestamp": 1605870976, "time_this_iter_s": 33.13082790374756, "time_total_s": 1493.2861680984497, "time_since_restore": 1493.2861680984497, "timesteps_since_restore": 0, "iterations_since_restore": 41, "custom_metrics/time_step_mean": 3406.327, "custom_metrics/time_step_min": 3186, "custom_metrics/time_step_max": 3871, "sampler_perf/mean_env_wait_ms": 4.5553129240674695, "sampler_perf/mean_raw_obs_processing_ms": 1.0701618468639873, "sampler_perf/mean_inference_ms": 9.93264812242863, "sampler_perf/mean_action_processing_ms": 0.31178212412701595, "timers/sample_time_ms": 19755.043, "timers/sample_throughput": 4343.2, "timers/learn_time_ms": 16871.018, "timers/learn_throughput": 5085.65, "timers/update_time_ms": 11.321, "info/num_steps_sampled": 3523219, "info/num_steps_trained": 3523219, "perf/cpu_util_percent": 46.54186046511628, "perf/ram_util_percent": 21.24186046511628, "perf/gpu_util_percent0": 0.31255813953488376, "perf/vram_util_percent0": 0.6120894422147596, "info/learner/default_policy/allreduce_latency": 0.0, "info/learner/default_policy/cur_kl_coeff": 0.21975668899658177, "info/learner/default_policy/cur_lr": 0.00024943897245892967, "info/learner/default_policy/total_loss": 2.760116295381026, "info/learner/default_policy/policy_loss": -0.07659816064617851, "info/learner/default_policy/vf_loss": 3.2867642532695425, "info/learner/default_policy/vf_explained_var": 0.9995702505111694, "info/learner/default_policy/kl": 0.02793923680755225, "info/learner/default_policy/entropy": 0.7592602859843861, "info/learner/default_policy/entropy_coeff": 0.0003992039423109136, "_step": 40, "_runtime": 1517, "_timestamp": 1605870976}