{"time_step_min": 3216, "_step": 7, "_runtime": 629, "_timestamp": 1602350876, "time_step_max": 4260, "time_step_mean": 3592.5128205128203, "episode_reward_max": 278.7474747474752, "episode_reward_min": 120.56565656565674, "episode_reward_mean": 221.48783038339994, "episodes_total": 2212, "training_iteration": 12}