{"episode_reward_max": 262.25252525252534, "episode_reward_min": 178.73737373737333, "episode_reward_mean": 225.89033189033174, "episode_len_mean": 887.0571428571428, "episodes_this_iter": 7, "num_healthy_workers": 7, "timesteps_total": 33600, "episodes_total": 35, "training_iteration": 8, "timestamp": 1601909705, "time_this_iter_s": 76.05124974250793, "time_total_s": 623.9238328933716, "time_since_restore": 623.9238328933716, "timesteps_since_restore": 0, "iterations_since_restore": 8, "timers/sample_time_ms": 2916.759, "timers/sample_throughput": 1439.955, "timers/learn_time_ms": 75033.374, "timers/learn_throughput": 55.975, "timers/update_time_ms": 8.93, "info/num_steps_sampled": 33600, "info/num_steps_trained": 33600, "perf/cpu_util_percent": 19.56990291262136, "perf/ram_util_percent": 2.9776699029126217, "info/learner/default_policy/allreduce_latency": 0.0, "info/learner/default_policy/cur_kl_coeff": 1.5187500000000003, "info/learner/default_policy/cur_lr": 5e-05, "info/learner/default_policy/total_loss": 45.579017928152375, "info/learner/default_policy/policy_loss": -0.09620870057154786, "info/learner/default_policy/vf_loss": 45.65577504129121, "info/learner/default_policy/vf_explained_var": 0.9523586630821228, "info/learner/default_policy/kl": 0.01280799036789121, "info/learner/default_policy/entropy": 0.9885600534352389, "info/learner/default_policy/entropy_coeff": 0.0, "_step": 7, "_runtime": 626, "_timestamp": 1601909705, "custom_metrics/time_step_mean": 3557.7428571428572, "custom_metrics/time_step_min": 3313, "custom_metrics/time_step_max": 3867, "sampler_perf/mean_env_wait_ms": 0.7129354703136331, "sampler_perf/mean_raw_obs_processing_ms": 0.17258373433374768, "sampler_perf/mean_inference_ms": 2.811982431602602, "sampler_perf/mean_action_processing_ms": 0.08387062315682932}