{"time_step_min": 3143, "_step": 7, "_runtime": 615, "_timestamp": 1602460934, "time_step_max": 4216, "time_step_mean": 3457.655452436195, "episode_reward_max": 289.8080808080809, "episode_reward_min": 108.44444444444467, "episode_reward_mean": 242.40589438690702, "episodes_total": 3476, "training_iteration": 18}