{"time_step_min": 3120.0, "_step": 5, "_runtime": 614, "_timestamp": 1602230853, "episode_reward_max": 293.4949494949497, "episode_reward_min": 115.78787878787877, "episode_reward_mean": 240.5112997059198, "episodes_total": 3160, "training_iteration": 17}