{"time_step_min": 3243, "_step": 7, "_runtime": 623, "_timestamp": 1602280649, "time_step_max": 4178, "time_step_mean": 3574.221632196758, "episode_reward_max": 274.65656565656565, "episode_reward_min": 110.41414141414141, "episode_reward_mean": 223.7598539600124, "episodes_total": 3782, "training_iteration": 7}