{"episode_reward_max": 139.7777777777778, "episode_reward_min": 6.04040404040391, "episode_reward_mean": 94.43262626262603, "episode_len_mean": 795.508, "episodes_this_iter": 160, "num_healthy_workers": 80, "timesteps_total": 7395552, "episodes_total": 9280, "training_iteration": 58, "timestamp": 1606829333, "time_this_iter_s": 9.634459733963013, "time_total_s": 582.3638114929199, "time_since_restore": 582.3638114929199, "timesteps_since_restore": 0, "iterations_since_restore": 58, "custom_metrics/time_step_mean": 2660.4585, "custom_metrics/time_step_min": 2436, "custom_metrics/time_step_max": 3098, "sampler_perf/mean_env_wait_ms": 0.7126529660589395, "sampler_perf/mean_raw_obs_processing_ms": 0.23433508704376932, "sampler_perf/mean_inference_ms": 2.799460687491498, "sampler_perf/mean_action_processing_ms": 0.11890475886675, "timers/sample_time_ms": 6700.252, "timers/sample_throughput": 18935.318, "timers/load_time_ms": 291.066, "timers/load_throughput": 435885.363, "timers/learn_time_ms": 2890.403, "timers/learn_throughput": 43894.019, "timers/update_time_ms": 38.971, "info/num_steps_sampled": 7395552, "info/num_steps_trained": 7395552, "perf/cpu_util_percent": 58.47499999999999, "perf/ram_util_percent": 6.900000000000001, "perf/gpu_util_percent0": 0.23583333333333334, "perf/vram_util_percent0": 0.10831420137750085, "info/learner/default_policy/cur_kl_coeff": 2.3432204888328126e-18, "info/learner/default_policy/cur_lr": 0.0004414611612446606, "info/learner/default_policy/total_loss": 219.31039428710938, "info/learner/default_policy/policy_loss": -0.05103841423988342, "info/learner/default_policy/vf_loss": 301.7070007324219, "info/learner/default_policy/vf_explained_var": 0.8734264373779297, "info/learner/default_policy/kl": 0.018313303589820862, "info/learner/default_policy/entropy": 0.4412507116794586, "info/learner/default_policy/entropy_coeff": 0.006055594887584448, "_step": 57, "_runtime": 606, "_timestamp": 1606829334}