{"episode_reward_max": 288.8989898989895, "episode_reward_min": 152.38383838383825, "episode_reward_mean": 249.69702020202, "episode_len_mean": 866.149, "episodes_this_iter": 332, "num_healthy_workers": 80, "timesteps_total": 4289760, "episodes_total": 4788, "training_iteration": 18, "timestamp": 1606752287, "time_this_iter_s": 32.27453637123108, "time_total_s": 585.3293085098267, "time_since_restore": 585.3293085098267, "timesteps_since_restore": 0, "iterations_since_restore": 18, "custom_metrics/time_step_mean": 3409.921, "custom_metrics/time_step_min": 3150, "custom_metrics/time_step_max": 4050, "sampler_perf/mean_env_wait_ms": 3.2734373225166773, "sampler_perf/mean_raw_obs_processing_ms": 0.8432637397214572, "sampler_perf/mean_inference_ms": 7.347798182295712, "sampler_perf/mean_action_processing_ms": 0.2980789732726326, "timers/sample_time_ms": 12701.973, "timers/sample_throughput": 18762.44, "timers/load_time_ms": 814.448, "timers/load_throughput": 292615.35, "timers/learn_time_ms": 18569.505, "timers/learn_throughput": 12833.945, "timers/update_time_ms": 43.439, "info/num_steps_sampled": 4289760, "info/num_steps_trained": 4289760, "perf/cpu_util_percent": 37.378378378378386, "perf/ram_util_percent": 8.764864864864867, "perf/gpu_util_percent0": 0.42621621621621625, "perf/vram_util_percent0": 0.2135946211872745, "info/learner/default_policy/cur_kl_coeff": 1.7373155287714326e-06, "info/learner/default_policy/cur_lr": 0.00048495351802557707, "info/learner/default_policy/total_loss": 97.0130844116211, "info/learner/default_policy/policy_loss": -0.14790529012680054, "info/learner/default_policy/vf_loss": 102.77896118164062, "info/learner/default_policy/vf_explained_var": 0.9897939562797546, "info/learner/default_policy/kl": 0.10085460543632507, "info/learner/default_policy/entropy": 0.5647110939025879, "info/learner/default_policy/entropy_coeff": 0.0024549164809286594, "_step": 17, "_runtime": 608, "_timestamp": 1606752287}