{"time_step_min": 3201, "_step": 7, "_runtime": 631, "_timestamp": 1602426091, "time_step_max": 4274, "time_step_mean": 3555.9305145853823, "episode_reward_max": 285.2626262626258, "episode_reward_min": 116.17171717171708, "episode_reward_mean": 227.89831862933116, "episodes_total": 3160, "training_iteration": 6}