{"time_step_min": 3123, "_step": 7, "_runtime": 635, "_timestamp": 1602455166, "time_step_max": 4343, "time_step_mean": 3443.1882250580047, "episode_reward_max": 297.38383838383874, "episode_reward_min": 106.77777777777801, "episode_reward_mean": 244.41102916390594, "episodes_total": 3476, "training_iteration": 18}