{"episode_reward_max": 115.93939393939375, "episode_reward_min": -34.363636363636566, "episode_reward_mean": 59.59797979797968, "episode_len_mean": 736.6065, "episodes_this_iter": 158, "num_healthy_workers": 80, "timesteps_total": 7925280, "episodes_total": 10400, "training_iteration": 79, "timestamp": 1606835586, "time_this_iter_s": 6.591661214828491, "time_total_s": 574.9240117073059, "time_since_restore": 574.9240117073059, "timesteps_since_restore": 0, "iterations_since_restore": 79, "timers/sample_time_ms": 5133.83, "timers/sample_throughput": 19540.965, "timers/load_time_ms": 214.359, "timers/load_throughput": 467998.961, "timers/learn_time_ms": 2278.417, "timers/learn_throughput": 44030.574, "timers/update_time_ms": 38.024, "info/num_steps_sampled": 7925280, "info/num_steps_trained": 7925280, "perf/cpu_util_percent": 54.512499999999996, "perf/ram_util_percent": 6.6, "perf/gpu_util_percent0": 0.2525, "perf/vram_util_percent0": 0.11356182354870449, "info/learner/default_policy/cur_kl_coeff": 1.0381022970864957e-24, "info/learner/default_policy/cur_lr": 2.3975626390893012e-06, "info/learner/default_policy/total_loss": 1534.0904541015625, "info/learner/default_policy/policy_loss": -0.0014421961968764663, "info/learner/default_policy/vf_loss": 2099.994873046875, "info/learner/default_policy/vf_explained_var": 0.22271382808685303, "info/learner/default_policy/kl": 0.00012596377928275615, "info/learner/default_policy/entropy": 0.9137791991233826, "info/learner/default_policy/entropy_coeff": 0.005817096214741468, "_step": 78, "_runtime": 606, "_timestamp": 1606835586, "custom_metrics/time_step_mean": 2831.4735, "custom_metrics/time_step_min": 2554, "custom_metrics/time_step_max": 3298, "sampler_perf/mean_env_wait_ms": 1.7271087350494982, "sampler_perf/mean_raw_obs_processing_ms": 0.4671430692827045, "sampler_perf/mean_inference_ms": 4.041102181855758, "sampler_perf/mean_action_processing_ms": 0.18475383865581396}