{"nb_episodes": 1, "avg_best_result": 280.95959595959596, "best_episode": 280.95959595959596, "best_timestep": 3357, "_step": 0, "_runtime": 3, "_timestamp": 1602835095}