{"time_step_min": 3170, "_step": 7, "_runtime": 633, "_timestamp": 1602454518, "time_step_max": 4522, "time_step_mean": 3457.8680050188204, "episode_reward_max": 293.8989898989897, "episode_reward_min": 80.86868686868688, "episode_reward_mean": 241.80209269369493, "episodes_total": 4013, "training_iteration": 21}