{"time_step_min": 3158, "_step": 7, "_runtime": 625, "_timestamp": 1602364290, "time_step_max": 4501, "time_step_mean": 3503.580255681818, "episode_reward_max": 292.08080808080814, "episode_reward_min": 84.05050505050527, "episode_reward_mean": 235.19065123811944, "episodes_total": 2844, "training_iteration": 15}