{"episode_reward_max": 268.8282828282828, "episode_reward_min": 158.48484848484824, "episode_reward_mean": 214.75757575757558, "episode_len_mean": 872.5714285714286, "episodes_this_iter": 7, "num_healthy_workers": 7, "timesteps_total": 33600, "episodes_total": 35, "training_iteration": 8, "timestamp": 1601909020, "time_this_iter_s": 77.50516510009766, "time_total_s": 625.7882497310638, "time_since_restore": 625.7882497310638, "timesteps_since_restore": 0, "iterations_since_restore": 8, "timers/sample_time_ms": 2677.117, "timers/sample_throughput": 1568.852, "timers/learn_time_ms": 75515.006, "timers/learn_throughput": 55.618, "timers/update_time_ms": 9.087, "info/num_steps_sampled": 33600, "info/num_steps_trained": 33600, "perf/cpu_util_percent": 18.44056603773585, "perf/ram_util_percent": 3.0273584905660385, "info/learner/default_policy/allreduce_latency": 0.0, "info/learner/default_policy/cur_kl_coeff": 0.5062500000000001, "info/learner/default_policy/cur_lr": 5e-05, "info/learner/default_policy/total_loss": 210.8295073075728, "info/learner/default_policy/policy_loss": -0.10411873588225606, "info/learner/default_policy/vf_loss": 210.92358953302556, "info/learner/default_policy/vf_explained_var": 0.8587236404418945, "info/learner/default_policy/kl": 0.019828888672319325, "info/learner/default_policy/entropy": 1.0303205992236282, "info/learner/default_policy/entropy_coeff": 0.0, "_step": 7, "_runtime": 629, "_timestamp": 1601909020, "custom_metrics/time_step_mean": 3632.4285714285716, "custom_metrics/time_step_min": 3274, "custom_metrics/time_step_max": 4004, "sampler_perf/mean_env_wait_ms": 0.7061047547277255, "sampler_perf/mean_raw_obs_processing_ms": 0.17270360781741304, "sampler_perf/mean_inference_ms": 2.786979850484413, "sampler_perf/mean_action_processing_ms": 0.08266257521399349}