{"nb_episodes": 4315, "avg_best_result": 265.9955808080803, "best_episode": 291.26262626262536, "time_step_min": 3289, "_step": 0, "_runtime": 607, "_timestamp": 1602579351}