{"episode_reward_max": 259.74747474747494, "episode_reward_min": 158.96969696969714, "episode_reward_mean": 223.0137085137084, "episode_len_mean": 868.8571428571429, "episodes_this_iter": 7, "num_healthy_workers": 7, "timesteps_total": 12600, "episodes_total": 14, "training_iteration": 3, "timestamp": 1601912757, "time_this_iter_s": 236.40925288200378, "time_total_s": 723.6298036575317, "time_since_restore": 723.6298036575317, "timesteps_since_restore": 0, "iterations_since_restore": 3, "timers/sample_time_ms": 5074.727, "timers/sample_throughput": 827.631, "timers/learn_time_ms": 236068.27, "timers/learn_throughput": 17.791, "timers/update_time_ms": 14.632, "info/num_steps_sampled": 12600, "info/num_steps_trained": 12600, "perf/cpu_util_percent": 17.604126984126985, "perf/ram_util_percent": 3.3742857142857137, "info/learner/default_policy/allreduce_latency": 0.0, "info/learner/default_policy/cur_kl_coeff": 0.6749999999999999, "info/learner/default_policy/cur_lr": 5e-05, "info/learner/default_policy/total_loss": 221.92084803725734, "info/learner/default_policy/policy_loss": -0.13323579660870813, "info/learner/default_policy/vf_loss": 222.03649694269353, "info/learner/default_policy/vf_explained_var": 0.7883334159851074, "info/learner/default_policy/kl": 0.026205986681761162, "info/learner/default_policy/entropy": 1.0278900356003733, "info/learner/default_policy/entropy_coeff": 0.0001, "_step": 2, "_runtime": 728, "_timestamp": 1601912758, "custom_metrics/time_step_mean": 3577.4285714285716, "custom_metrics/time_step_min": 3339, "custom_metrics/time_step_max": 3996, "sampler_perf/mean_env_wait_ms": 0.6978114383831616, "sampler_perf/mean_raw_obs_processing_ms": 0.19135252911611417, "sampler_perf/mean_inference_ms": 5.815566283359002, "sampler_perf/mean_action_processing_ms": 0.08934749622617819}