{"episode_reward_max": 270.5757575757575, "episode_reward_min": 200.42424242424198, "episode_reward_mean": 231.66378066378041, "episode_len_mean": 890.0714285714286, "episodes_this_iter": 0, "num_healthy_workers": 7, "timesteps_total": 33600, "episodes_total": 28, "training_iteration": 6, "timestamp": 1601917324, "time_this_iter_s": 103.91832113265991, "time_total_s": 632.836905002594, "time_since_restore": 632.836905002594, "timesteps_since_restore": 0, "iterations_since_restore": 6, "timers/sample_time_ms": 2261.065, "timers/sample_throughput": 2476.709, "timers/learn_time_ms": 103174.046, "timers/learn_throughput": 54.277, "timers/update_time_ms": 7.745, "info/num_steps_sampled": 33600, "info/num_steps_trained": 33600, "perf/cpu_util_percent": 17.1972027972028, "perf/ram_util_percent": 3.3454545454545452, "info/learner/default_policy/allreduce_latency": 0.0, "info/learner/default_policy/cur_kl_coeff": 1.0125000000000004, "info/learner/default_policy/cur_lr": 5.0000000000000016e-05, "info/learner/default_policy/total_loss": 2.0919476503675636, "info/learner/default_policy/policy_loss": -0.13784825573252005, "info/learner/default_policy/vf_loss": 2.2079731009223242, "info/learner/default_policy/vf_explained_var": 0.9396381378173828, "info/learner/default_policy/kl": 0.021553438156843185, "info/learner/default_policy/entropy": 1.007204756140709, "info/learner/default_policy/entropy_coeff": 0.0, "_step": 5, "_runtime": 641, "_timestamp": 1601917324, "custom_metrics/time_step_mean": 2127.1428571428573, "custom_metrics/time_step_min": 0, "custom_metrics/time_step_max": 3726, "sampler_perf/mean_env_wait_ms": 1.2862131897988094, "sampler_perf/mean_raw_obs_processing_ms": 0.27027609958316584, "sampler_perf/mean_inference_ms": 2.9359462870390316, "sampler_perf/mean_action_processing_ms": 0.11083651400411994}