{"time_step_min": 3155, "_step": 7, "_runtime": 643, "_timestamp": 1602250314, "time_step_max": 4115, "time_step_mean": 3473.222932078009, "episode_reward_max": 288.1414141414143, "episode_reward_min": 136.77777777777737, "episode_reward_mean": 239.62971487022116, "episodes_total": 3002, "training_iteration": 16}