{"time_step_min": 3101, "_step": 7, "_runtime": 632, "_timestamp": 1602424136, "time_step_max": 4184, "time_step_mean": 3463.034705600766, "episode_reward_max": 296.1717171717173, "episode_reward_min": 125.56565656565631, "episode_reward_mean": 241.25612514358104, "episodes_total": 4265, "training_iteration": 15}