{"time_step_min": 3157, "_step": 7, "_runtime": 626, "_timestamp": 1602430170, "time_step_max": 4229, "time_step_mean": 3475.8040451799325, "episode_reward_max": 287.68686868686865, "episode_reward_min": 119.20202020201984, "episode_reward_mean": 239.55439663914237, "episodes_total": 3835, "training_iteration": 20}