{"time_step_min": 3162.0, "_step": 5, "_runtime": 655, "_timestamp": 1602227015, "episode_reward_max": 285.82828282828274, "episode_reward_min": 129.4949494949496, "episode_reward_mean": 229.92542513745036, "episodes_total": 1264, "training_iteration": 4}