{"episode_reward_max": 276.5353535353537, "episode_reward_min": 165.7272727272722, "episode_reward_mean": 224.0829725829723, "episode_len_mean": 888.6071428571429, "episodes_this_iter": 14, "num_healthy_workers": 7, "timesteps_total": 78400, "episodes_total": 84, "training_iteration": 14, "timestamp": 1601914103, "time_this_iter_s": 43.89675712585449, "time_total_s": 614.5101282596588, "time_since_restore": 614.5101282596588, "timesteps_since_restore": 0, "iterations_since_restore": 14, "timers/sample_time_ms": 1523.622, "timers/sample_throughput": 3675.453, "timers/learn_time_ms": 42050.267, "timers/learn_throughput": 133.174, "timers/update_time_ms": 7.287, "info/num_steps_sampled": 78400, "info/num_steps_trained": 78400, "perf/cpu_util_percent": 18.755555555555553, "perf/ram_util_percent": 3.0, "info/learner/default_policy/allreduce_latency": 0.0, "info/learner/default_policy/cur_kl_coeff": 0.3375, "info/learner/default_policy/cur_lr": 5.0000000000000016e-05, "info/learner/default_policy/total_loss": 22.888340083035555, "info/learner/default_policy/policy_loss": -0.05544623512436043, "info/learner/default_policy/vf_loss": 22.938875393434003, "info/learner/default_policy/vf_explained_var": 0.9829216003417969, "info/learner/default_policy/kl": 0.014821332646533847, "info/learner/default_policy/entropy": 0.9125601811842485, "info/learner/default_policy/entropy_coeff": 0.00010000000000000003, "_step": 13, "_runtime": 622, "_timestamp": 1601914103, "custom_metrics/time_step_mean": 2505.5714285714284, "custom_metrics/time_step_min": 0, "custom_metrics/time_step_max": 3953, "sampler_perf/mean_env_wait_ms": 1.2978818427297674, "sampler_perf/mean_raw_obs_processing_ms": 0.24659512069861753, "sampler_perf/mean_inference_ms": 1.8763324247093525, "sampler_perf/mean_action_processing_ms": 0.09936697641684698}