{"time_step_min": 3144, "_step": 7, "_runtime": 622, "_timestamp": 1602500109, "time_step_max": 4329, "time_step_mean": 3460.29231581727, "episode_reward_max": 289.65656565656536, "episode_reward_min": 88.59595959595944, "episode_reward_mean": 241.98501396666526, "episodes_total": 3815, "training_iteration": 20}