{"time_step_min": 3191.0, "_step": 5, "_runtime": 613, "_timestamp": 1602207374, "episode_reward_max": 285.3434343434347, "episode_reward_min": 100.93939393939392, "episode_reward_mean": 234.9830477243412, "episodes_total": 3015, "training_iteration": 8}