{"time_step_min": 3109.0, "_step": 5, "_runtime": 626, "_timestamp": 1602235988, "episode_reward_max": 301.030303030303, "episode_reward_min": 134.272727272727, "episode_reward_mean": 246.55197119045502, "episodes_total": 4802, "training_iteration": 13}