{"episode_reward_max": 247.72727272727266, "episode_reward_min": 150.6363636363633, "episode_reward_mean": 206.35440115440102, "episode_len_mean": 869.2285714285714, "episodes_this_iter": 7, "num_healthy_workers": 7, "timesteps_total": 33600, "episodes_total": 35, "training_iteration": 8, "timestamp": 1601908422, "time_this_iter_s": 82.47516632080078, "time_total_s": 665.0528695583344, "time_since_restore": 665.0528695583344, "timesteps_since_restore": 0, "iterations_since_restore": 8, "timers/sample_time_ms": 2783.162, "timers/sample_throughput": 1509.075, "timers/learn_time_ms": 80311.987, "timers/learn_throughput": 52.296, "timers/update_time_ms": 8.953, "info/num_steps_sampled": 33600, "info/num_steps_trained": 33600, "perf/cpu_util_percent": 19.235714285714284, "perf/ram_util_percent": 2.9187499999999997, "info/learner/default_policy/allreduce_latency": 0.0, "info/learner/default_policy/cur_kl_coeff": 1.5187500000000003, "info/learner/default_policy/cur_lr": 0.0001, "info/learner/default_policy/total_loss": 199.58795374090022, "info/learner/default_policy/policy_loss": -0.13781343829451184, "info/learner/default_policy/vf_loss": 199.6993611653646, "info/learner/default_policy/vf_explained_var": 0.8799561858177185, "info/learner/default_policy/kl": 0.017385998938345547, "info/learner/default_policy/entropy": 0.9816250277288032, "info/learner/default_policy/entropy_coeff": 0.0, "_step": 7, "_runtime": 667, "_timestamp": 1601908422, "custom_metrics/time_step_mean": 3686.2285714285713, "custom_metrics/time_step_min": 3408, "custom_metrics/time_step_max": 4051, "sampler_perf/mean_env_wait_ms": 0.7151214031450341, "sampler_perf/mean_raw_obs_processing_ms": 0.16949632920100619, "sampler_perf/mean_inference_ms": 2.738697035176185, "sampler_perf/mean_action_processing_ms": 0.08015184542117154}