{"episode_reward_max": 261.30303030302997, "episode_reward_min": 186.99999999999952, "episode_reward_mean": 225.31132756132732, "episode_len_mean": 901.2142857142857, "episodes_this_iter": 0, "num_healthy_workers": 7, "timesteps_total": 33600, "episodes_total": 28, "training_iteration": 6, "timestamp": 1601917341, "time_this_iter_s": 103.7172269821167, "time_total_s": 631.6542520523071, "time_since_restore": 631.6542520523071, "timesteps_since_restore": 0, "iterations_since_restore": 6, "timers/sample_time_ms": 2414.408, "timers/sample_throughput": 2319.409, "timers/learn_time_ms": 102818.383, "timers/learn_throughput": 54.465, "timers/update_time_ms": 7.21, "info/num_steps_sampled": 33600, "info/num_steps_trained": 33600, "perf/cpu_util_percent": 17.690845070422533, "perf/ram_util_percent": 3.3323943661971827, "info/learner/default_policy/allreduce_latency": 0.0, "info/learner/default_policy/cur_kl_coeff": 0.759375, "info/learner/default_policy/cur_lr": 5.0000000000000016e-05, "info/learner/default_policy/total_loss": 3.2166222496466204, "info/learner/default_policy/policy_loss": -0.1401278994215483, "info/learner/default_policy/vf_loss": 3.337595587426966, "info/learner/default_policy/vf_explained_var": 0.864766538143158, "info/learner/default_policy/kl": 0.025224101391028275, "info/learner/default_policy/entropy": 0.9893127110871401, "info/learner/default_policy/entropy_coeff": 0.0, "_step": 5, "_runtime": 635, "_timestamp": 1601917342, "custom_metrics/time_step_mean": 2596.0714285714284, "custom_metrics/time_step_min": 0, "custom_metrics/time_step_max": 3817, "sampler_perf/mean_env_wait_ms": 1.2911363608829187, "sampler_perf/mean_raw_obs_processing_ms": 0.2745172320690796, "sampler_perf/mean_inference_ms": 3.067208665283119, "sampler_perf/mean_action_processing_ms": 0.11160414178096752}