{"episode_reward_max": 286.0202020202018, "episode_reward_min": 192.23232323232304, "episode_reward_mean": 248.6083838383836, "episode_len_mean": 888.731, "episodes_this_iter": 240, "num_healthy_workers": 80, "timesteps_total": 5715614, "episodes_total": 6480, "training_iteration": 27, "timestamp": 1606756034, "time_this_iter_s": 23.41348171234131, "time_total_s": 592.9911053180695, "time_since_restore": 592.9911053180695, "timesteps_since_restore": 0, "iterations_since_restore": 27, "custom_metrics/time_step_mean": 3419.146, "custom_metrics/time_step_min": 3221, "custom_metrics/time_step_max": 3787, "sampler_perf/mean_env_wait_ms": 4.017562115677945, "sampler_perf/mean_raw_obs_processing_ms": 0.9555069682986744, "sampler_perf/mean_inference_ms": 6.248990022394849, "sampler_perf/mean_action_processing_ms": 0.30454742345062535, "timers/sample_time_ms": 9081.432, "timers/sample_throughput": 23363.651, "timers/load_time_ms": 764.036, "timers/load_throughput": 277703.437, "timers/learn_time_ms": 12097.641, "timers/learn_throughput": 17538.577, "timers/update_time_ms": 44.558, "info/num_steps_sampled": 5715614, "info/num_steps_trained": 5715614, "perf/cpu_util_percent": 57.148148148148145, "perf/ram_util_percent": 8.259259259259261, "perf/gpu_util_percent0": 0.4518518518518519, "perf/vram_util_percent0": 0.20309937684486717, "info/learner/default_policy/cur_kl_coeff": 8.902580006520111e-09, "info/learner/default_policy/cur_lr": 0.0005499921389855444, "info/learner/default_policy/total_loss": 60.73358917236328, "info/learner/default_policy/policy_loss": -0.14651398360729218, "info/learner/default_policy/vf_loss": 117.53971099853516, "info/learner/default_policy/vf_explained_var": 0.9873867630958557, "info/learner/default_policy/kl": 0.08833028376102448, "info/learner/default_policy/entropy": 0.7210410237312317, "info/learner/default_policy/entropy_coeff": 0.009522972628474236, "_step": 26, "_runtime": 614, "_timestamp": 1606756034}