{"time_step_min": 3209.0, "_step": 5, "_runtime": 649, "_timestamp": 1602174785, "episode_reward_max": 284.79797979798, "episode_reward_min": 129.72727272727258, "episode_reward_mean": 234.2568252355961, "episodes_total": 4475, "training_iteration": 12}