{"time_step_min": 3191, "_step": 7, "_runtime": 637, "_timestamp": 1602424783, "time_step_max": 4194, "time_step_mean": 3512.844360902256, "episode_reward_max": 291.1717171717168, "episode_reward_min": 128.44444444444392, "episode_reward_mean": 234.40775674329743, "episodes_total": 4077, "training_iteration": 10}