{"episode_reward_max": 122.80808080808058, "episode_reward_min": -58.404040404040416, "episode_reward_mean": 60.42404040404027, "episode_len_mean": 760.8765, "episodes_this_iter": 273, "num_healthy_workers": 80, "timesteps_total": 3260145, "episodes_total": 4238, "training_iteration": 16, "timestamp": 1606840646, "time_this_iter_s": 38.24995279312134, "time_total_s": 605.7704982757568, "time_since_restore": 605.7704982757568, "timesteps_since_restore": 0, "iterations_since_restore": 16, "custom_metrics/time_step_mean": 2830.132, "custom_metrics/time_step_min": 2539, "custom_metrics/time_step_max": 3417, "sampler_perf/mean_env_wait_ms": 1.8635772851443937, "sampler_perf/mean_raw_obs_processing_ms": 0.5485240332910157, "sampler_perf/mean_inference_ms": 5.845186411177406, "sampler_perf/mean_action_processing_ms": 0.22475979920495787, "timers/sample_time_ms": 13121.866, "timers/sample_throughput": 15877.703, "timers/load_time_ms": 520.855, "timers/load_throughput": 400005.587, "timers/learn_time_ms": 24489.115, "timers/learn_throughput": 8507.661, "timers/update_time_ms": 61.82, "info/num_steps_sampled": 3260145, "info/num_steps_trained": 3260145, "perf/cpu_util_percent": 48.953333333333326, "perf/ram_util_percent": 7.926666666666665, "perf/gpu_util_percent0": 0.525111111111111, "perf/vram_util_percent0": 0.20293538865201707, "info/learner/default_policy/cur_kl_coeff": 0.15811674296855927, "info/learner/default_policy/cur_lr": 0.0006800544215366244, "info/learner/default_policy/total_loss": 188.31979370117188, "info/learner/default_policy/policy_loss": -0.1647939532995224, "info/learner/default_policy/vf_loss": 214.9260711669922, "info/learner/default_policy/vf_explained_var": 0.9226973056793213, "info/learner/default_policy/kl": 0.07981334626674652, "info/learner/default_policy/entropy": 0.5539006590843201, "info/learner/default_policy/entropy_coeff": 6.0950515035074204e-05, "_step": 15, "_runtime": 626, "_timestamp": 1606840646}