{"time_step_min": 3149, "_step": 7, "_runtime": 644, "_timestamp": 1602457094, "time_step_max": 4260, "time_step_mean": 3487.352728285078, "episode_reward_max": 288.89898989899, "episode_reward_min": 120.56565656565611, "episode_reward_mean": 237.6950722696578, "episodes_total": 3620, "training_iteration": 19}