{"episode_reward_max": 264.30303030302963, "episode_reward_min": 150.33333333333283, "episode_reward_mean": 222.20743145743123, "episode_len_mean": 882.1190476190476, "episodes_this_iter": 13, "num_healthy_workers": 7, "timesteps_total": 78400, "episodes_total": 84, "training_iteration": 14, "timestamp": 1601914020, "time_this_iter_s": 43.97367596626282, "time_total_s": 622.1595780849457, "time_since_restore": 622.1595780849457, "timesteps_since_restore": 0, "iterations_since_restore": 14, "timers/sample_time_ms": 1550.389, "timers/sample_throughput": 3611.997, "timers/learn_time_ms": 42491.482, "timers/learn_throughput": 131.791, "timers/update_time_ms": 12.748, "info/num_steps_sampled": 78400, "info/num_steps_trained": 78400, "perf/cpu_util_percent": 18.73606557377049, "perf/ram_util_percent": 2.918032786885246, "info/learner/default_policy/allreduce_latency": 0.0, "info/learner/default_policy/cur_kl_coeff": 0.3000000000000001, "info/learner/default_policy/cur_lr": 5.0000000000000016e-05, "info/learner/default_policy/total_loss": 174.00529531999067, "info/learner/default_policy/policy_loss": -0.06963298315266994, "info/learner/default_policy/vf_loss": 174.07017707824707, "info/learner/default_policy/vf_explained_var": 0.8879773616790771, "info/learner/default_policy/kl": 0.016163346442309292, "info/learner/default_policy/entropy": 0.9955253099853342, "info/learner/default_policy/entropy_coeff": 0.00010000000000000003, "_step": 13, "_runtime": 631, "_timestamp": 1601914020, "custom_metrics/time_step_mean": 2616.0833333333335, "custom_metrics/time_step_min": 0, "custom_metrics/time_step_max": 4053, "sampler_perf/mean_env_wait_ms": 1.319784174895242, "sampler_perf/mean_raw_obs_processing_ms": 0.24812102450311796, "sampler_perf/mean_inference_ms": 1.8720436098410775, "sampler_perf/mean_action_processing_ms": 0.101549392056912}