{"time_step_min": 3130, "_step": 7, "_runtime": 633, "_timestamp": 1602492498, "time_step_max": 4135, "time_step_mean": 3429.3792974588937, "episode_reward_max": 291.777777777778, "episode_reward_min": 135.86868686868658, "episode_reward_mean": 246.4583286395554, "episodes_total": 5380, "training_iteration": 28}