{"time_step_min": 3107, "_step": 7, "_runtime": 622, "_timestamp": 1602363656, "time_step_max": 4394, "time_step_mean": 3534.490091055169, "episode_reward_max": 295.2626262626262, "episode_reward_min": 100.26262626262616, "episode_reward_mean": 231.0740918419017, "episodes_total": 1895, "training_iteration": 10}