{"time_step_min": 3156.0, "_step": 5, "_runtime": 628, "_timestamp": 1602239255, "episode_reward_max": 285.68686868686854, "episode_reward_min": 105.18181818181792, "episode_reward_mean": 233.37952559300857, "episodes_total": 1602, "training_iteration": 5}