{"time_step_min": 3179, "_step": 7, "_runtime": 623, "_timestamp": 1602370079, "time_step_max": 4140, "time_step_mean": 3532.972672929121, "episode_reward_max": 285.1111111111113, "episode_reward_min": 124.20202020202039, "episode_reward_mean": 231.27541235136158, "episodes_total": 2370, "training_iteration": 13}