{"episode_reward_max": 280.5656565656564, "episode_reward_min": 96.9292929292927, "episode_reward_mean": 220.0615978233612, "episode_len_mean": 890.4812893664321, "episodes_this_iter": 2699, "num_healthy_workers": 80, "timesteps_total": 235980, "episodes_total": 2699, "training_iteration": 1, "timestamp": 1606692497, "time_this_iter_s": 68.54008221626282, "time_total_s": 68.54008221626282, "time_since_restore": 68.54008221626282, "timesteps_since_restore": 0, "iterations_since_restore": 1, "custom_metrics/time_step_mean": 3601.702280912365, "custom_metrics/time_step_min": 3281, "custom_metrics/time_step_max": 4416, "sampler_perf/mean_env_wait_ms": 4.987110240788012, "sampler_perf/mean_raw_obs_processing_ms": 1.0314024621974196, "sampler_perf/mean_inference_ms": 4.425903502765398, "sampler_perf/mean_action_processing_ms": 0.2921354513275442, "timers/sample_time_ms": 1996.999, "timers/sample_throughput": 21767.666, "info/num_steps_sampled": 235980, "info/num_steps_trained": 43470, "perf/cpu_util_percent": 84.83714285714285, "perf/ram_util_percent": 4.620000000000002, "perf/gpu_util_percent0": 0.004571428571428573, "perf/vram_util_percent0": 0.15770978775242475, "info/learner_queue/size_count": 6, "info/learner_queue/size_mean": 2.3333333333333335, "info/learner_queue/size_std": 1.49071198499986, "info/timing_breakdown/learner_grad_time_ms": 533.755, "info/timing_breakdown/learner_load_time_ms": 0.0, "info/timing_breakdown/learner_load_wait_time_ms": 0.0, "info/timing_breakdown/learner_dequeue_time_ms": 5832.504, "info/learner/default_policy/allreduce_latency": 0.0, "info/learner/default_policy/grad_gnorm": 503039.21875, "info/learner/default_policy/cur_lr": 0.0008079379342013603, "info/learner/default_policy/policy_loss": 38728.7421875, "info/learner/default_policy/entropy": 47841.2578125, "info/learner/default_policy/entropy_coeff": 0.005223561085067757, "info/learner/default_policy/var_gnorm": 45.65026092529297, "info/learner/default_policy/vf_loss": 74369.609375, "info/learner/default_policy/vf_explained_var": 0.9375460743904114, "_step": 0, "_runtime": 80, "_timestamp": 1606692497}