{"episode_reward_max": 259.25252525252506, "episode_reward_min": 95.3333333333332, "episode_reward_mean": 218.42532467532445, "episode_len_mean": 898.75, "episodes_this_iter": 14, "num_healthy_workers": 7, "timesteps_total": 78400, "episodes_total": 84, "training_iteration": 14, "timestamp": 1601914133, "time_this_iter_s": 43.99646043777466, "time_total_s": 625.7237849235535, "time_since_restore": 625.7237849235535, "timesteps_since_restore": 0, "iterations_since_restore": 14, "timers/sample_time_ms": 1577.892, "timers/sample_throughput": 3549.039, "timers/learn_time_ms": 42819.721, "timers/learn_throughput": 130.781, "timers/update_time_ms": 8.082, "info/num_steps_sampled": 78400, "info/num_steps_trained": 78400, "perf/cpu_util_percent": 19.124193548387094, "perf/ram_util_percent": 2.9306451612903235, "info/learner/default_policy/allreduce_latency": 0.0, "info/learner/default_policy/cur_kl_coeff": 3.417187500000001, "info/learner/default_policy/cur_lr": 0.0005, "info/learner/default_policy/total_loss": 41.644146247343585, "info/learner/default_policy/policy_loss": -0.10443895562043921, "info/learner/default_policy/vf_loss": 41.70561846819791, "info/learner/default_policy/vf_explained_var": 0.973325788974762, "info/learner/default_policy/kl": 0.012600199128924445, "info/learner/default_policy/entropy": 0.9174292074008421, "info/learner/default_policy/entropy_coeff": 0.00010000000000000003, "_step": 13, "_runtime": 630, "_timestamp": 1601914133, "custom_metrics/time_step_mean": 2826.7619047619046, "custom_metrics/time_step_min": 0, "custom_metrics/time_step_max": 4416, "sampler_perf/mean_env_wait_ms": 1.3040313402476011, "sampler_perf/mean_raw_obs_processing_ms": 0.24823707138303486, "sampler_perf/mean_inference_ms": 1.889020261019048, "sampler_perf/mean_action_processing_ms": 0.10015882881542656}