{"episode_reward_max": 273.59595959595936, "episode_reward_min": 166.77777777777774, "episode_reward_mean": 237.98065656565646, "episode_len_mean": 860.624, "episodes_this_iter": 99, "num_healthy_workers": 11, "timesteps_total": 3417030, "episodes_total": 4058, "training_iteration": 41, "timestamp": 1605820761, "time_this_iter_s": 32.4923951625824, "time_total_s": 1424.6166977882385, "time_since_restore": 1424.6166977882385, "timesteps_since_restore": 0, "iterations_since_restore": 41, "custom_metrics/time_step_mean": 3491.788, "custom_metrics/time_step_min": 3297, "custom_metrics/time_step_max": 3798, "sampler_perf/mean_env_wait_ms": 4.638935940090118, "sampler_perf/mean_raw_obs_processing_ms": 1.0659073979192595, "sampler_perf/mean_inference_ms": 9.755683396707195, "sampler_perf/mean_action_processing_ms": 0.3076291945943626, "timers/sample_time_ms": 19183.827, "timers/sample_throughput": 4442.237, "timers/learn_time_ms": 16439.162, "timers/learn_throughput": 5183.908, "timers/update_time_ms": 11.963, "info/num_steps_sampled": 3417030, "info/num_steps_trained": 3417030, "perf/cpu_util_percent": 48.85952380952381, "perf/ram_util_percent": 21.204761904761902, "perf/gpu_util_percent0": 0.3776190476190476, "perf/vram_util_percent0": 0.6120894422147596, "info/learner/default_policy/allreduce_latency": 0.0, "info/learner/default_policy/cur_kl_coeff": 3.481270912116954e-13, "info/learner/default_policy/cur_lr": 0.00027224258159674414, "info/learner/default_policy/total_loss": 1.6287972710349343, "info/learner/default_policy/policy_loss": -0.06371048533103683, "info/learner/default_policy/vf_loss": 2.0156671567396685, "info/learner/default_policy/vf_explained_var": 0.9997598528862, "info/learner/default_policy/kl": 0.054965350099585274, "info/learner/default_policy/entropy": 0.6978108828718012, "info/learner/default_policy/entropy_coeff": 0.0004844565177718793, "_step": 40, "_runtime": 1440, "_timestamp": 1605820761}