{"time_step_min": 3186.0, "_step": 5, "_runtime": 631, "_timestamp": 1602237935, "episode_reward_max": 284.88888888888874, "episode_reward_min": 142.97979797979775, "episode_reward_mean": 228.9875122533349, "episodes_total": 948, "training_iteration": 3}