{"episode_reward_max": 281.4747474747476, "episode_reward_min": 151.3232323232326, "episode_reward_mean": 243.88323232323236, "episode_len_mean": 805.546, "episodes_this_iter": 99, "num_healthy_workers": 11, "timesteps_total": 3328937, "episodes_total": 4058, "training_iteration": 41, "timestamp": 1605829359, "time_this_iter_s": 30.95751118659973, "time_total_s": 1396.087697505951, "time_since_restore": 1396.087697505951, "timesteps_since_restore": 0, "iterations_since_restore": 41, "custom_metrics/time_step_mean": 3452.724, "custom_metrics/time_step_min": 3245, "custom_metrics/time_step_max": 4057, "sampler_perf/mean_env_wait_ms": 4.6413103897907595, "sampler_perf/mean_raw_obs_processing_ms": 1.0611627648024902, "sampler_perf/mean_inference_ms": 9.713316982791168, "sampler_perf/mean_action_processing_ms": 0.30554265708985895, "timers/sample_time_ms": 18503.597, "timers/sample_throughput": 4314.188, "timers/learn_time_ms": 15376.399, "timers/learn_throughput": 5191.593, "timers/update_time_ms": 11.874, "info/num_steps_sampled": 3328937, "info/num_steps_trained": 3328937, "perf/cpu_util_percent": 47.657500000000006, "perf/ram_util_percent": 20.994999999999997, "perf/gpu_util_percent0": 0.36775, "perf/vram_util_percent0": 0.6120894422147596, "info/learner/default_policy/allreduce_latency": 0.0, "info/learner/default_policy/cur_kl_coeff": 2.814875273143106e-13, "info/learner/default_policy/cur_lr": 0.00012958019586914086, "info/learner/default_policy/total_loss": 2.076339590549469, "info/learner/default_policy/policy_loss": -0.033297195099294186, "info/learner/default_policy/vf_loss": 2.5788735866546633, "info/learner/default_policy/vf_explained_var": 0.9995964169502258, "info/learner/default_policy/kl": 0.01617889842018485, "info/learner/default_policy/entropy": 0.6857369184494019, "info/learner/default_policy/entropy_coeff": 0.0006194969715679309, "_step": 40, "_runtime": 1413, "_timestamp": 1605829359}