{"episode_reward_max": 256.18181818181785, "episode_reward_min": 152.97979797979755, "episode_reward_mean": 224.02068302068287, "episode_len_mean": 890.25, "episodes_this_iter": 14, "num_healthy_workers": 7, "timesteps_total": 78400, "episodes_total": 84, "training_iteration": 14, "timestamp": 1601914752, "time_this_iter_s": 43.49846839904785, "time_total_s": 605.9755256175995, "time_since_restore": 605.9755256175995, "timesteps_since_restore": 0, "iterations_since_restore": 14, "timers/sample_time_ms": 1503.203, "timers/sample_throughput": 3725.378, "timers/learn_time_ms": 41764.507, "timers/learn_throughput": 134.085, "timers/update_time_ms": 7.573, "info/num_steps_sampled": 78400, "info/num_steps_trained": 78400, "perf/cpu_util_percent": 18.59666666666667, "perf/ram_util_percent": 2.9683333333333337, "info/learner/default_policy/allreduce_latency": 0.0, "info/learner/default_policy/cur_kl_coeff": 1.7085937500000006, "info/learner/default_policy/cur_lr": 0.00010000000000000003, "info/learner/default_policy/total_loss": 58.38798466595736, "info/learner/default_policy/policy_loss": -0.0812052226075056, "info/learner/default_policy/vf_loss": 58.44809358770197, "info/learner/default_policy/vf_explained_var": 0.969756543636322, "info/learner/default_policy/kl": 0.012397479498758912, "info/learner/default_policy/entropy": 0.8621328757567839, "info/learner/default_policy/entropy_coeff": 0.00010000000000000003, "_step": 13, "_runtime": 615, "_timestamp": 1601914752, "custom_metrics/time_step_mean": 2703.535714285714, "custom_metrics/time_step_min": 0, "custom_metrics/time_step_max": 3948, "sampler_perf/mean_env_wait_ms": 1.2988569909701795, "sampler_perf/mean_raw_obs_processing_ms": 0.24169668181264808, "sampler_perf/mean_inference_ms": 1.8351358560972888, "sampler_perf/mean_action_processing_ms": 0.09728133819829632}