{"episode_reward_max": 246.73737373737345, "episode_reward_min": 145.48484848484833, "episode_reward_mean": 216.32142857142827, "episode_len_mean": 898.8214285714286, "episodes_this_iter": 0, "num_healthy_workers": 7, "timesteps_total": 33600, "episodes_total": 28, "training_iteration": 6, "timestamp": 1601916036, "time_this_iter_s": 108.48570895195007, "time_total_s": 663.6129937171936, "time_since_restore": 663.6129937171936, "timesteps_since_restore": 0, "iterations_since_restore": 6, "timers/sample_time_ms": 2352.012, "timers/sample_throughput": 2380.94, "timers/learn_time_ms": 108213.347, "timers/learn_throughput": 51.75, "timers/update_time_ms": 9.217, "info/num_steps_sampled": 33600, "info/num_steps_trained": 33600, "perf/cpu_util_percent": 17.995238095238097, "perf/ram_util_percent": 3.053741496598639, "info/learner/default_policy/allreduce_latency": 0.0, "info/learner/default_policy/cur_kl_coeff": 0.6749999999999999, "info/learner/default_policy/cur_lr": 5.0000000000000016e-05, "info/learner/default_policy/total_loss": 1.999575200405988, "info/learner/default_policy/policy_loss": -0.13699239742180164, "info/learner/default_policy/vf_loss": 2.122451677918434, "info/learner/default_policy/vf_explained_var": 0.9646311402320862, "info/learner/default_policy/kl": 0.02091249091212045, "info/learner/default_policy/entropy": 1.0633517503738403, "info/learner/default_policy/entropy_coeff": 0.0, "_step": 5, "_runtime": 669, "_timestamp": 1601916039, "custom_metrics/time_step_mean": 2417.6428571428573, "custom_metrics/time_step_min": 0, "custom_metrics/time_step_max": 4085, "sampler_perf/mean_env_wait_ms": 1.2754563664817697, "sampler_perf/mean_raw_obs_processing_ms": 0.2674116867203949, "sampler_perf/mean_inference_ms": 2.8060026654833323, "sampler_perf/mean_action_processing_ms": 0.10834810645394069}