{"episode_reward_max": 270.5656565656567, "episode_reward_min": 161.62626262626273, "episode_reward_mean": 231.2033838383838, "episode_len_mean": 796.985, "episodes_this_iter": 102, "num_healthy_workers": 11, "timesteps_total": 3233122, "episodes_total": 4025, "training_iteration": 39, "timestamp": 1605833796, "time_this_iter_s": 35.64559745788574, "time_total_s": 1397.067922592163, "time_since_restore": 1397.067922592163, "timesteps_since_restore": 0, "iterations_since_restore": 39, "custom_metrics/time_step_mean": 3528.244, "custom_metrics/time_step_min": 3314, "custom_metrics/time_step_max": 3841, "sampler_perf/mean_env_wait_ms": 4.646126060235905, "sampler_perf/mean_raw_obs_processing_ms": 1.0278911163134465, "sampler_perf/mean_inference_ms": 9.361479874619988, "sampler_perf/mean_action_processing_ms": 0.29567753802178176, "timers/sample_time_ms": 19977.455, "timers/sample_throughput": 4136.943, "timers/learn_time_ms": 16137.648, "timers/learn_throughput": 5121.291, "timers/update_time_ms": 12.205, "info/num_steps_sampled": 3233122, "info/num_steps_trained": 3233122, "perf/cpu_util_percent": 46.34000000000002, "perf/ram_util_percent": 21.16888888888889, "perf/gpu_util_percent0": 0.31400000000000006, "perf/vram_util_percent0": 0.6120894422147596, "info/learner/default_policy/allreduce_latency": 0.0, "info/learner/default_policy/cur_kl_coeff": 1.0152765177901287e-12, "info/learner/default_policy/cur_lr": 8.572949745575425e-05, "info/learner/default_policy/total_loss": 1.6169709801673888, "info/learner/default_policy/policy_loss": -0.019595952285453678, "info/learner/default_policy/vf_loss": 1.3893467426300048, "info/learner/default_policy/vf_explained_var": 0.9994753003120422, "info/learner/default_policy/kl": 0.009957307484000921, "info/learner/default_policy/entropy": 0.49456853568553927, "info/learner/default_policy/entropy_coeff": 0.00059446007262643, "_step": 38, "_runtime": 1414, "_timestamp": 1605833796}