{"episode_reward_max": 254.5050505050504, "episode_reward_min": 185.85858585858614, "episode_reward_mean": 225.32207792207777, "episode_len_mean": 869.0571428571428, "episodes_this_iter": 7, "num_healthy_workers": 7, "timesteps_total": 33600, "episodes_total": 35, "training_iteration": 8, "timestamp": 1601908386, "time_this_iter_s": 79.46995401382446, "time_total_s": 632.9573538303375, "time_since_restore": 632.9573538303375, "timesteps_since_restore": 0, "iterations_since_restore": 8, "timers/sample_time_ms": 2665.382, "timers/sample_throughput": 1575.759, "timers/learn_time_ms": 76423.675, "timers/learn_throughput": 54.957, "timers/update_time_ms": 8.186, "info/num_steps_sampled": 33600, "info/num_steps_trained": 33600, "perf/cpu_util_percent": 18.43148148148148, "perf/ram_util_percent": 2.971296296296296, "info/learner/default_policy/allreduce_latency": 0.0, "info/learner/default_policy/cur_kl_coeff": 1.5187499999999998, "info/learner/default_policy/cur_lr": 0.0001, "info/learner/default_policy/total_loss": 65.64698710586086, "info/learner/default_policy/policy_loss": -0.14744027624979164, "info/learner/default_policy/vf_loss": 65.76718948826645, "info/learner/default_policy/vf_explained_var": 0.9592788219451904, "info/learner/default_policy/kl": 0.018001678202188377, "info/learner/default_policy/entropy": 1.0223787499196602, "info/learner/default_policy/entropy_coeff": 0.0001, "_step": 7, "_runtime": 635, "_timestamp": 1601908386, "custom_metrics/time_step_mean": 3561.3714285714286, "custom_metrics/time_step_min": 3368, "custom_metrics/time_step_max": 3820, "sampler_perf/mean_env_wait_ms": 0.7102418094255601, "sampler_perf/mean_raw_obs_processing_ms": 0.16814585275583072, "sampler_perf/mean_inference_ms": 2.6948417210669384, "sampler_perf/mean_action_processing_ms": 0.08012448367133972}