{"time_step_min": 3150.0, "_step": 5, "_runtime": 628, "_timestamp": 1602173492, "episode_reward_max": 286.9696969696971, "episode_reward_min": 115.78787878787877, "episode_reward_mean": 228.9665369791951, "episodes_total": 1106, "training_iteration": 6}