{"time_step_min": 3147.0, "_step": 5, "_runtime": 636, "_timestamp": 1602230221, "episode_reward_max": 293.48484848484816, "episode_reward_min": 115.78787878787877, "episode_reward_mean": 241.02924253706072, "episodes_total": 2686, "training_iteration": 14}