{"time_step_min": 3140, "_step": 7, "_runtime": 626, "_timestamp": 1602466043, "time_step_max": 4087, "time_step_mean": 3422.8166316894017, "episode_reward_max": 293.1414141414143, "episode_reward_min": 144.20202020201964, "episode_reward_mean": 247.22794349747474, "episodes_total": 3840, "training_iteration": 20}