{"time_step_min": 3100.0, "_step": 5, "_runtime": 627, "_timestamp": 1602244550, "episode_reward_max": 295.5555555555557, "episode_reward_min": 98.96969696969721, "episode_reward_mean": 242.8229061302337, "episodes_total": 5063, "training_iteration": 26}