{"time_step_min": 3199.0, "_step": 5, "_runtime": 632, "_timestamp": 1602206749, "episode_reward_max": 284.79797979798, "episode_reward_min": 147.0606060606061, "episode_reward_mean": 233.16275321022144, "episodes_total": 2212, "training_iteration": 6}