{"episode_reward_max": 270.3636363636363, "episode_reward_min": 175.12121212121184, "episode_reward_mean": 234.0116642616641, "episode_len_mean": 847.1190476190476, "episodes_this_iter": 1, "num_healthy_workers": 7, "timesteps_total": 75600, "episodes_total": 84, "training_iteration": 18, "timestamp": 1601907740, "time_this_iter_s": 34.033935546875, "time_total_s": 606.5686531066895, "time_since_restore": 606.5686531066895, "timesteps_since_restore": 0, "iterations_since_restore": 18, "timers/sample_time_ms": 1872.463, "timers/sample_throughput": 2243.035, "timers/learn_time_ms": 31811.718, "timers/learn_throughput": 132.027, "timers/update_time_ms": 6.592, "info/num_steps_sampled": 75600, "info/num_steps_trained": 75600, "perf/cpu_util_percent": 19.319148936170212, "perf/ram_util_percent": 2.9127659574468088, "info/learner/default_policy/allreduce_latency": 0.0, "info/learner/default_policy/cur_kl_coeff": 0.7593750000000001, "info/learner/default_policy/cur_lr": 5e-05, "info/learner/default_policy/total_loss": 1.0848667278434292, "info/learner/default_policy/policy_loss": -0.10188432627667983, "info/learner/default_policy/vf_loss": 1.1743169625600178, "info/learner/default_policy/vf_explained_var": 0.9940516352653503, "info/learner/default_policy/kl": 0.016491099542966396, "info/learner/default_policy/entropy": 0.8883789868065806, "info/learner/default_policy/entropy_coeff": 0.0001, "_step": 17, "_runtime": 617, "_timestamp": 1601907746, "custom_metrics/time_step_mean": 3505.035714285714, "custom_metrics/time_step_min": 3269, "custom_metrics/time_step_max": 3899, "sampler_perf/mean_env_wait_ms": 0.7543209876975978, "sampler_perf/mean_raw_obs_processing_ms": 0.15956140408552888, "sampler_perf/mean_inference_ms": 1.8230167975599088, "sampler_perf/mean_action_processing_ms": 0.07536700122611767}