{"time_step_min": 3170, "_step": 7, "_runtime": 630, "_timestamp": 1602440382, "time_step_max": 4307, "time_step_mean": 3477.5784803105935, "episode_reward_max": 287.23232323232327, "episode_reward_min": 113.44444444444416, "episode_reward_mean": 239.2851992684133, "episodes_total": 3634, "training_iteration": 19}