{"time_step_min": 3152, "_step": 7, "_runtime": 613, "_timestamp": 1602354080, "time_step_max": 4075, "time_step_mean": 3518.2649147727275, "episode_reward_max": 288.44444444444395, "episode_reward_min": 134.80808080808083, "episode_reward_mean": 233.37795678301998, "episodes_total": 2844, "training_iteration": 15}