{"episode_reward_max": 268.28282828282784, "episode_reward_min": 124.49494949494952, "episode_reward_mean": 231.3540163540161, "episode_len_mean": 837.9404761904761, "episodes_this_iter": 0, "num_healthy_workers": 7, "timesteps_total": 75600, "episodes_total": 84, "training_iteration": 18, "timestamp": 1601906496, "time_this_iter_s": 33.46400046348572, "time_total_s": 603.3118100166321, "time_since_restore": 603.3118100166321, "timesteps_since_restore": 0, "iterations_since_restore": 18, "timers/sample_time_ms": 1760.789, "timers/sample_throughput": 2385.294, "timers/learn_time_ms": 31690.61, "timers/learn_throughput": 132.531, "timers/update_time_ms": 7.234, "info/num_steps_sampled": 75600, "info/num_steps_trained": 75600, "perf/cpu_util_percent": 19.578260869565216, "perf/ram_util_percent": 2.78695652173913, "info/learner/default_policy/allreduce_latency": 0.0, "info/learner/default_policy/cur_kl_coeff": 0.22500000000000003, "info/learner/default_policy/cur_lr": 5e-05, "info/learner/default_policy/total_loss": 0.5888894263542059, "info/learner/default_policy/policy_loss": -0.08905673258458123, "info/learner/default_policy/vf_loss": 0.6737296960570596, "info/learner/default_policy/vf_explained_var": 0.9980570673942566, "info/learner/default_policy/kl": 0.01873984137042002, "info/learner/default_policy/entropy": 0.7977722106557904, "info/learner/default_policy/entropy_coeff": 0.0, "_step": 17, "_runtime": 608, "_timestamp": 1601906498, "custom_metrics/time_step_mean": 3522.2261904761904, "custom_metrics/time_step_min": 3276, "custom_metrics/time_step_max": 4227, "sampler_perf/mean_env_wait_ms": 0.7353315623891129, "sampler_perf/mean_raw_obs_processing_ms": 0.1467586533630976, "sampler_perf/mean_inference_ms": 1.664744972393736, "sampler_perf/mean_action_processing_ms": 0.07012177579188375}