{"time_step_min": 3149.0, "_step": 5, "_runtime": 636, "_timestamp": 1602205461, "episode_reward_max": 287.5858585858582, "episode_reward_min": 146.63636363636388, "episode_reward_mean": 229.342075821506, "episodes_total": 632, "training_iteration": 2}