{"episode_reward_max": 263.4141414141413, "episode_reward_min": 189.2121212121209, "episode_reward_mean": 221.05541125541106, "episode_len_mean": 878.8571428571429, "episodes_this_iter": 7, "num_healthy_workers": 7, "timesteps_total": 33600, "episodes_total": 35, "training_iteration": 8, "timestamp": 1601909683, "time_this_iter_s": 79.1512885093689, "time_total_s": 641.3312060832977, "time_since_restore": 641.3312060832977, "timesteps_since_restore": 0, "iterations_since_restore": 8, "timers/sample_time_ms": 2657.251, "timers/sample_throughput": 1580.581, "timers/learn_time_ms": 77472.543, "timers/learn_throughput": 54.213, "timers/update_time_ms": 10.492, "info/num_steps_sampled": 33600, "info/num_steps_trained": 33600, "perf/cpu_util_percent": 18.517592592592596, "perf/ram_util_percent": 2.9620370370370357, "info/learner/default_policy/allreduce_latency": 0.0, "info/learner/default_policy/cur_kl_coeff": 2.278125, "info/learner/default_policy/cur_lr": 0.0001, "info/learner/default_policy/total_loss": 28.74616700952703, "info/learner/default_policy/policy_loss": -0.1034220764695695, "info/learner/default_policy/vf_loss": 28.819683999726266, "info/learner/default_policy/vf_explained_var": 0.980648398399353, "info/learner/default_policy/kl": 0.013126967926368568, "info/learner/default_policy/entropy": 0.9357349619720922, "info/learner/default_policy/entropy_coeff": 0.0, "_step": 7, "_runtime": 645, "_timestamp": 1601909683, "custom_metrics/time_step_mean": 3589.0285714285715, "custom_metrics/time_step_min": 3301, "custom_metrics/time_step_max": 3804, "sampler_perf/mean_env_wait_ms": 0.7108962741036786, "sampler_perf/mean_raw_obs_processing_ms": 0.17056014611857442, "sampler_perf/mean_inference_ms": 2.705649094540969, "sampler_perf/mean_action_processing_ms": 0.08181062721870035}