{"episode_reward_max": 264.8989898989892, "episode_reward_min": 149.20202020201967, "episode_reward_mean": 221.53583453583437, "episode_len_mean": 892.4166666666666, "episodes_this_iter": 7, "num_healthy_workers": 7, "timesteps_total": 75600, "episodes_total": 84, "training_iteration": 18, "timestamp": 1601907143, "time_this_iter_s": 34.37370014190674, "time_total_s": 617.2621037960052, "time_since_restore": 617.2621037960052, "timesteps_since_restore": 0, "iterations_since_restore": 18, "timers/sample_time_ms": 1753.448, "timers/sample_throughput": 2395.281, "timers/learn_time_ms": 32377.435, "timers/learn_throughput": 129.72, "timers/update_time_ms": 7.435, "info/num_steps_sampled": 75600, "info/num_steps_trained": 75600, "perf/cpu_util_percent": 21.5468085106383, "perf/ram_util_percent": 2.6744680851063833, "info/learner/default_policy/allreduce_latency": 0.0, "info/learner/default_policy/cur_kl_coeff": 1.7085937500000001, "info/learner/default_policy/cur_lr": 0.0001, "info/learner/default_policy/total_loss": 24.85741444790002, "info/learner/default_policy/policy_loss": -0.07489567312101524, "info/learner/default_policy/vf_loss": 24.914567759542756, "info/learner/default_policy/vf_explained_var": 0.9761908650398254, "info/learner/default_policy/kl": 0.01038406261553367, "info/learner/default_policy/entropy": 0.8172576860948042, "info/learner/default_policy/entropy_coeff": 0.0, "_step": 17, "_runtime": 619, "_timestamp": 1601907143, "custom_metrics/time_step_mean": 3586.440476190476, "custom_metrics/time_step_min": 3305, "custom_metrics/time_step_max": 4067, "sampler_perf/mean_env_wait_ms": 0.7133302164636133, "sampler_perf/mean_raw_obs_processing_ms": 0.15287114757616344, "sampler_perf/mean_inference_ms": 1.7280398853154777, "sampler_perf/mean_action_processing_ms": 0.07343461491235113}