{"episode_reward_max": 275.1212121212121, "episode_reward_min": 169.34343434343407, "episode_reward_mean": 223.7872775372774, "episode_len_mean": 881.9285714285714, "episodes_this_iter": 7, "num_healthy_workers": 7, "timesteps_total": 75600, "episodes_total": 84, "training_iteration": 18, "timestamp": 1601907089, "time_this_iter_s": 33.18895649909973, "time_total_s": 601.0209622383118, "time_since_restore": 601.0209622383118, "timesteps_since_restore": 0, "iterations_since_restore": 18, "timers/sample_time_ms": 1759.966, "timers/sample_throughput": 2386.41, "timers/learn_time_ms": 31616.16, "timers/learn_throughput": 132.843, "timers/update_time_ms": 7.152, "info/num_steps_sampled": 75600, "info/num_steps_trained": 75600, "perf/cpu_util_percent": 19.204444444444448, "perf/ram_util_percent": 2.808888888888889, "info/learner/default_policy/allreduce_latency": 0.0, "info/learner/default_policy/cur_kl_coeff": 3.4171875000000003, "info/learner/default_policy/cur_lr": 0.0005, "info/learner/default_policy/total_loss": 7.530576026800907, "info/learner/default_policy/policy_loss": -0.11255653174311826, "info/learner/default_policy/vf_loss": 7.59850238308762, "info/learner/default_policy/vf_explained_var": 0.9951406717300415, "info/learner/default_policy/kl": 0.013060510553645365, "info/learner/default_policy/entropy": 0.923173006736871, "info/learner/default_policy/entropy_coeff": 0.0, "_step": 17, "_runtime": 605, "_timestamp": 1601907089, "custom_metrics/time_step_mean": 3571.9761904761904, "custom_metrics/time_step_min": 3221, "custom_metrics/time_step_max": 3929, "sampler_perf/mean_env_wait_ms": 0.710848408016914, "sampler_perf/mean_raw_obs_processing_ms": 0.14435970504703363, "sampler_perf/mean_inference_ms": 1.6467464602753987, "sampler_perf/mean_action_processing_ms": 0.06973484233194942}