{"nb_episodes": 1, "avg_best_result": 293.40404040404024, "best_episode": 293.40404040404024, "best_timestep": 3103, "_step": 0, "_runtime": 3, "_timestamp": 1602835116}