{"episode_reward_max": 284.80808080808043, "episode_reward_min": 137.08080808080797, "episode_reward_mean": 229.67717171717152, "episode_len_mean": 893.246, "episodes_this_iter": 360, "num_healthy_workers": 80, "timesteps_total": 3528000, "episodes_total": 3720, "training_iteration": 9, "timestamp": 1606731593, "time_this_iter_s": 72.35091733932495, "time_total_s": 656.717627286911, "time_since_restore": 656.717627286911, "timesteps_since_restore": 0, "iterations_since_restore": 9, "timers/sample_time_ms": 14910.719, "timers/sample_throughput": 26289.811, "timers/learn_time_ms": 57883.945, "timers/learn_throughput": 6772.171, "timers/update_time_ms": 40.887, "info/num_steps_sampled": 3528000, "info/num_steps_trained": 3528000, "perf/cpu_util_percent": 42.19625, "perf/ram_util_percent": 5.40625, "perf/gpu_util_percent0": 0.270125, "perf/vram_util_percent0": 0.10060675631354543, "info/learner/default_policy/allreduce_latency": 0.0, "info/learner/default_policy/cur_kl_coeff": 0.03754878639797085, "info/learner/default_policy/cur_lr": 0.0009415233477204013, "info/learner/default_policy/total_loss": 57.453410029411316, "info/learner/default_policy/policy_loss": -0.14911402948200703, "info/learner/default_policy/vf_loss": 66.39097619056702, "info/learner/default_policy/vf_explained_var": 0.9916188716888428, "info/learner/default_policy/kl": 0.10698299948126078, "info/learner/default_policy/entropy": 0.8087961170822382, "info/learner/default_policy/entropy_coeff": 0.004361413956640306, "_step": 8, "_runtime": 669, "_timestamp": 1606731593, "custom_metrics/time_step_mean": 3554.693, "custom_metrics/time_step_min": 3269, "custom_metrics/time_step_max": 3949, "sampler_perf/mean_env_wait_ms": 6.4579682927504045, "sampler_perf/mean_raw_obs_processing_ms": 1.4298059194269779, "sampler_perf/mean_inference_ms": 10.065232743896892, "sampler_perf/mean_action_processing_ms": 0.3866713119443208}