{"time_step_min": 3178, "_step": 7, "_runtime": 628, "_timestamp": 1602510923, "time_step_max": 4503, "time_step_mean": 3539.924047829938, "episode_reward_max": 308.0808080808081, "episode_reward_min": 107.32323232323165, "episode_reward_mean": 253.66778801618634, "episodes_total": 4558, "training_iteration": 23}