{"episode_reward_max": 124.22222222222194, "episode_reward_min": -18.404040404040483, "episode_reward_mean": 70.42848484848467, "episode_len_mean": 786.151, "episodes_this_iter": 311, "num_healthy_workers": 80, "timesteps_total": 4608000, "episodes_total": 5760, "training_iteration": 30, "timestamp": 1606820338, "time_this_iter_s": 11.541657209396362, "time_total_s": 345.59925293922424, "time_since_restore": 345.59925293922424, "timesteps_since_restore": 0, "iterations_since_restore": 30, "timers/sample_time_ms": 4122.727, "timers/sample_throughput": 37256.889, "timers/load_time_ms": 341.949, "timers/load_throughput": 449189.966, "timers/learn_time_ms": 6854.238, "timers/learn_throughput": 22409.494, "timers/update_time_ms": 45.955, "info/num_steps_sampled": 4608000, "info/num_steps_trained": 4608000, "perf/cpu_util_percent": 36.378571428571426, "perf/ram_util_percent": 6.799999999999999, "perf/gpu_util_percent0": 0.3971428571428572, "perf/vram_util_percent0": 0.11356182354870452, "info/learner/default_policy/cur_kl_coeff": 2.2353276563080726e-06, "info/learner/default_policy/cur_lr": 0.0007747446070425212, "info/learner/default_policy/total_loss": 80.75682067871094, "info/learner/default_policy/policy_loss": -0.11267802119255066, "info/learner/default_policy/vf_loss": 88.19802856445312, "info/learner/default_policy/vf_explained_var": 0.9673678278923035, "info/learner/default_policy/kl": 0.1251334249973297, "info/learner/default_policy/entropy": 0.3749735653400421, "info/learner/default_policy/entropy_coeff": 0.004245865158736706, "_step": 29, "_runtime": 364, "_timestamp": 1606820338, "custom_metrics/time_step_mean": 2797.589, "custom_metrics/time_step_min": 2513, "custom_metrics/time_step_max": 3219, "sampler_perf/mean_env_wait_ms": 2.9644133911085264, "sampler_perf/mean_raw_obs_processing_ms": 0.7217739099102813, "sampler_perf/mean_inference_ms": 3.4150732048884502, "sampler_perf/mean_action_processing_ms": 0.25980657133546653}