{"episode_reward_max": 266.6262626262622, "episode_reward_min": 129.20202020201998, "episode_reward_mean": 220.74305555555532, "episode_len_mean": 891.66875, "episodes_this_iter": 160, "num_healthy_workers": 80, "timesteps_total": 428001, "episodes_total": 480, "training_iteration": 3, "timestamp": 1606750015, "time_this_iter_s": 19.8870906829834, "time_total_s": 60.15405774116516, "time_since_restore": 60.15405774116516, "timesteps_since_restore": 0, "iterations_since_restore": 3, "custom_metrics/time_step_mean": 3598.829166666667, "custom_metrics/time_step_min": 3296, "custom_metrics/time_step_max": 4203, "sampler_perf/mean_env_wait_ms": 0.900810310346823, "sampler_perf/mean_raw_obs_processing_ms": 0.3064745264305466, "sampler_perf/mean_inference_ms": 4.144177298210703, "sampler_perf/mean_action_processing_ms": 0.14383063282596276, "timers/sample_time_ms": 11318.021, "timers/sample_throughput": 12605.296, "timers/load_time_ms": 642.361, "timers/load_throughput": 222098.018, "timers/learn_time_ms": 7908.722, "timers/learn_throughput": 18039.198, "timers/update_time_ms": 45.048, "info/num_steps_sampled": 428001, "info/num_steps_trained": 428001, "perf/cpu_util_percent": 62.99545454545456, "perf/ram_util_percent": 7.345454545454547, "perf/gpu_util_percent0": 0.32954545454545453, "perf/vram_util_percent0": 0.10831420137750083, "info/learner/default_policy/cur_kl_coeff": 0.11232610791921616, "info/learner/default_policy/cur_lr": 0.0009476720006205142, "info/learner/default_policy/total_loss": 467.970703125, "info/learner/default_policy/policy_loss": -0.1833411306142807, "info/learner/default_policy/vf_loss": 524.3193969726562, "info/learner/default_policy/vf_explained_var": 0.9540388584136963, "info/learner/default_policy/kl": 0.05450401082634926, "info/learner/default_policy/entropy": 1.0354775190353394, "info/learner/default_policy/entropy_coeff": 0.0020699750166386366, "_step": 2, "_runtime": 79, "_timestamp": 1606750015}