{"time_step_min": 3193.0, "_step": 5, "_runtime": 612, "_timestamp": 1602226349, "episode_reward_max": 285.3636363636365, "episode_reward_min": 139.27272727272697, "episode_reward_mean": 236.48272102175042, "episodes_total": 2844, "training_iteration": 8}