{"time_step_min": 3218.0, "_step": 5, "_runtime": 616, "_timestamp": 1602192339, "episode_reward_max": 300.0707070707069, "episode_reward_min": 136.39393939393918, "episode_reward_mean": 229.9081588416351, "episodes_total": 1864, "training_iteration": 5}