{"episode_reward_max": 283.141414141414, "episode_reward_min": 168.44444444444431, "episode_reward_mean": 243.62929292929266, "episode_len_mean": 884.878, "episodes_this_iter": 160, "num_healthy_workers": 80, "timesteps_total": 2608186, "episodes_total": 2880, "training_iteration": 18, "timestamp": 1606734648, "time_this_iter_s": 32.43661165237427, "time_total_s": 604.478696346283, "time_since_restore": 604.478696346283, "timesteps_since_restore": 0, "iterations_since_restore": 18, "custom_metrics/time_step_mean": 3447.634, "custom_metrics/time_step_min": 3197, "custom_metrics/time_step_max": 4039, "sampler_perf/mean_env_wait_ms": 1.7276790841840013, "sampler_perf/mean_raw_obs_processing_ms": 0.44161046926158154, "sampler_perf/mean_inference_ms": 5.564904247528422, "sampler_perf/mean_action_processing_ms": 0.1737226846577058, "timers/sample_time_ms": 8143.184, "timers/sample_throughput": 17606.491, "timers/learn_time_ms": 24948.389, "timers/learn_throughput": 5746.78, "timers/update_time_ms": 44.789, "info/num_steps_sampled": 2608186, "info/num_steps_trained": 2608186, "perf/cpu_util_percent": 23.899999999999995, "perf/ram_util_percent": 5.599999999999999, "perf/gpu_util_percent0": 0.3861111111111111, "perf/vram_util_percent0": 0.1363561823548704, "info/learner/default_policy/allreduce_latency": 0.0, "info/learner/default_policy/cur_kl_coeff": 4.1422066871492685e-06, "info/learner/default_policy/cur_lr": 0.0006202528585758014, "info/learner/default_policy/total_loss": 86.08643913269043, "info/learner/default_policy/policy_loss": -0.15256757102906704, "info/learner/default_policy/vf_loss": 105.13512802124023, "info/learner/default_policy/vf_explained_var": 0.9881105422973633, "info/learner/default_policy/kl": 0.09746976476162672, "info/learner/default_policy/entropy": 0.6994537487626076, "info/learner/default_policy/entropy_coeff": 0.00887569500780785, "_step": 17, "_runtime": 617, "_timestamp": 1606734648}