{"episode_reward_max": 276.0202020202021, "episode_reward_min": 134.95959595959545, "episode_reward_mean": 224.6233838383836, "episode_len_mean": 901.369, "episodes_this_iter": 369, "num_healthy_workers": 80, "timesteps_total": 3456000, "episodes_total": 3569, "training_iteration": 9, "timestamp": 1606734016, "time_this_iter_s": 69.98694682121277, "time_total_s": 637.7777688503265, "time_since_restore": 637.7777688503265, "timesteps_since_restore": 0, "iterations_since_restore": 9, "custom_metrics/time_step_mean": 3584.066, "custom_metrics/time_step_min": 3234, "custom_metrics/time_step_max": 4165, "sampler_perf/mean_env_wait_ms": 3.5203509855652846, "sampler_perf/mean_raw_obs_processing_ms": 0.8835921016032957, "sampler_perf/mean_inference_ms": 9.189911438124996, "sampler_perf/mean_action_processing_ms": 0.25946780270444736, "timers/sample_time_ms": 19195.04, "timers/sample_throughput": 20005.168, "timers/learn_time_ms": 51532.499, "timers/learn_throughput": 7451.608, "timers/update_time_ms": 39.074, "info/num_steps_sampled": 3456000, "info/num_steps_trained": 3456000, "perf/cpu_util_percent": 24.669333333333334, "perf/ram_util_percent": 6.150666666666667, "perf/gpu_util_percent0": 0.22253333333333336, "perf/vram_util_percent0": 0.1089701541489013, "info/learner/default_policy/allreduce_latency": 0.0, "info/learner/default_policy/cur_kl_coeff": 0.01307042507763601, "info/learner/default_policy/cur_lr": 0.0008857175637124968, "info/learner/default_policy/total_loss": 87.51879787445068, "info/learner/default_policy/policy_loss": -0.17397001525387168, "info/learner/default_policy/vf_loss": 138.13780689239502, "info/learner/default_policy/vf_explained_var": 0.9865211248397827, "info/learner/default_policy/kl": 0.16571955708786845, "info/learner/default_policy/entropy": 0.68357839807868, "info/learner/default_policy/entropy_coeff": 0.004377908119716196, "_step": 8, "_runtime": 650, "_timestamp": 1606734016}