{"time_step_min": 3209, "_step": 7, "_runtime": 676, "_timestamp": 1602282016, "time_step_max": 4094, "time_step_mean": 3524.5649926144756, "episode_reward_max": 285.5656565656563, "episode_reward_min": 124.80808080808052, "episode_reward_mean": 232.0397150122887, "episodes_total": 4266, "training_iteration": 8}