{"episode_reward_max": 167.65656565656565, "episode_reward_min": 80.18181818181802, "episode_reward_mean": 155.3319191919192, "episode_len_mean": 607.5365, "episodes_this_iter": 330, "num_healthy_workers": 80, "timesteps_total": 13967360, "episodes_total": 22410, "training_iteration": 62, "timestamp": 1608226518, "time_this_iter_s": 8.461405754089355, "time_total_s": 535.7786738872528, "time_since_restore": 535.7786738872528, "timesteps_since_restore": 0, "iterations_since_restore": 62, "custom_metrics/make_span_mean": 2363.518, "custom_metrics/make_span_min": 2300, "custom_metrics/make_span_max": 2589, "sampler_perf/mean_env_wait_ms": 4.258230032391343, "sampler_perf/mean_raw_obs_processing_ms": 0.6789929124072758, "sampler_perf/mean_inference_ms": 2.885367996845739, "sampler_perf/mean_action_processing_ms": 0.24361682204654472, "timers/sample_time_ms": 6147.086, "timers/sample_throughput": 36648.26, "timers/load_time_ms": 500.469, "timers/load_throughput": 450137.541, "timers/learn_time_ms": 1706.051, "timers/learn_throughput": 132047.623, "timers/update_time_ms": 50.664, "info/num_steps_sampled": 13967360, "info/num_steps_trained": 13967360, "perf/cpu_util_percent": 64.17, "perf/ram_util_percent": 4.2299999999999995, "perf/gpu_util_percent0": 0.174, "perf/vram_util_percent0": 0.11880944571990817, "info/learner/default_policy/cur_kl_coeff": 6.505213293406968e-20, "info/learner/default_policy/cur_lr": 6.611462595174089e-05, "info/learner/default_policy/total_loss": 21.92102813720703, "info/learner/default_policy/policy_loss": -0.0025913966819643974, "info/learner/default_policy/vf_loss": 29.23149299621582, "info/learner/default_policy/vf_explained_var": 0.9920750260353088, "info/learner/default_policy/kl": 0.0037904169876128435, "info/learner/default_policy/entropy": 0.08751747012138367, "info/learner/default_policy/entropy_coeff": 0.0, "_step": 61, "_runtime": 559, "_timestamp": 1608226518}