{"episode_reward_max": 274.27272727272765, "episode_reward_min": 128.06060606060592, "episode_reward_mean": 227.14201539201537, "episode_len_mean": 860.3690476190476, "episodes_this_iter": 7, "num_healthy_workers": 7, "timesteps_total": 75600, "episodes_total": 84, "training_iteration": 18, "timestamp": 1601905884, "time_this_iter_s": 34.784459352493286, "time_total_s": 623.8536660671234, "time_since_restore": 623.8536660671234, "timesteps_since_restore": 0, "iterations_since_restore": 18, "timers/sample_time_ms": 1749.957, "timers/sample_throughput": 2400.06, "timers/learn_time_ms": 32884.559, "timers/learn_throughput": 127.72, "timers/update_time_ms": 6.499, "info/num_steps_sampled": 75600, "info/num_steps_trained": 75600, "perf/cpu_util_percent": 20.379166666666666, "perf/ram_util_percent": 2.685416666666667, "info/learner/default_policy/allreduce_latency": 0.0, "info/learner/default_policy/cur_kl_coeff": 2.562890625, "info/learner/default_policy/cur_lr": 0.0005, "info/learner/default_policy/total_loss": 4.1851027517607715, "info/learner/default_policy/policy_loss": -0.15291367705459846, "info/learner/default_policy/vf_loss": 4.298254894487785, "info/learner/default_policy/vf_explained_var": 0.9975744485855103, "info/learner/default_policy/kl": 0.015514297862396095, "info/learner/default_policy/entropy": 1.0626057856010669, "info/learner/default_policy/entropy_coeff": 0.0, "_step": 17, "_runtime": 628, "_timestamp": 1601905886, "custom_metrics/time_step_mean": 3548.7619047619046, "custom_metrics/time_step_min": 3234, "custom_metrics/time_step_max": 4200, "sampler_perf/mean_env_wait_ms": 0.8463438429337994, "sampler_perf/mean_raw_obs_processing_ms": 0.18441376837221302, "sampler_perf/mean_inference_ms": 1.9859119310586044, "sampler_perf/mean_action_processing_ms": 0.08301451482270299}