{"episode_reward_max": 264.46464646464636, "episode_reward_min": 160.10101010101, "episode_reward_mean": 223.210678210678, "episode_len_mean": 874.7714285714286, "episodes_this_iter": 7, "num_healthy_workers": 7, "timesteps_total": 33600, "episodes_total": 35, "training_iteration": 8, "timestamp": 1601909726, "time_this_iter_s": 77.7315559387207, "time_total_s": 625.1052649021149, "time_since_restore": 625.1052649021149, "timesteps_since_restore": 0, "iterations_since_restore": 8, "timers/sample_time_ms": 2701.539, "timers/sample_throughput": 1554.669, "timers/learn_time_ms": 75402.33, "timers/learn_throughput": 55.701, "timers/update_time_ms": 8.76, "info/num_steps_sampled": 33600, "info/num_steps_trained": 33600, "perf/cpu_util_percent": 20.691509433962267, "perf/ram_util_percent": 3.025471698113207, "info/learner/default_policy/allreduce_latency": 0.0, "info/learner/default_policy/cur_kl_coeff": 1.5187500000000003, "info/learner/default_policy/cur_lr": 5e-05, "info/learner/default_policy/total_loss": 51.64887457182913, "info/learner/default_policy/policy_loss": -0.08483905525821628, "info/learner/default_policy/vf_loss": 51.716354832504734, "info/learner/default_policy/vf_explained_var": 0.954186201095581, "info/learner/default_policy/kl": 0.011495714668523182, "info/learner/default_policy/entropy": 1.0078535350886257, "info/learner/default_policy/entropy_coeff": 0.0001, "_step": 7, "_runtime": 627, "_timestamp": 1601909726, "custom_metrics/time_step_mean": 3576.5714285714284, "custom_metrics/time_step_min": 3301, "custom_metrics/time_step_max": 3990, "sampler_perf/mean_env_wait_ms": 0.7201225762707978, "sampler_perf/mean_raw_obs_processing_ms": 0.1771914404173874, "sampler_perf/mean_inference_ms": 2.8207613785713126, "sampler_perf/mean_action_processing_ms": 0.08534168013949213}