{"episode_reward_max": 278.07070707070653, "episode_reward_min": 172.5959595959596, "episode_reward_mean": 227.76599326599305, "episode_len_mean": 871.6428571428571, "episodes_this_iter": 8, "num_healthy_workers": 7, "timesteps_total": 78400, "episodes_total": 84, "training_iteration": 14, "timestamp": 1601915251, "time_this_iter_s": 44.304399490356445, "time_total_s": 612.9441475868225, "time_since_restore": 612.9441475868225, "timesteps_since_restore": 0, "iterations_since_restore": 14, "timers/sample_time_ms": 1524.944, "timers/sample_throughput": 3672.267, "timers/learn_time_ms": 41775.511, "timers/learn_throughput": 134.05, "timers/update_time_ms": 7.712, "info/num_steps_sampled": 78400, "info/num_steps_trained": 78400, "perf/cpu_util_percent": 16.975806451612907, "perf/ram_util_percent": 3.0629032258064517, "info/learner/default_policy/allreduce_latency": 0.0, "info/learner/default_policy/cur_kl_coeff": 0.759375, "info/learner/default_policy/cur_lr": 5.0000000000000016e-05, "info/learner/default_policy/total_loss": 6.728538691997528, "info/learner/default_policy/policy_loss": -0.06872029639568857, "info/learner/default_policy/vf_loss": 6.787365263158625, "info/learner/default_policy/vf_explained_var": 0.9864925146102905, "info/learner/default_policy/kl": 0.013028811261227185, "info/learner/default_policy/entropy": 0.969396169890057, "info/learner/default_policy/entropy_coeff": 0.0, "_step": 13, "_runtime": 621, "_timestamp": 1601915251, "custom_metrics/time_step_mean": 2697.190476190476, "custom_metrics/time_step_min": 0, "custom_metrics/time_step_max": 3913, "sampler_perf/mean_env_wait_ms": 1.3188515066485091, "sampler_perf/mean_raw_obs_processing_ms": 0.24474227976913907, "sampler_perf/mean_inference_ms": 1.8889524466867438, "sampler_perf/mean_action_processing_ms": 0.0986391663142763}