{"time_step_min": 3126, "_step": 7, "_runtime": 639, "_timestamp": 1602386130, "time_step_max": 4391, "time_step_mean": 3475.493880673126, "episode_reward_max": 292.3838383838377, "episode_reward_min": 100.71717171717155, "episode_reward_mean": 239.92603247666526, "episodes_total": 3950, "training_iteration": 20}