{"nb_episodes": 1, "avg_best_result": 47.64948453608249, "best_episode": 47.64948453608249, "best_timestep": 1150, "_step": 0, "_runtime": 3, "_timestamp": 1604231475}