{"episode_reward_max": 146.24242424242402, "episode_reward_min": -0.4242424242423919, "episode_reward_mean": 99.21434343434328, "episode_len_mean": 731.783, "episodes_this_iter": 160, "num_healthy_workers": 80, "timesteps_total": 6477187, "episodes_total": 8640, "training_iteration": 54, "timestamp": 1606833083, "time_this_iter_s": 10.491223335266113, "time_total_s": 586.8953588008881, "time_since_restore": 586.8953588008881, "timesteps_since_restore": 0, "iterations_since_restore": 54, "custom_metrics/time_step_mean": 2636.789, "custom_metrics/time_step_min": 2404, "custom_metrics/time_step_max": 3130, "sampler_perf/mean_env_wait_ms": 0.7511694491434119, "sampler_perf/mean_raw_obs_processing_ms": 0.2481725083493294, "sampler_perf/mean_inference_ms": 3.040042757467864, "sampler_perf/mean_action_processing_ms": 0.11825933430984349, "timers/sample_time_ms": 7248.827, "timers/sample_throughput": 16063.592, "timers/load_time_ms": 264.818, "timers/load_throughput": 439706.791, "timers/learn_time_ms": 2881.178, "timers/learn_throughput": 40414.789, "timers/update_time_ms": 49.555, "info/num_steps_sampled": 6477187, "info/num_steps_trained": 6477187, "perf/cpu_util_percent": 70.69166666666666, "perf/ram_util_percent": 6.733333333333333, "perf/gpu_util_percent0": 0.17416666666666666, "perf/vram_util_percent0": 0.11356182354870452, "info/learner/default_policy/cur_kl_coeff": 6.176369698498286e-17, "info/learner/default_policy/cur_lr": 0.0002038445381913334, "info/learner/default_policy/total_loss": 142.81326293945312, "info/learner/default_policy/policy_loss": -0.02914910949766636, "info/learner/default_policy/vf_loss": 243.3798370361328, "info/learner/default_policy/vf_explained_var": 0.898043692111969, "info/learner/default_policy/kl": 0.011235731653869152, "info/learner/default_policy/entropy": 0.49458861351013184, "info/learner/default_policy/entropy_coeff": 0.007190207485109568, "_step": 53, "_runtime": 611, "_timestamp": 1606833083}