{"time_step_min": 3095.0, "_step": 5, "_runtime": 631, "_timestamp": 1602215276, "episode_reward_max": 295.3232323232317, "episode_reward_min": 115.78787878787877, "episode_reward_mean": 238.17318330989204, "episodes_total": 2370, "training_iteration": 13}