{"time_step_min": 3176.0, "_step": 5, "_runtime": 632, "_timestamp": 1602191066, "episode_reward_max": 284.79797979798, "episode_reward_min": 147.0606060606061, "episode_reward_mean": 231.41050537015715, "episodes_total": 1264, "training_iteration": 4}