{"episode_reward_max": 151.69696969696963, "episode_reward_min": 8.868686868686847, "episode_reward_mean": 107.46393939393927, "episode_len_mean": 676.658, "episodes_this_iter": 420, "num_healthy_workers": 80, "timesteps_total": 10897920, "episodes_total": 15019, "training_iteration": 44, "timestamp": 1606834965, "time_this_iter_s": 15.367093801498413, "time_total_s": 588.9154596328735, "time_since_restore": 588.9154596328735, "timesteps_since_restore": 0, "iterations_since_restore": 44, "custom_metrics/time_step_mean": 2591.942, "custom_metrics/time_step_min": 2390, "custom_metrics/time_step_max": 3044, "sampler_perf/mean_env_wait_ms": 3.3559235950955437, "sampler_perf/mean_raw_obs_processing_ms": 0.8167437707699627, "sampler_perf/mean_inference_ms": 4.316189537050899, "sampler_perf/mean_action_processing_ms": 0.2620224783025006, "timers/sample_time_ms": 8750.25, "timers/sample_throughput": 28305.476, "timers/load_time_ms": 560.967, "timers/load_throughput": 441522.91, "timers/learn_time_ms": 4738.932, "timers/learn_throughput": 52264.942, "timers/update_time_ms": 36.381, "info/num_steps_sampled": 10897920, "info/num_steps_trained": 10897920, "perf/cpu_util_percent": 80.49411764705881, "perf/ram_util_percent": 6.7705882352941185, "perf/gpu_util_percent0": 0.2723529411764706, "perf/vram_util_percent0": 0.11356182354870449, "info/learner/default_policy/cur_kl_coeff": 5.239614013388509e-14, "info/learner/default_policy/cur_lr": 4.317076309234835e-05, "info/learner/default_policy/total_loss": 205.09974670410156, "info/learner/default_policy/policy_loss": -0.005348903127014637, "info/learner/default_policy/vf_loss": 272.2666320800781, "info/learner/default_policy/vf_explained_var": 0.9061974287033081, "info/learner/default_policy/kl": 0.0047376700676977634, "info/learner/default_policy/entropy": 0.6757417321205139, "info/learner/default_policy/entropy_coeff": 0.008922898210585117, "_step": 43, "_runtime": 614, "_timestamp": 1606834965}