{"nb_episodes": 1, "avg_best_result": 236.09090909090875, "best_episode": 236.09090909090875, "best_timestep": 3357, "_step": 0, "_runtime": 1, "_timestamp": 1602708098}