{"time_step_min": 3098, "_step": 7, "_runtime": 632, "_timestamp": 1602496319, "time_step_max": 4143, "time_step_mean": 3407.7780693533273, "episode_reward_max": 296.6262626262622, "episode_reward_min": 127.9898989898988, "episode_reward_mean": 249.79949221847411, "episodes_total": 5363, "training_iteration": 27}