{"episode_reward_max": 265.262626262626, "episode_reward_min": 176.9999999999995, "episode_reward_mean": 226.3340548340546, "episode_len_mean": 899.2142857142857, "episodes_this_iter": 14, "num_healthy_workers": 7, "timesteps_total": 28000, "episodes_total": 28, "training_iteration": 5, "timestamp": 1601915363, "time_this_iter_s": 115.66502046585083, "time_total_s": 601.0886771678925, "time_since_restore": 601.0886771678925, "timesteps_since_restore": 0, "iterations_since_restore": 5, "timers/sample_time_ms": 2537.974, "timers/sample_throughput": 2206.485, "timers/learn_time_ms": 117636.885, "timers/learn_throughput": 47.604, "timers/update_time_ms": 9.188, "info/num_steps_sampled": 28000, "info/num_steps_trained": 28000, "perf/cpu_util_percent": 17.454140127388538, "perf/ram_util_percent": 3.035031847133758, "info/learner/default_policy/allreduce_latency": 0.0, "info/learner/default_policy/cur_kl_coeff": 1.0125000000000004, "info/learner/default_policy/cur_lr": 0.0005, "info/learner/default_policy/total_loss": 115.33214048905806, "info/learner/default_policy/policy_loss": -0.17093567533249204, "info/learner/default_policy/vf_loss": 115.47380447387695, "info/learner/default_policy/vf_explained_var": 0.918383002281189, "info/learner/default_policy/kl": 0.028908921871334314, "info/learner/default_policy/entropy": 1.0288456190716138, "info/learner/default_policy/entropy_coeff": 0.0, "_step": 4, "_runtime": 604, "_timestamp": 1601915363, "custom_metrics/time_step_mean": 2228.9285714285716, "custom_metrics/time_step_min": 0, "custom_metrics/time_step_max": 3775, "sampler_perf/mean_env_wait_ms": 1.2913542241662337, "sampler_perf/mean_raw_obs_processing_ms": 0.2645762843612783, "sampler_perf/mean_inference_ms": 2.775698394515008, "sampler_perf/mean_action_processing_ms": 0.10637115014537933}