{"time_step_min": 3212, "_step": 7, "_runtime": 624, "_timestamp": 1602516773, "time_step_max": 4254, "time_step_mean": 3600.905643134567, "episode_reward_max": 289.73737373737316, "episode_reward_min": 126.55555555555502, "episode_reward_mean": 231.138554890985, "episodes_total": 4423, "training_iteration": 23}