{"episode_reward_max": 281.67676767676744, "episode_reward_min": 179.71717171717177, "episode_reward_mean": 229.4262866762866, "episode_len_mean": 851.5238095238095, "episodes_this_iter": 6, "num_healthy_workers": 7, "timesteps_total": 75600, "episodes_total": 84, "training_iteration": 18, "timestamp": 1601907119, "time_this_iter_s": 33.5880081653595, "time_total_s": 608.3505001068115, "time_since_restore": 608.3505001068115, "timesteps_since_restore": 0, "iterations_since_restore": 18, "timers/sample_time_ms": 1803.367, "timers/sample_throughput": 2328.977, "timers/learn_time_ms": 31744.358, "timers/learn_throughput": 132.307, "timers/update_time_ms": 6.648, "info/num_steps_sampled": 75600, "info/num_steps_trained": 75600, "perf/cpu_util_percent": 19.595652173913045, "perf/ram_util_percent": 2.7608695652173916, "info/learner/default_policy/allreduce_latency": 0.0, "info/learner/default_policy/cur_kl_coeff": 1.5187499999999998, "info/learner/default_policy/cur_lr": 0.0001, "info/learner/default_policy/total_loss": 12.136401913382791, "info/learner/default_policy/policy_loss": -0.07125907998080507, "info/learner/default_policy/vf_loss": 12.190877224459793, "info/learner/default_policy/vf_explained_var": 0.971248984336853, "info/learner/default_policy/kl": 0.011113744708850529, "info/learner/default_policy/entropy": 0.9449300097696709, "info/learner/default_policy/entropy_coeff": 0.0001, "_step": 17, "_runtime": 614, "_timestamp": 1601907122, "custom_metrics/time_step_mean": 3534.2619047619046, "custom_metrics/time_step_min": 3184, "custom_metrics/time_step_max": 3866, "sampler_perf/mean_env_wait_ms": 0.7355857273260393, "sampler_perf/mean_raw_obs_processing_ms": 0.15469515699299508, "sampler_perf/mean_inference_ms": 1.740800202403609, "sampler_perf/mean_action_processing_ms": 0.0732311159782576}