{"time_step_min": 3102, "_step": 7, "_runtime": 631, "_timestamp": 1602457738, "time_step_max": 4227, "time_step_mean": 3444.945322793149, "episode_reward_max": 296.02020202020174, "episode_reward_min": 125.56565656565654, "episode_reward_mean": 244.3402422302465, "episodes_total": 4582, "training_iteration": 24}