{"time_step_min": 3186, "_step": 7, "_runtime": 1009, "_timestamp": 1602594476, "time_step_max": 4480, "time_step_mean": 3608.6718369507676, "episode_reward_max": 283.29292929292916, "episode_reward_min": 87.23232323232283, "episode_reward_mean": 219.04491890606653, "episodes_total": 37810, "training_iteration": 1068}