{"time_step_min": 3150.0, "_step": 5, "_runtime": 640, "_timestamp": 1602224319, "episode_reward_max": 292.90909090909116, "episode_reward_min": 102.7575757575755, "episode_reward_mean": 239.98505039664138, "episodes_total": 3727, "training_iteration": 10}