{"episode_reward_max": 263.5151515151512, "episode_reward_min": 144.6969696969692, "episode_reward_mean": 216.82611832611812, "episode_len_mean": 879.1428571428571, "episodes_this_iter": 7, "num_healthy_workers": 7, "timesteps_total": 12600, "episodes_total": 14, "training_iteration": 3, "timestamp": 1601911327, "time_this_iter_s": 249.4929642677307, "time_total_s": 752.1139612197876, "time_since_restore": 752.1139612197876, "timesteps_since_restore": 0, "iterations_since_restore": 3, "timers/sample_time_ms": 5369.262, "timers/sample_throughput": 782.23, "timers/learn_time_ms": 245251.167, "timers/learn_throughput": 17.125, "timers/update_time_ms": 17.981, "info/num_steps_sampled": 12600, "info/num_steps_trained": 12600, "perf/cpu_util_percent": 17.445671641791044, "perf/ram_util_percent": 3.597611940298508, "info/learner/default_policy/allreduce_latency": 0.0, "info/learner/default_policy/cur_kl_coeff": 0.22500000000000003, "info/learner/default_policy/cur_lr": 5e-05, "info/learner/default_policy/total_loss": 330.42645726059425, "info/learner/default_policy/policy_loss": -0.1441535981879993, "info/learner/default_policy/vf_loss": 330.5628842440519, "info/learner/default_policy/vf_explained_var": 0.7196366190910339, "info/learner/default_policy/kl": 0.03437881352323474, "info/learner/default_policy/entropy": 1.0313343712777803, "info/learner/default_policy/entropy_coeff": 0.0, "_step": 2, "_runtime": 756, "_timestamp": 1601911327, "custom_metrics/time_step_mean": 3618.6428571428573, "custom_metrics/time_step_min": 3312, "custom_metrics/time_step_max": 4099, "sampler_perf/mean_env_wait_ms": 0.6939216470471418, "sampler_perf/mean_raw_obs_processing_ms": 0.19016944326126523, "sampler_perf/mean_inference_ms": 5.88337036416334, "sampler_perf/mean_action_processing_ms": 0.08997062527830155}