{"time_step_min": 3166, "_step": 7, "_runtime": 1007, "_timestamp": 1602595496, "time_step_max": 4446, "time_step_mean": 3611.2717198819428, "episode_reward_max": 288.141414141414, "episode_reward_min": 81.7777777777778, "episode_reward_mean": 219.0389193860286, "episodes_total": 37311, "training_iteration": 1054}