{"episode_reward_max": 260.34343434343396, "episode_reward_min": 142.45454545454507, "episode_reward_mean": 224.51875901875886, "episode_len_mean": 905.7857142857143, "episodes_this_iter": 14, "num_healthy_workers": 7, "timesteps_total": 28000, "episodes_total": 28, "training_iteration": 5, "timestamp": 1601915381, "time_this_iter_s": 112.49671936035156, "time_total_s": 605.0188274383545, "time_since_restore": 605.0188274383545, "timesteps_since_restore": 0, "iterations_since_restore": 5, "timers/sample_time_ms": 2513.897, "timers/sample_throughput": 2227.617, "timers/learn_time_ms": 118445.319, "timers/learn_throughput": 47.279, "timers/update_time_ms": 13.58, "info/num_steps_sampled": 28000, "info/num_steps_trained": 28000, "perf/cpu_util_percent": 17.74968152866242, "perf/ram_util_percent": 3.0369426751592354, "info/learner/default_policy/allreduce_latency": 0.0, "info/learner/default_policy/cur_kl_coeff": 0.5062500000000002, "info/learner/default_policy/cur_lr": 0.0005, "info/learner/default_policy/total_loss": 216.0178078738126, "info/learner/default_policy/policy_loss": -0.15844481319866396, "info/learner/default_policy/vf_loss": 216.15641923384234, "info/learner/default_policy/vf_explained_var": 0.8273723125457764, "info/learner/default_policy/kl": 0.039174724370241165, "info/learner/default_policy/entropy": 0.9686017348007723, "info/learner/default_policy/entropy_coeff": 0.0, "_step": 4, "_runtime": 612, "_timestamp": 1601915381, "custom_metrics/time_step_mean": 2688.6071428571427, "custom_metrics/time_step_min": 0, "custom_metrics/time_step_max": 3743, "sampler_perf/mean_env_wait_ms": 1.2604186936442778, "sampler_perf/mean_raw_obs_processing_ms": 0.2673052687841093, "sampler_perf/mean_inference_ms": 2.8427014673648654, "sampler_perf/mean_action_processing_ms": 0.10916929408258144}