{"time_step_min": 3058, "_step": 7, "_runtime": 627, "_timestamp": 1602525257, "time_step_max": 3937, "time_step_mean": 3316.5188637372394, "episode_reward_max": 300.2222222222221, "episode_reward_min": 165.67676767676747, "episode_reward_mean": 260.75760471944847, "episodes_total": 4534, "training_iteration": 23}