{"time_step_min": 3144, "_step": 7, "_runtime": 649, "_timestamp": 1602419569, "time_step_max": 4339, "time_step_mean": 3536.808558558558, "episode_reward_max": 289.65656565656553, "episode_reward_min": 108.59595959595949, "episode_reward_mean": 230.86953112101682, "episodes_total": 2692, "training_iteration": 10}