{"time_step_min": 3099.0, "_step": 5, "_runtime": 658, "_timestamp": 1602217224, "episode_reward_max": 295.2626262626265, "episode_reward_min": 105.63636363636304, "episode_reward_mean": 235.8939308698801, "episodes_total": 2370, "training_iteration": 13}