{"nb_episodes": 1, "avg_best_result": 42.418367346938766, "best_episode": 42.418367346938766, "best_timestep": 1039, "_step": 0, "_runtime": 3, "_timestamp": 1604231464}