{"episode_reward_max": 290.4141414141413, "episode_reward_min": 194.05050505050505, "episode_reward_mean": 252.63095959595933, "episode_len_mean": 892.888, "episodes_this_iter": 162, "num_healthy_workers": 80, "timesteps_total": 4060411, "episodes_total": 4484, "training_iteration": 28, "timestamp": 1606763809, "time_this_iter_s": 16.59354567527771, "time_total_s": 421.61006116867065, "time_since_restore": 421.61006116867065, "timesteps_since_restore": 0, "iterations_since_restore": 28, "custom_metrics/time_step_mean": 3390.486, "custom_metrics/time_step_min": 3161, "custom_metrics/time_step_max": 3775, "sampler_perf/mean_env_wait_ms": 2.8304535264216875, "sampler_perf/mean_raw_obs_processing_ms": 0.7209476029504835, "sampler_perf/mean_inference_ms": 5.0347705696200125, "sampler_perf/mean_action_processing_ms": 0.24713150175062595, "timers/sample_time_ms": 7170.88, "timers/sample_throughput": 20110.083, "timers/load_time_ms": 483.698, "timers/load_throughput": 298134.102, "timers/learn_time_ms": 7593.623, "timers/learn_throughput": 18990.539, "timers/update_time_ms": 48.086, "info/num_steps_sampled": 4060411, "info/num_steps_trained": 4060411, "perf/cpu_util_percent": 59.300000000000004, "perf/ram_util_percent": 7.35263157894737, "perf/gpu_util_percent0": 0.37000000000000005, "perf/vram_util_percent0": 0.1922761561167596, "info/learner/default_policy/cur_kl_coeff": 3.2163196550527573e-09, "info/learner/default_policy/cur_lr": 0.00014243129407986999, "info/learner/default_policy/total_loss": 116.0636215209961, "info/learner/default_policy/policy_loss": -0.04585748165845871, "info/learner/default_policy/vf_loss": 142.7635955810547, "info/learner/default_policy/vf_explained_var": 0.9829998016357422, "info/learner/default_policy/kl": 0.016387835144996643, "info/learner/default_policy/entropy": 0.8753491044044495, "info/learner/default_policy/entropy_coeff": 0.0006304415874183178, "_step": 27, "_runtime": 441, "_timestamp": 1606763809}