{"time_step_min": 3135.0, "_step": 5, "_runtime": 686, "_timestamp": 1602211432, "episode_reward_max": 289.7777777777774, "episode_reward_min": 147.0606060606061, "episode_reward_mean": 231.9034650300472, "episodes_total": 1896, "training_iteration": 5}