{"time_step_min": 3190.0, "_step": 5, "_runtime": 621, "_timestamp": 1602174124, "episode_reward_max": 284.79797979798, "episode_reward_min": 118.96969696969748, "episode_reward_mean": 231.31268625888873, "episodes_total": 4108, "training_iteration": 11}