{"episode_reward_max": 270.3535353535351, "episode_reward_min": 165.4040404040402, "episode_reward_mean": 228.3309283309281, "episode_len_mean": 874.4166666666666, "episodes_this_iter": 7, "num_healthy_workers": 7, "timesteps_total": 75600, "episodes_total": 84, "training_iteration": 18, "timestamp": 1601905873, "time_this_iter_s": 33.92118549346924, "time_total_s": 612.2069864273071, "time_since_restore": 612.2069864273071, "timesteps_since_restore": 0, "iterations_since_restore": 18, "timers/sample_time_ms": 1793.642, "timers/sample_throughput": 2341.604, "timers/learn_time_ms": 31834.571, "timers/learn_throughput": 131.932, "timers/update_time_ms": 7.282, "info/num_steps_sampled": 75600, "info/num_steps_trained": 75600, "perf/cpu_util_percent": 19.141304347826086, "perf/ram_util_percent": 2.7478260869565205, "info/learner/default_policy/allreduce_latency": 0.0, "info/learner/default_policy/cur_kl_coeff": 2.278125, "info/learner/default_policy/cur_lr": 0.0005, "info/learner/default_policy/total_loss": 16.191817746017918, "info/learner/default_policy/policy_loss": -0.1421309496191415, "info/learner/default_policy/vf_loss": 16.299357284199107, "info/learner/default_policy/vf_explained_var": 0.9914335608482361, "info/learner/default_policy/kl": 0.015231067286522099, "info/learner/default_policy/entropy": 1.0666886459697376, "info/learner/default_policy/entropy_coeff": 0.0001, "_step": 17, "_runtime": 618, "_timestamp": 1601905876, "custom_metrics/time_step_mean": 3541.8809523809523, "custom_metrics/time_step_min": 3269, "custom_metrics/time_step_max": 3955, "sampler_perf/mean_env_wait_ms": 0.8697446874795626, "sampler_perf/mean_raw_obs_processing_ms": 0.19166287952868405, "sampler_perf/mean_inference_ms": 2.0482898732888577, "sampler_perf/mean_action_processing_ms": 0.08496440510376882}