{"episode_reward_max": 300.4141414141412, "episode_reward_min": 179.20202020201987, "episode_reward_mean": 258.86005050505025, "episode_len_mean": 879.094, "episodes_this_iter": 240, "num_healthy_workers": 80, "timesteps_total": 6628594, "episodes_total": 7440, "training_iteration": 31, "timestamp": 1606762726, "time_this_iter_s": 18.943537712097168, "time_total_s": 589.606347322464, "time_since_restore": 589.606347322464, "timesteps_since_restore": 0, "iterations_since_restore": 31, "custom_metrics/time_step_mean": 3344.812, "custom_metrics/time_step_min": 3098, "custom_metrics/time_step_max": 3873, "sampler_perf/mean_env_wait_ms": 2.8562982081292847, "sampler_perf/mean_raw_obs_processing_ms": 0.6864296200547219, "sampler_perf/mean_inference_ms": 4.822284900158358, "sampler_perf/mean_action_processing_ms": 0.2476999376516983, "timers/sample_time_ms": 8658.722, "timers/sample_throughput": 24413.14, "timers/load_time_ms": 703.722, "timers/load_throughput": 300383.735, "timers/learn_time_ms": 9500.525, "timers/learn_throughput": 22249.992, "timers/update_time_ms": 39.603, "info/num_steps_sampled": 6628594, "info/num_steps_trained": 6628594, "perf/cpu_util_percent": 57.21818181818182, "perf/ram_util_percent": 7.554545454545453, "perf/gpu_util_percent0": 0.3986363636363636, "perf/vram_util_percent0": 0.2027714004591669, "info/learner/default_policy/cur_kl_coeff": 3.1912381071030893e-10, "info/learner/default_policy/cur_lr": 0.00016394340491387993, "info/learner/default_policy/total_loss": 158.2650909423828, "info/learner/default_policy/policy_loss": -0.035997550934553146, "info/learner/default_policy/vf_loss": 174.856201171875, "info/learner/default_policy/vf_explained_var": 0.9796951413154602, "info/learner/default_policy/kl": 0.009946336038410664, "info/learner/default_policy/entropy": 0.8725128173828125, "info/learner/default_policy/entropy_coeff": 0.0015591016272082925, "_step": 30, "_runtime": 608, "_timestamp": 1606762726}