{"nb_episodes": 1, "avg_best_result": 262.23232323232315, "best_episode": 262.23232323232315, "best_timestep": 3329, "_step": 0, "_runtime": 1, "_timestamp": 1602708066}