{"episode_reward_max": 249.37373737373727, "episode_reward_min": 175.93939393939402, "episode_reward_mean": 218.15981240981225, "episode_len_mean": 912.3928571428571, "episodes_this_iter": 0, "num_healthy_workers": 7, "timesteps_total": 33600, "episodes_total": 28, "training_iteration": 6, "timestamp": 1601916550, "time_this_iter_s": 101.68197679519653, "time_total_s": 603.9742410182953, "time_since_restore": 603.9742410182953, "timesteps_since_restore": 0, "iterations_since_restore": 6, "timers/sample_time_ms": 2451.442, "timers/sample_throughput": 2284.37, "timers/learn_time_ms": 98171.474, "timers/learn_throughput": 57.043, "timers/update_time_ms": 9.171, "info/num_steps_sampled": 33600, "info/num_steps_trained": 33600, "perf/cpu_util_percent": 17.810071942446044, "perf/ram_util_percent": 3.083453237410072, "info/learner/default_policy/allreduce_latency": 0.0, "info/learner/default_policy/cur_kl_coeff": 2.2781249999999997, "info/learner/default_policy/cur_lr": 0.0005, "info/learner/default_policy/total_loss": 0.5115778656168417, "info/learner/default_policy/policy_loss": -0.16492042698982087, "info/learner/default_policy/vf_loss": 0.6233843863010406, "info/learner/default_policy/vf_explained_var": 0.9930115342140198, "info/learner/default_policy/kl": 0.023356562776660376, "info/learner/default_policy/entropy": 0.9526578309861097, "info/learner/default_policy/entropy_coeff": 0.00010000000000000003, "_step": 5, "_runtime": 606, "_timestamp": 1601916550, "custom_metrics/time_step_mean": 2410.25, "custom_metrics/time_step_min": 46, "custom_metrics/time_step_max": 3890, "sampler_perf/mean_env_wait_ms": 1.28027333054032, "sampler_perf/mean_raw_obs_processing_ms": 0.26823282730991316, "sampler_perf/mean_inference_ms": 2.857140428121653, "sampler_perf/mean_action_processing_ms": 0.1105210322609395}