{"time_step_min": 3012, "_step": 7, "_runtime": 629, "_timestamp": 1602521409, "time_step_max": 4199, "time_step_mean": 3370.0071380771806, "episode_reward_max": 291.83838383838395, "episode_reward_min": 111.08080808080757, "episode_reward_mean": 236.925644224449, "episodes_total": 4518, "training_iteration": 23}