{"time_step_min": 3092, "_step": 7, "_runtime": 633, "_timestamp": 1602459659, "time_step_max": 4320, "time_step_mean": 3409.822156196944, "episode_reward_max": 297.53535353535347, "episode_reward_min": 90.26262626262643, "episode_reward_mean": 249.41768955376554, "episodes_total": 4740, "training_iteration": 24}