{"episode_reward_max": 141.5959595959596, "episode_reward_min": -6.080808080807815, "episode_reward_mean": 90.36969696969683, "episode_len_mean": 713.6125, "episodes_this_iter": 240, "num_healthy_workers": 80, "timesteps_total": 7146306, "episodes_total": 9362, "training_iteration": 43, "timestamp": 1606821778, "time_this_iter_s": 15.01326298713684, "time_total_s": 593.3966252803802, "time_since_restore": 593.3966252803802, "timesteps_since_restore": 0, "iterations_since_restore": 43, "custom_metrics/time_step_mean": 2679.644, "custom_metrics/time_step_min": 2427, "custom_metrics/time_step_max": 3158, "sampler_perf/mean_env_wait_ms": 1.611037070611284, "sampler_perf/mean_raw_obs_processing_ms": 0.4300528480396088, "sampler_perf/mean_inference_ms": 3.611062522043288, "sampler_perf/mean_action_processing_ms": 0.18539209973895615, "timers/sample_time_ms": 7886.124, "timers/sample_throughput": 21731.234, "timers/load_time_ms": 391.452, "timers/load_throughput": 437793.248, "timers/learn_time_ms": 6013.439, "timers/learn_throughput": 28498.699, "timers/update_time_ms": 45.276, "info/num_steps_sampled": 7146306, "info/num_steps_trained": 7146306, "perf/cpu_util_percent": 50.22222222222222, "perf/ram_util_percent": 7.044444444444443, "perf/gpu_util_percent0": 0.3405555555555555, "perf/vram_util_percent0": 0.11356182354870449, "info/learner/default_policy/cur_kl_coeff": 4.670061605764782e-14, "info/learner/default_policy/cur_lr": 0.0008974823285825551, "info/learner/default_policy/total_loss": 199.8329315185547, "info/learner/default_policy/policy_loss": -0.1054658517241478, "info/learner/default_policy/vf_loss": 253.45677185058594, "info/learner/default_policy/vf_explained_var": 0.8946013450622559, "info/learner/default_policy/kl": 0.0872112438082695, "info/learner/default_policy/entropy": 0.3808452785015106, "info/learner/default_policy/entropy_coeff": 1.1900947356480174e-05, "_step": 42, "_runtime": 615, "_timestamp": 1606821778}