{"episode_reward_max": 274.73737373737356, "episode_reward_min": 156.85858585858597, "episode_reward_mean": 221.23989898989882, "episode_len_mean": 893.9047619047619, "episodes_this_iter": 14, "num_healthy_workers": 7, "timesteps_total": 78400, "episodes_total": 84, "training_iteration": 14, "timestamp": 1601914526, "time_this_iter_s": 43.39003109931946, "time_total_s": 616.6226933002472, "time_since_restore": 616.6226933002472, "timesteps_since_restore": 0, "iterations_since_restore": 14, "timers/sample_time_ms": 1522.881, "timers/sample_throughput": 3677.24, "timers/learn_time_ms": 42253.42, "timers/learn_throughput": 132.534, "timers/update_time_ms": 8.123, "info/num_steps_sampled": 78400, "info/num_steps_trained": 78400, "perf/cpu_util_percent": 18.583333333333336, "perf/ram_util_percent": 2.9400000000000004, "info/learner/default_policy/allreduce_latency": 0.0, "info/learner/default_policy/cur_kl_coeff": 3.8443359375000004, "info/learner/default_policy/cur_lr": 0.0005, "info/learner/default_policy/total_loss": 16.03206685998223, "info/learner/default_policy/policy_loss": -0.08634333972903815, "info/learner/default_policy/vf_loss": 16.074061090295967, "info/learner/default_policy/vf_explained_var": 0.9894561767578125, "info/learner/default_policy/kl": 0.011558047072453932, "info/learner/default_policy/entropy": 0.8417605784806338, "info/learner/default_policy/entropy_coeff": 0.00010000000000000003, "_step": 13, "_runtime": 627, "_timestamp": 1601914528, "custom_metrics/time_step_mean": 2736.8690476190477, "custom_metrics/time_step_min": 0, "custom_metrics/time_step_max": 3898, "sampler_perf/mean_env_wait_ms": 1.293250822045596, "sampler_perf/mean_raw_obs_processing_ms": 0.24141030282996517, "sampler_perf/mean_inference_ms": 1.815950440054291, "sampler_perf/mean_action_processing_ms": 0.09699876792399714}