{"time_step_min": 3142.0, "_step": 5, "_runtime": 636, "_timestamp": 1602233455, "episode_reward_max": 292.4343434343432, "episode_reward_min": 115.78787878787877, "episode_reward_mean": 238.49325287932862, "episodes_total": 2054, "training_iteration": 11}