{"episode_reward_max": 116.7474747474742, "episode_reward_min": -44.262626262626405, "episode_reward_mean": 55.35555555555542, "episode_len_mean": 785.137, "episodes_this_iter": 515, "num_healthy_workers": 80, "timesteps_total": 5267554, "episodes_total": 6734, "training_iteration": 13, "timestamp": 1606818618, "time_this_iter_s": 29.765673637390137, "time_total_s": 379.39089798927307, "time_since_restore": 379.39089798927307, "timesteps_since_restore": 0, "iterations_since_restore": 13, "custom_metrics/time_step_mean": 2866.25, "custom_metrics/time_step_min": 2550, "custom_metrics/time_step_max": 3468, "sampler_perf/mean_env_wait_ms": 5.65642214121301, "sampler_perf/mean_raw_obs_processing_ms": 1.3094370336729817, "sampler_perf/mean_inference_ms": 3.6958544485574585, "sampler_perf/mean_action_processing_ms": 0.39540788778114055, "timers/sample_time_ms": 9078.84, "timers/sample_throughput": 43788.174, "timers/load_time_ms": 1054.464, "timers/load_throughput": 377012.188, "timers/learn_time_ms": 18188.656, "timers/learn_throughput": 21856.799, "timers/update_time_ms": 44.785, "info/num_steps_sampled": 5267554, "info/num_steps_trained": 5267554, "perf/cpu_util_percent": 36.86857142857142, "perf/ram_util_percent": 7.468571428571428, "perf/gpu_util_percent0": 0.39942857142857147, "perf/vram_util_percent0": 0.36544768776648084, "info/learner/default_policy/cur_kl_coeff": 0.08965341746807098, "info/learner/default_policy/cur_lr": 0.002796721877530217, "info/learner/default_policy/total_loss": 113.78568267822266, "info/learner/default_policy/policy_loss": -0.13205038011074066, "info/learner/default_policy/vf_loss": 166.58084106445312, "info/learner/default_policy/vf_explained_var": 0.9571354985237122, "info/learner/default_policy/kl": 0.15051954984664917, "info/learner/default_policy/entropy": 0.5829946994781494, "info/learner/default_policy/entropy_coeff": 0.004559701774269342, "_step": 12, "_runtime": 398, "_timestamp": 1606818618}