{"nb_episodes": 1, "avg_best_result": 240.53535353535378, "best_episode": 240.53535353535378, "best_timestep": 3365, "_step": 0, "_runtime": 1, "_timestamp": 1602708023}