{"time_step_min": 3111, "_step": 7, "_runtime": 625, "_timestamp": 1602428897, "time_step_max": 4092, "time_step_mean": 3452.0559389756627, "episode_reward_max": 294.65656565656593, "episode_reward_min": 146.02020202020225, "episode_reward_mean": 242.98142338752584, "episodes_total": 2753, "training_iteration": 28}