{"episode_reward_max": 270.8585858585854, "episode_reward_min": 126.69696969696903, "episode_reward_mean": 219.48124098124075, "episode_len_mean": 904.6190476190476, "episodes_this_iter": 14, "num_healthy_workers": 7, "timesteps_total": 78400, "episodes_total": 84, "training_iteration": 14, "timestamp": 1601914188, "time_this_iter_s": 43.88235116004944, "time_total_s": 612.9126696586609, "time_since_restore": 612.9126696586609, "timesteps_since_restore": 0, "iterations_since_restore": 14, "timers/sample_time_ms": 1517.056, "timers/sample_throughput": 3691.359, "timers/learn_time_ms": 41873.508, "timers/learn_throughput": 133.736, "timers/update_time_ms": 8.022, "info/num_steps_sampled": 78400, "info/num_steps_trained": 78400, "perf/cpu_util_percent": 18.541666666666668, "perf/ram_util_percent": 2.9, "info/learner/default_policy/allreduce_latency": 0.0, "info/learner/default_policy/cur_kl_coeff": 3.417187500000001, "info/learner/default_policy/cur_lr": 0.0005, "info/learner/default_policy/total_loss": 6.369490134445104, "info/learner/default_policy/policy_loss": -0.10180260334163904, "info/learner/default_policy/vf_loss": 6.430631231177937, "info/learner/default_policy/vf_explained_var": 0.9944436550140381, "info/learner/default_policy/kl": 0.01192530579018322, "info/learner/default_policy/entropy": 0.8944768973372199, "info/learner/default_policy/entropy_coeff": 0.00010000000000000003, "_step": 13, "_runtime": 616, "_timestamp": 1601914188, "custom_metrics/time_step_mean": 2555.1071428571427, "custom_metrics/time_step_min": 0, "custom_metrics/time_step_max": 4209, "sampler_perf/mean_env_wait_ms": 1.312987444780391, "sampler_perf/mean_raw_obs_processing_ms": 0.24870294647373373, "sampler_perf/mean_inference_ms": 1.8726945933557784, "sampler_perf/mean_action_processing_ms": 0.10105748012864287}