{"episode_reward_max": 262.02020202020196, "episode_reward_min": 187.37373737373704, "episode_reward_mean": 227.29256854256823, "episode_len_mean": 910.0357142857143, "episodes_this_iter": 14, "num_healthy_workers": 7, "timesteps_total": 28000, "episodes_total": 28, "training_iteration": 5, "timestamp": 1601915354, "time_this_iter_s": 117.37267231941223, "time_total_s": 615.4379794597626, "time_since_restore": 615.4379794597626, "timesteps_since_restore": 0, "iterations_since_restore": 5, "timers/sample_time_ms": 2353.984, "timers/sample_throughput": 2378.946, "timers/learn_time_ms": 120694.264, "timers/learn_throughput": 46.398, "timers/update_time_ms": 8.126, "info/num_steps_sampled": 28000, "info/num_steps_trained": 28000, "perf/cpu_util_percent": 17.580000000000002, "perf/ram_util_percent": 3.0425000000000004, "info/learner/default_policy/allreduce_latency": 0.0, "info/learner/default_policy/cur_kl_coeff": 1.5187499999999998, "info/learner/default_policy/cur_lr": 0.0005, "info/learner/default_policy/total_loss": 66.82528443769975, "info/learner/default_policy/policy_loss": -0.15712769287215037, "info/learner/default_policy/vf_loss": 66.95006266507235, "info/learner/default_policy/vf_explained_var": 0.9281468987464905, "info/learner/default_policy/kl": 0.021367128388109533, "info/learner/default_policy/entropy": 1.0183022699572823, "info/learner/default_policy/entropy_coeff": 0.00010000000000000003, "_step": 4, "_runtime": 617, "_timestamp": 1601915354, "custom_metrics/time_step_mean": 2706.0, "custom_metrics/time_step_min": 0, "custom_metrics/time_step_max": 3765, "sampler_perf/mean_env_wait_ms": 1.273010991558151, "sampler_perf/mean_raw_obs_processing_ms": 0.2652499746632128, "sampler_perf/mean_inference_ms": 2.769948225244689, "sampler_perf/mean_action_processing_ms": 0.10895965908836633}