{"time_step_min": 3188, "_step": 7, "_runtime": 663, "_timestamp": 1602282692, "time_step_max": 3969, "time_step_mean": 3549.951275343362, "episode_reward_max": 283.44444444444423, "episode_reward_min": 123.74747474747456, "episode_reward_mean": 226.7840018827141, "episodes_total": 3262, "training_iteration": 6}