{"time_step_min": 2977, "_step": 7, "_runtime": 3669, "_timestamp": 1602623108, "time_step_max": 4054, "time_step_mean": 3229.0721382289416, "episode_reward_max": 314.9595959595955, "episode_reward_min": 145.7171717171716, "episode_reward_mean": 276.75267599760537, "episodes_total": 27808, "training_iteration": 136}