{"time_step_min": 3142, "_step": 7, "_runtime": 622, "_timestamp": 1602384204, "time_step_max": 4054, "time_step_mean": 3436.751802551303, "episode_reward_max": 293.44444444444423, "episode_reward_min": 136.17171717171732, "episode_reward_mean": 245.0183841719339, "episodes_total": 3634, "training_iteration": 19}