{"time_step_min": 3140.0, "_step": 5, "_runtime": 677, "_timestamp": 1602225723, "episode_reward_max": 289.4848484848479, "episode_reward_min": 143.0606060606062, "episode_reward_mean": 229.33936410518677, "episodes_total": 948, "training_iteration": 3}