{"time_step_min": 3182, "_step": 7, "_runtime": 624, "_timestamp": 1602354717, "time_step_max": 4170, "time_step_mean": 3505.372225958305, "episode_reward_max": 283.89898989899007, "episode_reward_min": 126.0202020202021, "episode_reward_mean": 234.93067584573242, "episodes_total": 3002, "training_iteration": 16}