{"time_step_min": 3162.0, "_step": 5, "_runtime": 640, "_timestamp": 1602193749, "episode_reward_max": 287.70707070707056, "episode_reward_min": 144.87878787878734, "episode_reward_mean": 230.15651238119582, "episodes_total": 948, "training_iteration": 3}