{"episode_reward_max": 293.1414141414136, "episode_reward_min": 171.62626262626242, "episode_reward_mean": 249.74262626262598, "episode_len_mean": 894.325, "episodes_this_iter": 421, "num_healthy_workers": 80, "timesteps_total": 5903022, "episodes_total": 6549, "training_iteration": 16, "timestamp": 1606759871, "time_this_iter_s": 38.66765069961548, "time_total_s": 607.291389465332, "time_since_restore": 607.291389465332, "timesteps_since_restore": 0, "iterations_since_restore": 16, "custom_metrics/time_step_mean": 3413.269, "custom_metrics/time_step_min": 3121, "custom_metrics/time_step_max": 3833, "sampler_perf/mean_env_wait_ms": 3.6848782315967767, "sampler_perf/mean_raw_obs_processing_ms": 0.8959897254906467, "sampler_perf/mean_inference_ms": 5.111577299403493, "sampler_perf/mean_action_processing_ms": 0.2816054560413812, "timers/sample_time_ms": 15711.516, "timers/sample_throughput": 23407.047, "timers/load_time_ms": 1436.498, "timers/load_throughput": 256011.63, "timers/learn_time_ms": 20434.66, "timers/learn_throughput": 17996.884, "timers/update_time_ms": 44.585, "info/num_steps_sampled": 5903022, "info/num_steps_trained": 5903022, "perf/cpu_util_percent": 50.69111111111112, "perf/ram_util_percent": 8.277777777777779, "perf/gpu_util_percent0": 0.40755555555555545, "perf/vram_util_percent0": 0.37069530993768446, "info/learner/default_policy/cur_kl_coeff": 8.379348400922026e-06, "info/learner/default_policy/cur_lr": 9.432553633814678e-05, "info/learner/default_policy/total_loss": 125.07002258300781, "info/learner/default_policy/policy_loss": -0.027741417288780212, "info/learner/default_policy/vf_loss": 187.33950805664062, "info/learner/default_policy/vf_explained_var": 0.9775574803352356, "info/learner/default_policy/kl": 0.011800178326666355, "info/learner/default_policy/entropy": 1.0243871212005615, "info/learner/default_policy/entropy_coeff": 0.005557096563279629, "_step": 15, "_runtime": 627, "_timestamp": 1606759871}