{"episode_reward_max": 247.9292929292932, "episode_reward_min": 157.90909090909068, "episode_reward_mean": 214.71127946127936, "episode_len_mean": 889.4166666666666, "episodes_this_iter": 5, "num_healthy_workers": 7, "timesteps_total": 12600, "episodes_total": 12, "training_iteration": 3, "timestamp": 1601911910, "time_this_iter_s": 257.87928676605225, "time_total_s": 776.8002693653107, "time_since_restore": 776.8002693653107, "timesteps_since_restore": 0, "iterations_since_restore": 3, "timers/sample_time_ms": 5693.023, "timers/sample_throughput": 737.745, "timers/learn_time_ms": 253165.353, "timers/learn_throughput": 16.59, "timers/update_time_ms": 12.109, "info/num_steps_sampled": 12600, "info/num_steps_trained": 12600, "perf/cpu_util_percent": 17.45202312138728, "perf/ram_util_percent": 3.6011560693641624, "info/learner/default_policy/allreduce_latency": 0.0, "info/learner/default_policy/cur_kl_coeff": 0.45000000000000007, "info/learner/default_policy/cur_lr": 0.0005, "info/learner/default_policy/total_loss": 148.91243998209634, "info/learner/default_policy/policy_loss": -0.149659240110354, "info/learner/default_policy/vf_loss": 149.02765956069484, "info/learner/default_policy/vf_explained_var": 0.8791016936302185, "info/learner/default_policy/kl": 0.07652544591462973, "info/learner/default_policy/entropy": 0.8426014546192053, "info/learner/default_policy/entropy_coeff": 0.0, "_step": 2, "_runtime": 779, "_timestamp": 1601911910, "custom_metrics/time_step_mean": 3631.0, "custom_metrics/time_step_min": 3417, "custom_metrics/time_step_max": 4009, "sampler_perf/mean_env_wait_ms": 0.6735468533292691, "sampler_perf/mean_raw_obs_processing_ms": 0.18987661671940656, "sampler_perf/mean_inference_ms": 6.090589424356445, "sampler_perf/mean_action_processing_ms": 0.08980028082769881}