{"episode_reward_max": 129.27272727272697, "episode_reward_min": -34.36363636363638, "episode_reward_mean": 62.60242424242404, "episode_len_mean": 725.6435, "episodes_this_iter": 211, "num_healthy_workers": 80, "timesteps_total": 5280000, "episodes_total": 6957, "training_iteration": 50, "timestamp": 1606824919, "time_this_iter_s": 11.79323148727417, "time_total_s": 587.2103941440582, "time_since_restore": 587.2103941440582, "timesteps_since_restore": 0, "iterations_since_restore": 50, "timers/sample_time_ms": 4609.567, "timers/sample_throughput": 22908.876, "timers/load_time_ms": 231.16, "timers/load_throughput": 456826.164, "timers/learn_time_ms": 6757.311, "timers/learn_throughput": 15627.518, "timers/update_time_ms": 50.588, "info/num_steps_sampled": 5280000, "info/num_steps_trained": 5280000, "perf/cpu_util_percent": 38.8, "perf/ram_util_percent": 7.964285714285714, "perf/gpu_util_percent0": 0.4314285714285715, "perf/vram_util_percent0": 0.10847818957035092, "info/learner/default_policy/cur_kl_coeff": 4.70667144971212e-16, "info/learner/default_policy/cur_lr": 0.00011740218178601936, "info/learner/default_policy/total_loss": 1760.328857421875, "info/learner/default_policy/policy_loss": -0.02746197022497654, "info/learner/default_policy/vf_loss": 1964.47265625, "info/learner/default_policy/vf_explained_var": 0.7576594948768616, "info/learner/default_policy/kl": 0.0105350436642766, "info/learner/default_policy/entropy": 0.4312771260738373, "info/learner/default_policy/entropy_coeff": 0.003982767462730408, "_step": 49, "_runtime": 611, "_timestamp": 1606824919, "custom_metrics/time_step_mean": 2819.1965, "custom_metrics/time_step_min": 2488, "custom_metrics/time_step_max": 3298, "sampler_perf/mean_env_wait_ms": 2.774445795934911, "sampler_perf/mean_raw_obs_processing_ms": 0.7374041719398947, "sampler_perf/mean_inference_ms": 5.772332176311967, "sampler_perf/mean_action_processing_ms": 0.2794927548990746}