{"episode_reward_max": 280.8686868686867, "episode_reward_min": 151.17171717171664, "episode_reward_mean": 228.96580808080768, "episode_len_mean": 914.647, "episodes_this_iter": 227, "num_healthy_workers": 80, "timesteps_total": 5084800, "episodes_total": 5440, "training_iteration": 35, "timestamp": 1606759220, "time_this_iter_s": 17.17922830581665, "time_total_s": 592.5499973297119, "time_since_restore": 592.5499973297119, "timesteps_since_restore": 0, "iterations_since_restore": 35, "timers/sample_time_ms": 6285.278, "timers/sample_throughput": 23114.332, "timers/load_time_ms": 523.044, "timers/load_throughput": 277758.487, "timers/learn_time_ms": 9934.592, "timers/learn_throughput": 14623.65, "timers/update_time_ms": 53.897, "info/num_steps_sampled": 5084800, "info/num_steps_trained": 5084800, "perf/cpu_util_percent": 49.925, "perf/ram_util_percent": 7.925000000000002, "perf/gpu_util_percent0": 0.5145000000000001, "perf/vram_util_percent0": 0.20309937684486717, "info/learner/default_policy/cur_kl_coeff": 2.2734081978059706e-11, "info/learner/default_policy/cur_lr": 2.769628190435469e-05, "info/learner/default_policy/total_loss": 954.5089721679688, "info/learner/default_policy/policy_loss": -0.007667682133615017, "info/learner/default_policy/vf_loss": 1010.5841674804688, "info/learner/default_policy/vf_explained_var": 0.8692390322685242, "info/learner/default_policy/kl": 0.012583749368786812, "info/learner/default_policy/entropy": 0.943455696105957, "info/learner/default_policy/entropy_coeff": 0.005381355993449688, "_step": 34, "_runtime": 615, "_timestamp": 1606759220, "custom_metrics/time_step_mean": 3534.725, "custom_metrics/time_step_min": 3202, "custom_metrics/time_step_max": 3941, "sampler_perf/mean_env_wait_ms": 4.095057580684394, "sampler_perf/mean_raw_obs_processing_ms": 1.0076610262040986, "sampler_perf/mean_inference_ms": 6.494802038373319, "sampler_perf/mean_action_processing_ms": 0.3108726027659975}