{"episode_reward_max": 268.141414141414, "episode_reward_min": 143.89898989899012, "episode_reward_mean": 229.4418686868687, "episode_len_mean": 823.596, "episodes_this_iter": 99, "num_healthy_workers": 11, "timesteps_total": 3358955, "episodes_total": 4058, "training_iteration": 41, "timestamp": 1605819317, "time_this_iter_s": 31.022627353668213, "time_total_s": 1405.435959815979, "time_since_restore": 1405.435959815979, "timesteps_since_restore": 0, "iterations_since_restore": 41, "custom_metrics/time_step_mean": 3552.123, "custom_metrics/time_step_min": 3359, "custom_metrics/time_step_max": 3969, "sampler_perf/mean_env_wait_ms": 4.6495469400640355, "sampler_perf/mean_raw_obs_processing_ms": 1.0660224516173111, "sampler_perf/mean_inference_ms": 9.723268674468265, "sampler_perf/mean_action_processing_ms": 0.30676404203309504, "timers/sample_time_ms": 18583.562, "timers/sample_throughput": 4387.62, "timers/learn_time_ms": 15610.239, "timers/learn_throughput": 5223.341, "timers/update_time_ms": 13.207, "info/num_steps_sampled": 3358955, "info/num_steps_trained": 3358955, "perf/cpu_util_percent": 48.5475, "perf/ram_util_percent": 20.94, "perf/gpu_util_percent0": 0.37349999999999994, "perf/vram_util_percent0": 0.6120894422147596, "info/learner/default_policy/allreduce_latency": 0.0, "info/learner/default_policy/cur_kl_coeff": 4.5767095903870905, "info/learner/default_policy/cur_lr": 0.00042807857742070807, "info/learner/default_policy/total_loss": 1.642941041426225, "info/learner/default_policy/policy_loss": -0.07071903788230637, "info/learner/default_policy/vf_loss": 1.7646177031777122, "info/learner/default_policy/vf_explained_var": 0.9995256662368774, "info/learner/default_policy/kl": 0.014494579708711668, "info/learner/default_policy/entropy": 0.9047510136257518, "info/learner/default_policy/entropy_coeff": 0.0008268710672822161, "_step": 40, "_runtime": 1421, "_timestamp": 1605819317}