{"nb_episodes": 6710, "avg_best_result": 263.1224747474745, "best_episode": 280.7171717171716, "best_timestep": 3203, "_step": 0, "_runtime": 907, "_timestamp": 1602530017}