{"episode_reward_max": 297.2323232323232, "episode_reward_min": 176.32323232323202, "episode_reward_mean": 257.8238383838381, "episode_len_mean": 873.514, "episodes_this_iter": 99, "num_healthy_workers": 11, "timesteps_total": 3627360, "episodes_total": 4079, "training_iteration": 43, "timestamp": 1605817892, "time_this_iter_s": 37.063042640686035, "time_total_s": 1559.9330410957336, "time_since_restore": 1559.9330410957336, "timesteps_since_restore": 0, "iterations_since_restore": 43, "custom_metrics/time_step_mean": 3366.044, "custom_metrics/time_step_min": 3094, "custom_metrics/time_step_max": 3892, "sampler_perf/mean_env_wait_ms": 4.163296017688807, "sampler_perf/mean_raw_obs_processing_ms": 1.0268938466076203, "sampler_perf/mean_inference_ms": 9.404013019248815, "sampler_perf/mean_action_processing_ms": 0.29439624546180654, "timers/sample_time_ms": 20454.477, "timers/sample_throughput": 4227.358, "timers/learn_time_ms": 16612.236, "timers/learn_throughput": 5205.103, "timers/update_time_ms": 11.774, "info/num_steps_sampled": 3627360, "info/num_steps_trained": 3627360, "perf/cpu_util_percent": 46.51666666666667, "perf/ram_util_percent": 21.00208333333333, "perf/gpu_util_percent0": 0.34, "perf/vram_util_percent0": 0.6120894422147596, "info/learner/default_policy/allreduce_latency": 0.0, "info/learner/default_policy/cur_kl_coeff": 0.2, "info/learner/default_policy/cur_lr": 5e-05, "info/learner/default_policy/total_loss": 149.50852688876066, "info/learner/default_policy/policy_loss": -0.030428592877631836, "info/learner/default_policy/vf_loss": 149.53663219105113, "info/learner/default_policy/vf_explained_var": 0.983273446559906, "info/learner/default_policy/kl": 0.013703377070752058, "info/learner/default_policy/entropy": 0.8415402011437849, "info/learner/default_policy/entropy_coeff": 0.0005000000000000001, "_step": 42, "_runtime": 1574, "_timestamp": 1605817892}