{"episode_reward_max": 267.38383838383817, "episode_reward_min": 140.1111111111112, "episode_reward_mean": 223.9629292929293, "episode_len_mean": 804.989, "episodes_this_iter": 99, "num_healthy_workers": 11, "timesteps_total": 3236093, "episodes_total": 4001, "training_iteration": 40, "timestamp": 1605822183, "time_this_iter_s": 35.39778113365173, "time_total_s": 1402.9897768497467, "time_since_restore": 1402.9897768497467, "timesteps_since_restore": 0, "iterations_since_restore": 40, "custom_metrics/time_step_mean": 3589.85, "custom_metrics/time_step_min": 3314, "custom_metrics/time_step_max": 3893, "sampler_perf/mean_env_wait_ms": 4.602162744981594, "sampler_perf/mean_raw_obs_processing_ms": 1.0196651637734526, "sampler_perf/mean_inference_ms": 9.22340357913737, "sampler_perf/mean_action_processing_ms": 0.2903935876352936, "timers/sample_time_ms": 18955.476, "timers/sample_throughput": 4203.988, "timers/learn_time_ms": 15322.739, "timers/learn_throughput": 5200.676, "timers/update_time_ms": 15.484, "info/num_steps_sampled": 3236093, "info/num_steps_trained": 3236093, "perf/cpu_util_percent": 47.162222222222226, "perf/ram_util_percent": 20.97333333333333, "perf/gpu_util_percent0": 0.29644444444444434, "perf/vram_util_percent0": 0.611761815054468, "info/learner/default_policy/allreduce_latency": 0.0, "info/learner/default_policy/cur_kl_coeff": 3.671810117422716e-13, "info/learner/default_policy/cur_lr": 0.00030661930691521595, "info/learner/default_policy/total_loss": 1.2771796345710755, "info/learner/default_policy/policy_loss": -0.05793761871755123, "info/learner/default_policy/vf_loss": 1.1628726363182067, "info/learner/default_policy/vf_explained_var": 0.9995065927505493, "info/learner/default_policy/kl": 0.019756833836436272, "info/learner/default_policy/entropy": 0.4831171989440918, "info/learner/default_policy/entropy_coeff": 0.0008863837539414653, "_step": 39, "_runtime": 1418, "_timestamp": 1605822183}