{"episode_reward_max": 129.27272727272685, "episode_reward_min": -4.060606060606121, "episode_reward_mean": 78.8232323232321, "episode_len_mean": 812.007, "episodes_this_iter": 132, "num_healthy_workers": 80, "timesteps_total": 7921760, "episodes_total": 9568, "training_iteration": 22, "timestamp": 1606819331, "time_this_iter_s": 27.050678968429565, "time_total_s": 605.9777867794037, "time_since_restore": 605.9777867794037, "timesteps_since_restore": 0, "iterations_since_restore": 22, "timers/sample_time_ms": 8329.512, "timers/sample_throughput": 43229.424, "timers/load_time_ms": 839.675, "timers/load_throughput": 428832.646, "timers/learn_time_ms": 18136.833, "timers/learn_throughput": 19853.522, "timers/update_time_ms": 45.693, "info/num_steps_sampled": 7921760, "info/num_steps_trained": 7921760, "perf/cpu_util_percent": 31.390909090909094, "perf/ram_util_percent": 7.572727272727272, "perf/gpu_util_percent0": 0.5572727272727273, "perf/vram_util_percent0": 0.20277140045916694, "info/learner/default_policy/cur_kl_coeff": 1.964092462003464e-07, "info/learner/default_policy/cur_lr": 0.0004738064017146826, "info/learner/default_policy/total_loss": 74.79574584960938, "info/learner/default_policy/policy_loss": -0.08426658064126968, "info/learner/default_policy/vf_loss": 88.11007690429688, "info/learner/default_policy/vf_explained_var": 0.9405075907707214, "info/learner/default_policy/kl": 0.031707555055618286, "info/learner/default_policy/entropy": 0.5914239287376404, "info/learner/default_policy/entropy_coeff": 0.00900499802082777, "_step": 21, "_runtime": 625, "_timestamp": 1606819331, "custom_metrics/time_step_mean": 2728.572, "custom_metrics/time_step_min": 2506, "custom_metrics/time_step_max": 3040, "sampler_perf/mean_env_wait_ms": 5.136477417917882, "sampler_perf/mean_raw_obs_processing_ms": 1.247489521781227, "sampler_perf/mean_inference_ms": 4.140634240876812, "sampler_perf/mean_action_processing_ms": 0.3676277622948172}